

Microchip MPLAB XC8 Assembler V3.00 build 20241204225717 
                                                                                               Mon Aug 18 14:16:05 2025

Microchip MPLAB XC8 C Compiler v3.00 (Free license) build 20241204225717 Og1 
     1                           	processor	18F4550
     2                           	fnconf	rparam,??,?,0
     3                           	pagewidth 120
     4                           	opt	flic
     5                           	psect	mediumconst,global,reloc=2,class=MEDIUMCONST,space=0,delta=1,noexec
     6                           	psect	cinit,global,reloc=2,class=CODE,space=0,delta=1
     7                           	psect	bssCOMRAM,global,class=COMRAM,space=1,delta=1,lowdata,noexec
     8                           	psect	bssBANK0,global,class=BANK0,space=1,delta=1,lowdata,noexec
     9                           	psect	cstackBANK0,global,class=BANK0,space=1,delta=1,lowdata,noexec
    10                           	psect	cstackCOMRAM,global,class=COMRAM,space=1,delta=1,lowdata,noexec
    11                           	psect	text0,global,reloc=2,class=CODE,space=0,delta=1
    12                           	psect	text1,global,reloc=2,class=CODE,space=0,delta=1
    13                           	psect	text2,global,reloc=2,class=CODE,space=0,delta=1
    14                           	psect	text3,global,reloc=2,class=CODE,space=0,delta=1
    15                           	psect	text4,global,reloc=2,class=CODE,space=0,delta=1
    16                           	psect	text5,global,reloc=2,class=CODE,space=0,delta=1
    17                           	psect	text6,global,reloc=2,class=CODE,space=0,delta=1
    18                           	psect	text7,global,reloc=2,class=CODE,space=0,delta=1,group=2
    19                           	psect	text8,global,reloc=2,class=CODE,space=0,delta=1
    20                           	psect	text9,global,reloc=2,class=CODE,space=0,delta=1
    21                           	psect	text10,global,reloc=2,class=CODE,space=0,delta=1
    22                           	psect	text11,global,reloc=2,class=CODE,space=0,delta=1
    23                           	psect	text12,global,reloc=2,class=CODE,space=0,delta=1
    24                           	psect	intcode,global,reloc=2,class=CODE,space=0,delta=1
    25                           	psect	intcode_body,global,reloc=2,class=CODE,space=0,delta=1
    26                           	psect	text14,global,reloc=2,class=CODE,space=0,delta=1
    27                           	psect	text15,global,reloc=2,class=CODE,space=0,delta=1
    28                           	psect	text16,global,reloc=2,class=CODE,space=0,delta=1
    29                           	psect	text17,global,reloc=2,class=CODE,space=0,delta=1
    30                           	psect	text18,global,reloc=2,class=CODE,space=0,delta=1
    31                           	psect	text19,global,reloc=2,class=CODE,space=0,delta=1
    32                           	psect	text20,global,reloc=2,class=CODE,space=0,delta=1
    33                           	psect	text21,global,reloc=2,class=CODE,space=0,delta=1,group=2
    34                           	psect	text22,global,reloc=2,class=CODE,space=0,delta=1
    35                           	psect	text23,global,reloc=2,class=CODE,space=0,delta=1
    36                           	psect	text24,global,reloc=2,class=CODE,space=0,delta=1
    37                           	psect	text25,global,reloc=2,class=CODE,space=0,delta=1
    38                           	psect	text26,global,reloc=2,class=CODE,space=0,delta=1
    39                           	psect	text27,global,reloc=2,class=CODE,space=0,delta=1
    40                           	psect	text28,global,reloc=2,class=CODE,space=0,delta=1
    41                           	psect	text29,global,reloc=2,class=CODE,space=0,delta=1
    42                           	psect	text30,global,reloc=2,class=CODE,space=0,delta=1
    43                           	psect	text31,global,reloc=2,class=CODE,space=0,delta=1
    44                           	psect	text32,global,reloc=2,class=CODE,space=0,delta=1
    45                           	psect	text33,global,reloc=2,class=CODE,space=0,delta=1
    46                           	psect	text34,global,reloc=2,class=CODE,space=0,delta=1
    47                           	psect	text35,global,reloc=2,class=CODE,space=0,delta=1
    48                           	psect	text36,global,reloc=2,class=CODE,space=0,delta=1
    49                           	psect	text37,global,reloc=2,class=CODE,space=0,delta=1
    50                           	psect	text38,global,reloc=2,class=CODE,space=0,delta=1
    51                           	psect	text39,global,reloc=2,class=CODE,space=0,delta=1
    52                           	psect	text40,global,reloc=2,class=CODE,space=0,delta=1
    53                           	psect	text41,global,reloc=2,class=CODE,space=0,delta=1
    54                           	psect	text42,global,reloc=2,class=CODE,space=0,delta=1
    55                           	psect	text43,global,reloc=2,class=CODE,space=0,delta=1
    56                           	psect	text44,global,reloc=2,class=CODE,space=0,delta=1
    57                           	psect	text45,global,reloc=2,class=CODE,space=0,delta=1
    58                           	psect	text46,global,reloc=2,class=CODE,space=0,delta=1
    59                           	psect	text47,global,reloc=2,class=CODE,space=0,delta=1
    60                           	psect	text48,global,reloc=2,class=CODE,space=0,delta=1
    61                           	psect	text49,global,reloc=2,class=CODE,space=0,delta=1
    62                           	psect	text50,global,reloc=2,class=CODE,space=0,delta=1
    63                           	psect	text51,global,reloc=2,class=CODE,space=0,delta=1
    64                           	psect	intsave_regs,global,class=BIGRAM,space=1,delta=1,noexec
    65                           	psect	rparam,global,class=COMRAM,space=1,delta=1,noexec
    66                           	psect	temp,global,ovrld,common,class=COMRAM,space=1,delta=1,lowdata
    67                           	psect	config,global,abs,ovrld,class=CONFIG,space=4,delta=1,noexec
    68                           	dabs	1,0x420,8,_SetupPkt
    69                           	dabs	1,0x400,32,_BDT
    70                           	dabs	1,0x500,8,_inputReport
    71                           	dabs	1,0x428,8,_CtrlTrfData
    72                           	dabs	1,0x508,1,_outputReport
    73   000000                     
    74                           ; Generated 17/01/2025 GMT
    75                           ; 
    76                           ; Copyright © 2025, Microchip Technology Inc. and its subsidiaries ("Microchip")
    77                           ; All rights reserved.
    78                           ; 
    79                           ; This software is developed by Microchip Technology Inc. and its subsidiaries ("Microch
      +                          ip").
    80                           ; 
    81                           ; Redistribution and use in source and binary forms, with or without modification, are
    82                           ; permitted provided that the following conditions are met:
    83                           ; 
    84                           ;     1. Redistributions of source code must retain the above copyright notice, this lis
      +                          t of
    85                           ;        conditions and the following disclaimer.
    86                           ; 
    87                           ;     2. Redistributions in binary form must reproduce the above copyright notice, this 
      +                          list
    88                           ;        of conditions and the following disclaimer in the documentation and/or other
    89                           ;        materials provided with the distribution. Publication is not required when
    90                           ;        this file is used in an embedded application.
    91                           ; 
    92                           ;     3. Microchip's name may not be used to endorse or promote products derived from th
      +                          is
    93                           ;        software without specific prior written permission.
    94                           ; 
    95                           ; THIS SOFTWARE IS PROVIDED BY MICROCHIP "AS IS" AND ANY EXPRESS OR IMPLIED WARRANTIES,
    96                           ; INCLUDING, BUT NOT LIMITED TO, THE IMPLIED WARRANTIES OF MERCHANTABILITY AND FITNESS F
      +                          OR
    97                           ; PURPOSE ARE DISCLAIMED.  IN NO EVENT SHALL MICROCHIP BE LIABLE FOR ANY DIRECT, INDIREC
      +                          T,
    98                           ; INCIDENTAL, SPECIAL, EXEMPLARY, OR CONSEQUENTIAL DAMAGES (INCLUDING BUT NOT LIMITED TO
    99                           ; PROCUREMENT OF SUBSTITUTE GOODS OR SERVICES; LOSS OF USE, DATA OR PROFITS; OR BUSINESS
   100                           ; INTERRUPTION) HOWSOEVER CAUSED AND ON ANY THEORY OF LIABILITY, WHETHER IN CONTRACT, ST
      +                          RICT
   101                           ; LIABILITY, OR TORT (INCLUDING NEGLIGENCE OR OTHERWISE) ARISING IN ANY WAY OUT OF THE U
      +                          SE OF
   102                           ; THIS SOFTWARE, EVEN IF ADVISED OF THE POSSIBILITY OF SUCH DAMAGE.
   103                           ; 
   104                           ; 
   105                           ; Code-generator required, PIC18F4550 Definitions
   106                           ; 
   107                           ; SFR Addresses
   108   000FE0                     bsr             equ	4064
   109   000FE9                     fsr0            equ	4073
   110   000FEA                     fsr0h           equ	4074
   111   000FE9                     fsr0l           equ	4073
   112   000FE1                     fsr1            equ	4065
   113   000FE2                     fsr1h           equ	4066
   114   000FE1                     fsr1l           equ	4065
   115   000FD9                     fsr2            equ	4057
   116   000FDA                     fsr2h           equ	4058
   117   000FD9                     fsr2l           equ	4057
   118   000FEF                     indf0           equ	4079
   119   000FE7                     indf1           equ	4071
   120   000FDF                     indf2           equ	4063
   121   000FF2                     intcon          equ	4082
   122   000000                     nvmcon          equ	0
   123   000FF9                     pcl             equ	4089
   124   000FFA                     pclath          equ	4090
   125   000FFB                     pclatu          equ	4091
   126   000FEB                     plusw0          equ	4075
   127   000FE3                     plusw1          equ	4067
   128   000FDB                     plusw2          equ	4059
   129   000FED                     postdec0        equ	4077
   130   000FE5                     postdec1        equ	4069
   131   000FDD                     postdec2        equ	4061
   132   000FEE                     postinc0        equ	4078
   133   000FE6                     postinc1        equ	4070
   134   000FDE                     postinc2        equ	4062
   135   000FEC                     preinc0         equ	4076
   136   000FE4                     preinc1         equ	4068
   137   000FDC                     preinc2         equ	4060
   138   000FF3                     prod            equ	4083
   139   000FF4                     prodh           equ	4084
   140   000FF3                     prodl           equ	4083
   141   000FD8                     status          equ	4056
   142   000FF5                     tablat          equ	4085
   143   000FF6                     tblptr          equ	4086
   144   000FF7                     tblptrh         equ	4087
   145   000FF6                     tblptrl         equ	4086
   146   000FF8                     tblptru         equ	4088
   147   000FFD                     tosl            equ	4093
   148   000FE8                     wreg            equ	4072
   149   000F62                     SPPDATA         equ	3938	;# 
   150   000F63                     SPPCFG          equ	3939	;# 
   151   000F64                     SPPEPS          equ	3940	;# 
   152   000F65                     SPPCON          equ	3941	;# 
   153   000F66                     UFRM            equ	3942	;# 
   154   000F66                     UFRML           equ	3942	;# 
   155   000F67                     UFRMH           equ	3943	;# 
   156   000F68                     UIR             equ	3944	;# 
   157   000F69                     UIE             equ	3945	;# 
   158   000F6A                     UEIR            equ	3946	;# 
   159   000F6B                     UEIE            equ	3947	;# 
   160   000F6C                     USTAT           equ	3948	;# 
   161   000F6D                     UCON            equ	3949	;# 
   162   000F6E                     UADDR           equ	3950	;# 
   163   000F6F                     UCFG            equ	3951	;# 
   164   000F70                     UEP0            equ	3952	;# 
   165   000F71                     UEP1            equ	3953	;# 
   166   000F72                     UEP2            equ	3954	;# 
   167   000F73                     UEP3            equ	3955	;# 
   168   000F74                     UEP4            equ	3956	;# 
   169   000F75                     UEP5            equ	3957	;# 
   170   000F76                     UEP6            equ	3958	;# 
   171   000F77                     UEP7            equ	3959	;# 
   172   000F78                     UEP8            equ	3960	;# 
   173   000F79                     UEP9            equ	3961	;# 
   174   000F7A                     UEP10           equ	3962	;# 
   175   000F7B                     UEP11           equ	3963	;# 
   176   000F7C                     UEP12           equ	3964	;# 
   177   000F7D                     UEP13           equ	3965	;# 
   178   000F7E                     UEP14           equ	3966	;# 
   179   000F7F                     UEP15           equ	3967	;# 
   180   000F80                     PORTA           equ	3968	;# 
   181   000F81                     PORTB           equ	3969	;# 
   182   000F82                     PORTC           equ	3970	;# 
   183   000F83                     PORTD           equ	3971	;# 
   184   000F84                     PORTE           equ	3972	;# 
   185   000F89                     LATA            equ	3977	;# 
   186   000F8A                     LATB            equ	3978	;# 
   187   000F8B                     LATC            equ	3979	;# 
   188   000F8C                     LATD            equ	3980	;# 
   189   000F8D                     LATE            equ	3981	;# 
   190   000F92                     TRISA           equ	3986	;# 
   191   000F92                     DDRA            equ	3986	;# 
   192   000F93                     TRISB           equ	3987	;# 
   193   000F93                     DDRB            equ	3987	;# 
   194   000F94                     TRISC           equ	3988	;# 
   195   000F94                     DDRC            equ	3988	;# 
   196   000F95                     TRISD           equ	3989	;# 
   197   000F95                     DDRD            equ	3989	;# 
   198   000F96                     TRISE           equ	3990	;# 
   199   000F96                     DDRE            equ	3990	;# 
   200   000F9B                     OSCTUNE         equ	3995	;# 
   201   000F9D                     PIE1            equ	3997	;# 
   202   000F9E                     PIR1            equ	3998	;# 
   203   000F9F                     IPR1            equ	3999	;# 
   204   000FA0                     PIE2            equ	4000	;# 
   205   000FA1                     PIR2            equ	4001	;# 
   206   000FA2                     IPR2            equ	4002	;# 
   207   000FA6                     EECON1          equ	4006	;# 
   208   000FA7                     EECON2          equ	4007	;# 
   209   000FA8                     EEDATA          equ	4008	;# 
   210   000FA9                     EEADR           equ	4009	;# 
   211   000FAB                     RCSTA           equ	4011	;# 
   212   000FAB                     RCSTA1          equ	4011	;# 
   213   000FAC                     TXSTA           equ	4012	;# 
   214   000FAC                     TXSTA1          equ	4012	;# 
   215   000FAD                     TXREG           equ	4013	;# 
   216   000FAD                     TXREG1          equ	4013	;# 
   217   000FAE                     RCREG           equ	4014	;# 
   218   000FAE                     RCREG1          equ	4014	;# 
   219   000FAF                     SPBRG           equ	4015	;# 
   220   000FAF                     SPBRG1          equ	4015	;# 
   221   000FB0                     SPBRGH          equ	4016	;# 
   222   000FB1                     T3CON           equ	4017	;# 
   223   000FB2                     TMR3            equ	4018	;# 
   224   000FB2                     TMR3L           equ	4018	;# 
   225   000FB3                     TMR3H           equ	4019	;# 
   226   000FB4                     CMCON           equ	4020	;# 
   227   000FB5                     CVRCON          equ	4021	;# 
   228   000FB6                     ECCP1AS         equ	4022	;# 
   229   000FB6                     CCP1AS          equ	4022	;# 
   230   000FB7                     ECCP1DEL        equ	4023	;# 
   231   000FB7                     CCP1DEL         equ	4023	;# 
   232   000FB8                     BAUDCON         equ	4024	;# 
   233   000FB8                     BAUDCTL         equ	4024	;# 
   234   000FBA                     CCP2CON         equ	4026	;# 
   235   000FBB                     CCPR2           equ	4027	;# 
   236   000FBB                     CCPR2L          equ	4027	;# 
   237   000FBC                     CCPR2H          equ	4028	;# 
   238   000FBD                     CCP1CON         equ	4029	;# 
   239   000FBD                     ECCP1CON        equ	4029	;# 
   240   000FBE                     CCPR1           equ	4030	;# 
   241   000FBE                     CCPR1L          equ	4030	;# 
   242   000FBF                     CCPR1H          equ	4031	;# 
   243   000FC0                     ADCON2          equ	4032	;# 
   244   000FC1                     ADCON1          equ	4033	;# 
   245   000FC2                     ADCON0          equ	4034	;# 
   246   000FC3                     ADRES           equ	4035	;# 
   247   000FC3                     ADRESL          equ	4035	;# 
   248   000FC4                     ADRESH          equ	4036	;# 
   249   000FC5                     SSPCON2         equ	4037	;# 
   250   000FC6                     SSPCON1         equ	4038	;# 
   251   000FC7                     SSPSTAT         equ	4039	;# 
   252   000FC8                     SSPADD          equ	4040	;# 
   253   000FC9                     SSPBUF          equ	4041	;# 
   254   000FCA                     T2CON           equ	4042	;# 
   255   000FCB                     PR2             equ	4043	;# 
   256   000FCB                     MEMCON          equ	4043	;# 
   257   000FCC                     TMR2            equ	4044	;# 
   258   000FCD                     T1CON           equ	4045	;# 
   259   000FCE                     TMR1            equ	4046	;# 
   260   000FCE                     TMR1L           equ	4046	;# 
   261   000FCF                     TMR1H           equ	4047	;# 
   262   000FD0                     RCON            equ	4048	;# 
   263   000FD1                     WDTCON          equ	4049	;# 
   264   000FD2                     HLVDCON         equ	4050	;# 
   265   000FD2                     LVDCON          equ	4050	;# 
   266   000FD3                     OSCCON          equ	4051	;# 
   267   000FD5                     T0CON           equ	4053	;# 
   268   000FD6                     TMR0            equ	4054	;# 
   269   000FD6                     TMR0L           equ	4054	;# 
   270   000FD7                     TMR0H           equ	4055	;# 
   271   000FD8                     STATUS          equ	4056	;# 
   272   000FD9                     FSR2            equ	4057	;# 
   273   000FD9                     FSR2L           equ	4057	;# 
   274   000FDA                     FSR2H           equ	4058	;# 
   275   000FDB                     PLUSW2          equ	4059	;# 
   276   000FDC                     PREINC2         equ	4060	;# 
   277   000FDD                     POSTDEC2        equ	4061	;# 
   278   000FDE                     POSTINC2        equ	4062	;# 
   279   000FDF                     INDF2           equ	4063	;# 
   280   000FE0                     BSR             equ	4064	;# 
   281   000FE1                     FSR1            equ	4065	;# 
   282   000FE1                     FSR1L           equ	4065	;# 
   283   000FE2                     FSR1H           equ	4066	;# 
   284   000FE3                     PLUSW1          equ	4067	;# 
   285   000FE4                     PREINC1         equ	4068	;# 
   286   000FE5                     POSTDEC1        equ	4069	;# 
   287   000FE6                     POSTINC1        equ	4070	;# 
   288   000FE7                     INDF1           equ	4071	;# 
   289   000FE8                     WREG            equ	4072	;# 
   290   000FE9                     FSR0            equ	4073	;# 
   291   000FE9                     FSR0L           equ	4073	;# 
   292   000FEA                     FSR0H           equ	4074	;# 
   293   000FEB                     PLUSW0          equ	4075	;# 
   294   000FEC                     PREINC0         equ	4076	;# 
   295   000FED                     POSTDEC0        equ	4077	;# 
   296   000FEE                     POSTINC0        equ	4078	;# 
   297   000FEF                     INDF0           equ	4079	;# 
   298   000FF0                     INTCON3         equ	4080	;# 
   299   000FF1                     INTCON2         equ	4081	;# 
   300   000FF2                     INTCON          equ	4082	;# 
   301   000FF3                     PROD            equ	4083	;# 
   302   000FF3                     PRODL           equ	4083	;# 
   303   000FF4                     PRODH           equ	4084	;# 
   304   000FF5                     TABLAT          equ	4085	;# 
   305   000FF6                     TBLPTR          equ	4086	;# 
   306   000FF6                     TBLPTRL         equ	4086	;# 
   307   000FF7                     TBLPTRH         equ	4087	;# 
   308   000FF8                     TBLPTRU         equ	4088	;# 
   309   000FF9                     PCLAT           equ	4089	;# 
   310   000FF9                     PC              equ	4089	;# 
   311   000FF9                     PCL             equ	4089	;# 
   312   000FFA                     PCLATH          equ	4090	;# 
   313   000FFB                     PCLATU          equ	4091	;# 
   314   000FFC                     STKPTR          equ	4092	;# 
   315   000FFD                     TOS             equ	4093	;# 
   316   000FFD                     TOSL            equ	4093	;# 
   317   000FFE                     TOSH            equ	4094	;# 
   318   000FFF                     TOSU            equ	4095	;# 
   319   000F62                     SPPDATA         equ	3938	;# 
   320   000F63                     SPPCFG          equ	3939	;# 
   321   000F64                     SPPEPS          equ	3940	;# 
   322   000F65                     SPPCON          equ	3941	;# 
   323   000F66                     UFRM            equ	3942	;# 
   324   000F66                     UFRML           equ	3942	;# 
   325   000F67                     UFRMH           equ	3943	;# 
   326   000F68                     UIR             equ	3944	;# 
   327   000F69                     UIE             equ	3945	;# 
   328   000F6A                     UEIR            equ	3946	;# 
   329   000F6B                     UEIE            equ	3947	;# 
   330   000F6C                     USTAT           equ	3948	;# 
   331   000F6D                     UCON            equ	3949	;# 
   332   000F6E                     UADDR           equ	3950	;# 
   333   000F6F                     UCFG            equ	3951	;# 
   334   000F70                     UEP0            equ	3952	;# 
   335   000F71                     UEP1            equ	3953	;# 
   336   000F72                     UEP2            equ	3954	;# 
   337   000F73                     UEP3            equ	3955	;# 
   338   000F74                     UEP4            equ	3956	;# 
   339   000F75                     UEP5            equ	3957	;# 
   340   000F76                     UEP6            equ	3958	;# 
   341   000F77                     UEP7            equ	3959	;# 
   342   000F78                     UEP8            equ	3960	;# 
   343   000F79                     UEP9            equ	3961	;# 
   344   000F7A                     UEP10           equ	3962	;# 
   345   000F7B                     UEP11           equ	3963	;# 
   346   000F7C                     UEP12           equ	3964	;# 
   347   000F7D                     UEP13           equ	3965	;# 
   348   000F7E                     UEP14           equ	3966	;# 
   349   000F7F                     UEP15           equ	3967	;# 
   350   000F80                     PORTA           equ	3968	;# 
   351   000F81                     PORTB           equ	3969	;# 
   352   000F82                     PORTC           equ	3970	;# 
   353   000F83                     PORTD           equ	3971	;# 
   354   000F84                     PORTE           equ	3972	;# 
   355   000F89                     LATA            equ	3977	;# 
   356   000F8A                     LATB            equ	3978	;# 
   357   000F8B                     LATC            equ	3979	;# 
   358   000F8C                     LATD            equ	3980	;# 
   359   000F8D                     LATE            equ	3981	;# 
   360   000F92                     TRISA           equ	3986	;# 
   361   000F92                     DDRA            equ	3986	;# 
   362   000F93                     TRISB           equ	3987	;# 
   363   000F93                     DDRB            equ	3987	;# 
   364   000F94                     TRISC           equ	3988	;# 
   365   000F94                     DDRC            equ	3988	;# 
   366   000F95                     TRISD           equ	3989	;# 
   367   000F95                     DDRD            equ	3989	;# 
   368   000F96                     TRISE           equ	3990	;# 
   369   000F96                     DDRE            equ	3990	;# 
   370   000F9B                     OSCTUNE         equ	3995	;# 
   371   000F9D                     PIE1            equ	3997	;# 
   372   000F9E                     PIR1            equ	3998	;# 
   373   000F9F                     IPR1            equ	3999	;# 
   374   000FA0                     PIE2            equ	4000	;# 
   375   000FA1                     PIR2            equ	4001	;# 
   376   000FA2                     IPR2            equ	4002	;# 
   377   000FA6                     EECON1          equ	4006	;# 
   378   000FA7                     EECON2          equ	4007	;# 
   379   000FA8                     EEDATA          equ	4008	;# 
   380   000FA9                     EEADR           equ	4009	;# 
   381   000FAB                     RCSTA           equ	4011	;# 
   382   000FAB                     RCSTA1          equ	4011	;# 
   383   000FAC                     TXSTA           equ	4012	;# 
   384   000FAC                     TXSTA1          equ	4012	;# 
   385   000FAD                     TXREG           equ	4013	;# 
   386   000FAD                     TXREG1          equ	4013	;# 
   387   000FAE                     RCREG           equ	4014	;# 
   388   000FAE                     RCREG1          equ	4014	;# 
   389   000FAF                     SPBRG           equ	4015	;# 
   390   000FAF                     SPBRG1          equ	4015	;# 
   391   000FB0                     SPBRGH          equ	4016	;# 
   392   000FB1                     T3CON           equ	4017	;# 
   393   000FB2                     TMR3            equ	4018	;# 
   394   000FB2                     TMR3L           equ	4018	;# 
   395   000FB3                     TMR3H           equ	4019	;# 
   396   000FB4                     CMCON           equ	4020	;# 
   397   000FB5                     CVRCON          equ	4021	;# 
   398   000FB6                     ECCP1AS         equ	4022	;# 
   399   000FB6                     CCP1AS          equ	4022	;# 
   400   000FB7                     ECCP1DEL        equ	4023	;# 
   401   000FB7                     CCP1DEL         equ	4023	;# 
   402   000FB8                     BAUDCON         equ	4024	;# 
   403   000FB8                     BAUDCTL         equ	4024	;# 
   404   000FBA                     CCP2CON         equ	4026	;# 
   405   000FBB                     CCPR2           equ	4027	;# 
   406   000FBB                     CCPR2L          equ	4027	;# 
   407   000FBC                     CCPR2H          equ	4028	;# 
   408   000FBD                     CCP1CON         equ	4029	;# 
   409   000FBD                     ECCP1CON        equ	4029	;# 
   410   000FBE                     CCPR1           equ	4030	;# 
   411   000FBE                     CCPR1L          equ	4030	;# 
   412   000FBF                     CCPR1H          equ	4031	;# 
   413   000FC0                     ADCON2          equ	4032	;# 
   414   000FC1                     ADCON1          equ	4033	;# 
   415   000FC2                     ADCON0          equ	4034	;# 
   416   000FC3                     ADRES           equ	4035	;# 
   417   000FC3                     ADRESL          equ	4035	;# 
   418   000FC4                     ADRESH          equ	4036	;# 
   419   000FC5                     SSPCON2         equ	4037	;# 
   420   000FC6                     SSPCON1         equ	4038	;# 
   421   000FC7                     SSPSTAT         equ	4039	;# 
   422   000FC8                     SSPADD          equ	4040	;# 
   423   000FC9                     SSPBUF          equ	4041	;# 
   424   000FCA                     T2CON           equ	4042	;# 
   425   000FCB                     PR2             equ	4043	;# 
   426   000FCB                     MEMCON          equ	4043	;# 
   427   000FCC                     TMR2            equ	4044	;# 
   428   000FCD                     T1CON           equ	4045	;# 
   429   000FCE                     TMR1            equ	4046	;# 
   430   000FCE                     TMR1L           equ	4046	;# 
   431   000FCF                     TMR1H           equ	4047	;# 
   432   000FD0                     RCON            equ	4048	;# 
   433   000FD1                     WDTCON          equ	4049	;# 
   434   000FD2                     HLVDCON         equ	4050	;# 
   435   000FD2                     LVDCON          equ	4050	;# 
   436   000FD3                     OSCCON          equ	4051	;# 
   437   000FD5                     T0CON           equ	4053	;# 
   438   000FD6                     TMR0            equ	4054	;# 
   439   000FD6                     TMR0L           equ	4054	;# 
   440   000FD7                     TMR0H           equ	4055	;# 
   441   000FD8                     STATUS          equ	4056	;# 
   442   000FD9                     FSR2            equ	4057	;# 
   443   000FD9                     FSR2L           equ	4057	;# 
   444   000FDA                     FSR2H           equ	4058	;# 
   445   000FDB                     PLUSW2          equ	4059	;# 
   446   000FDC                     PREINC2         equ	4060	;# 
   447   000FDD                     POSTDEC2        equ	4061	;# 
   448   000FDE                     POSTINC2        equ	4062	;# 
   449   000FDF                     INDF2           equ	4063	;# 
   450   000FE0                     BSR             equ	4064	;# 
   451   000FE1                     FSR1            equ	4065	;# 
   452   000FE1                     FSR1L           equ	4065	;# 
   453   000FE2                     FSR1H           equ	4066	;# 
   454   000FE3                     PLUSW1          equ	4067	;# 
   455   000FE4                     PREINC1         equ	4068	;# 
   456   000FE5                     POSTDEC1        equ	4069	;# 
   457   000FE6                     POSTINC1        equ	4070	;# 
   458   000FE7                     INDF1           equ	4071	;# 
   459   000FE8                     WREG            equ	4072	;# 
   460   000FE9                     FSR0            equ	4073	;# 
   461   000FE9                     FSR0L           equ	4073	;# 
   462   000FEA                     FSR0H           equ	4074	;# 
   463   000FEB                     PLUSW0          equ	4075	;# 
   464   000FEC                     PREINC0         equ	4076	;# 
   465   000FED                     POSTDEC0        equ	4077	;# 
   466   000FEE                     POSTINC0        equ	4078	;# 
   467   000FEF                     INDF0           equ	4079	;# 
   468   000FF0                     INTCON3         equ	4080	;# 
   469   000FF1                     INTCON2         equ	4081	;# 
   470   000FF2                     INTCON          equ	4082	;# 
   471   000FF3                     PROD            equ	4083	;# 
   472   000FF3                     PRODL           equ	4083	;# 
   473   000FF4                     PRODH           equ	4084	;# 
   474   000FF5                     TABLAT          equ	4085	;# 
   475   000FF6                     TBLPTR          equ	4086	;# 
   476   000FF6                     TBLPTRL         equ	4086	;# 
   477   000FF7                     TBLPTRH         equ	4087	;# 
   478   000FF8                     TBLPTRU         equ	4088	;# 
   479   000FF9                     PCLAT           equ	4089	;# 
   480   000FF9                     PC              equ	4089	;# 
   481   000FF9                     PCL             equ	4089	;# 
   482   000FFA                     PCLATH          equ	4090	;# 
   483   000FFB                     PCLATU          equ	4091	;# 
   484   000FFC                     STKPTR          equ	4092	;# 
   485   000FFD                     TOS             equ	4093	;# 
   486   000FFD                     TOSL            equ	4093	;# 
   487   000FFE                     TOSH            equ	4094	;# 
   488   000FFF                     TOSU            equ	4095	;# 
   489   000F62                     SPPDATA         equ	3938	;# 
   490   000F63                     SPPCFG          equ	3939	;# 
   491   000F64                     SPPEPS          equ	3940	;# 
   492   000F65                     SPPCON          equ	3941	;# 
   493   000F66                     UFRM            equ	3942	;# 
   494   000F66                     UFRML           equ	3942	;# 
   495   000F67                     UFRMH           equ	3943	;# 
   496   000F68                     UIR             equ	3944	;# 
   497   000F69                     UIE             equ	3945	;# 
   498   000F6A                     UEIR            equ	3946	;# 
   499   000F6B                     UEIE            equ	3947	;# 
   500   000F6C                     USTAT           equ	3948	;# 
   501   000F6D                     UCON            equ	3949	;# 
   502   000F6E                     UADDR           equ	3950	;# 
   503   000F6F                     UCFG            equ	3951	;# 
   504   000F70                     UEP0            equ	3952	;# 
   505   000F71                     UEP1            equ	3953	;# 
   506   000F72                     UEP2            equ	3954	;# 
   507   000F73                     UEP3            equ	3955	;# 
   508   000F74                     UEP4            equ	3956	;# 
   509   000F75                     UEP5            equ	3957	;# 
   510   000F76                     UEP6            equ	3958	;# 
   511   000F77                     UEP7            equ	3959	;# 
   512   000F78                     UEP8            equ	3960	;# 
   513   000F79                     UEP9            equ	3961	;# 
   514   000F7A                     UEP10           equ	3962	;# 
   515   000F7B                     UEP11           equ	3963	;# 
   516   000F7C                     UEP12           equ	3964	;# 
   517   000F7D                     UEP13           equ	3965	;# 
   518   000F7E                     UEP14           equ	3966	;# 
   519   000F7F                     UEP15           equ	3967	;# 
   520   000F80                     PORTA           equ	3968	;# 
   521   000F81                     PORTB           equ	3969	;# 
   522   000F82                     PORTC           equ	3970	;# 
   523   000F83                     PORTD           equ	3971	;# 
   524   000F84                     PORTE           equ	3972	;# 
   525   000F89                     LATA            equ	3977	;# 
   526   000F8A                     LATB            equ	3978	;# 
   527   000F8B                     LATC            equ	3979	;# 
   528   000F8C                     LATD            equ	3980	;# 
   529   000F8D                     LATE            equ	3981	;# 
   530   000F92                     TRISA           equ	3986	;# 
   531   000F92                     DDRA            equ	3986	;# 
   532   000F93                     TRISB           equ	3987	;# 
   533   000F93                     DDRB            equ	3987	;# 
   534   000F94                     TRISC           equ	3988	;# 
   535   000F94                     DDRC            equ	3988	;# 
   536   000F95                     TRISD           equ	3989	;# 
   537   000F95                     DDRD            equ	3989	;# 
   538   000F96                     TRISE           equ	3990	;# 
   539   000F96                     DDRE            equ	3990	;# 
   540   000F9B                     OSCTUNE         equ	3995	;# 
   541   000F9D                     PIE1            equ	3997	;# 
   542   000F9E                     PIR1            equ	3998	;# 
   543   000F9F                     IPR1            equ	3999	;# 
   544   000FA0                     PIE2            equ	4000	;# 
   545   000FA1                     PIR2            equ	4001	;# 
   546   000FA2                     IPR2            equ	4002	;# 
   547   000FA6                     EECON1          equ	4006	;# 
   548   000FA7                     EECON2          equ	4007	;# 
   549   000FA8                     EEDATA          equ	4008	;# 
   550   000FA9                     EEADR           equ	4009	;# 
   551   000FAB                     RCSTA           equ	4011	;# 
   552   000FAB                     RCSTA1          equ	4011	;# 
   553   000FAC                     TXSTA           equ	4012	;# 
   554   000FAC                     TXSTA1          equ	4012	;# 
   555   000FAD                     TXREG           equ	4013	;# 
   556   000FAD                     TXREG1          equ	4013	;# 
   557   000FAE                     RCREG           equ	4014	;# 
   558   000FAE                     RCREG1          equ	4014	;# 
   559   000FAF                     SPBRG           equ	4015	;# 
   560   000FAF                     SPBRG1          equ	4015	;# 
   561   000FB0                     SPBRGH          equ	4016	;# 
   562   000FB1                     T3CON           equ	4017	;# 
   563   000FB2                     TMR3            equ	4018	;# 
   564   000FB2                     TMR3L           equ	4018	;# 
   565   000FB3                     TMR3H           equ	4019	;# 
   566   000FB4                     CMCON           equ	4020	;# 
   567   000FB5                     CVRCON          equ	4021	;# 
   568   000FB6                     ECCP1AS         equ	4022	;# 
   569   000FB6                     CCP1AS          equ	4022	;# 
   570   000FB7                     ECCP1DEL        equ	4023	;# 
   571   000FB7                     CCP1DEL         equ	4023	;# 
   572   000FB8                     BAUDCON         equ	4024	;# 
   573   000FB8                     BAUDCTL         equ	4024	;# 
   574   000FBA                     CCP2CON         equ	4026	;# 
   575   000FBB                     CCPR2           equ	4027	;# 
   576   000FBB                     CCPR2L          equ	4027	;# 
   577   000FBC                     CCPR2H          equ	4028	;# 
   578   000FBD                     CCP1CON         equ	4029	;# 
   579   000FBD                     ECCP1CON        equ	4029	;# 
   580   000FBE                     CCPR1           equ	4030	;# 
   581   000FBE                     CCPR1L          equ	4030	;# 
   582   000FBF                     CCPR1H          equ	4031	;# 
   583   000FC0                     ADCON2          equ	4032	;# 
   584   000FC1                     ADCON1          equ	4033	;# 
   585   000FC2                     ADCON0          equ	4034	;# 
   586   000FC3                     ADRES           equ	4035	;# 
   587   000FC3                     ADRESL          equ	4035	;# 
   588   000FC4                     ADRESH          equ	4036	;# 
   589   000FC5                     SSPCON2         equ	4037	;# 
   590   000FC6                     SSPCON1         equ	4038	;# 
   591   000FC7                     SSPSTAT         equ	4039	;# 
   592   000FC8                     SSPADD          equ	4040	;# 
   593   000FC9                     SSPBUF          equ	4041	;# 
   594   000FCA                     T2CON           equ	4042	;# 
   595   000FCB                     PR2             equ	4043	;# 
   596   000FCB                     MEMCON          equ	4043	;# 
   597   000FCC                     TMR2            equ	4044	;# 
   598   000FCD                     T1CON           equ	4045	;# 
   599   000FCE                     TMR1            equ	4046	;# 
   600   000FCE                     TMR1L           equ	4046	;# 
   601   000FCF                     TMR1H           equ	4047	;# 
   602   000FD0                     RCON            equ	4048	;# 
   603   000FD1                     WDTCON          equ	4049	;# 
   604   000FD2                     HLVDCON         equ	4050	;# 
   605   000FD2                     LVDCON          equ	4050	;# 
   606   000FD3                     OSCCON          equ	4051	;# 
   607   000FD5                     T0CON           equ	4053	;# 
   608   000FD6                     TMR0            equ	4054	;# 
   609   000FD6                     TMR0L           equ	4054	;# 
   610   000FD7                     TMR0H           equ	4055	;# 
   611   000FD8                     STATUS          equ	4056	;# 
   612   000FD9                     FSR2            equ	4057	;# 
   613   000FD9                     FSR2L           equ	4057	;# 
   614   000FDA                     FSR2H           equ	4058	;# 
   615   000FDB                     PLUSW2          equ	4059	;# 
   616   000FDC                     PREINC2         equ	4060	;# 
   617   000FDD                     POSTDEC2        equ	4061	;# 
   618   000FDE                     POSTINC2        equ	4062	;# 
   619   000FDF                     INDF2           equ	4063	;# 
   620   000FE0                     BSR             equ	4064	;# 
   621   000FE1                     FSR1            equ	4065	;# 
   622   000FE1                     FSR1L           equ	4065	;# 
   623   000FE2                     FSR1H           equ	4066	;# 
   624   000FE3                     PLUSW1          equ	4067	;# 
   625   000FE4                     PREINC1         equ	4068	;# 
   626   000FE5                     POSTDEC1        equ	4069	;# 
   627   000FE6                     POSTINC1        equ	4070	;# 
   628   000FE7                     INDF1           equ	4071	;# 
   629   000FE8                     WREG            equ	4072	;# 
   630   000FE9                     FSR0            equ	4073	;# 
   631   000FE9                     FSR0L           equ	4073	;# 
   632   000FEA                     FSR0H           equ	4074	;# 
   633   000FEB                     PLUSW0          equ	4075	;# 
   634   000FEC                     PREINC0         equ	4076	;# 
   635   000FED                     POSTDEC0        equ	4077	;# 
   636   000FEE                     POSTINC0        equ	4078	;# 
   637   000FEF                     INDF0           equ	4079	;# 
   638   000FF0                     INTCON3         equ	4080	;# 
   639   000FF1                     INTCON2         equ	4081	;# 
   640   000FF2                     INTCON          equ	4082	;# 
   641   000FF3                     PROD            equ	4083	;# 
   642   000FF3                     PRODL           equ	4083	;# 
   643   000FF4                     PRODH           equ	4084	;# 
   644   000FF5                     TABLAT          equ	4085	;# 
   645   000FF6                     TBLPTR          equ	4086	;# 
   646   000FF6                     TBLPTRL         equ	4086	;# 
   647   000FF7                     TBLPTRH         equ	4087	;# 
   648   000FF8                     TBLPTRU         equ	4088	;# 
   649   000FF9                     PCLAT           equ	4089	;# 
   650   000FF9                     PC              equ	4089	;# 
   651   000FF9                     PCL             equ	4089	;# 
   652   000FFA                     PCLATH          equ	4090	;# 
   653   000FFB                     PCLATU          equ	4091	;# 
   654   000FFC                     STKPTR          equ	4092	;# 
   655   000FFD                     TOS             equ	4093	;# 
   656   000FFD                     TOSL            equ	4093	;# 
   657   000FFE                     TOSH            equ	4094	;# 
   658   000FFF                     TOSU            equ	4095	;# 
   659   000F62                     SPPDATA         equ	3938	;# 
   660   000F63                     SPPCFG          equ	3939	;# 
   661   000F64                     SPPEPS          equ	3940	;# 
   662   000F65                     SPPCON          equ	3941	;# 
   663   000F66                     UFRM            equ	3942	;# 
   664   000F66                     UFRML           equ	3942	;# 
   665   000F67                     UFRMH           equ	3943	;# 
   666   000F68                     UIR             equ	3944	;# 
   667   000F69                     UIE             equ	3945	;# 
   668   000F6A                     UEIR            equ	3946	;# 
   669   000F6B                     UEIE            equ	3947	;# 
   670   000F6C                     USTAT           equ	3948	;# 
   671   000F6D                     UCON            equ	3949	;# 
   672   000F6E                     UADDR           equ	3950	;# 
   673   000F6F                     UCFG            equ	3951	;# 
   674   000F70                     UEP0            equ	3952	;# 
   675   000F71                     UEP1            equ	3953	;# 
   676   000F72                     UEP2            equ	3954	;# 
   677   000F73                     UEP3            equ	3955	;# 
   678   000F74                     UEP4            equ	3956	;# 
   679   000F75                     UEP5            equ	3957	;# 
   680   000F76                     UEP6            equ	3958	;# 
   681   000F77                     UEP7            equ	3959	;# 
   682   000F78                     UEP8            equ	3960	;# 
   683   000F79                     UEP9            equ	3961	;# 
   684   000F7A                     UEP10           equ	3962	;# 
   685   000F7B                     UEP11           equ	3963	;# 
   686   000F7C                     UEP12           equ	3964	;# 
   687   000F7D                     UEP13           equ	3965	;# 
   688   000F7E                     UEP14           equ	3966	;# 
   689   000F7F                     UEP15           equ	3967	;# 
   690   000F80                     PORTA           equ	3968	;# 
   691   000F81                     PORTB           equ	3969	;# 
   692   000F82                     PORTC           equ	3970	;# 
   693   000F83                     PORTD           equ	3971	;# 
   694   000F84                     PORTE           equ	3972	;# 
   695   000F89                     LATA            equ	3977	;# 
   696   000F8A                     LATB            equ	3978	;# 
   697   000F8B                     LATC            equ	3979	;# 
   698   000F8C                     LATD            equ	3980	;# 
   699   000F8D                     LATE            equ	3981	;# 
   700   000F92                     TRISA           equ	3986	;# 
   701   000F92                     DDRA            equ	3986	;# 
   702   000F93                     TRISB           equ	3987	;# 
   703   000F93                     DDRB            equ	3987	;# 
   704   000F94                     TRISC           equ	3988	;# 
   705   000F94                     DDRC            equ	3988	;# 
   706   000F95                     TRISD           equ	3989	;# 
   707   000F95                     DDRD            equ	3989	;# 
   708   000F96                     TRISE           equ	3990	;# 
   709   000F96                     DDRE            equ	3990	;# 
   710   000F9B                     OSCTUNE         equ	3995	;# 
   711   000F9D                     PIE1            equ	3997	;# 
   712   000F9E                     PIR1            equ	3998	;# 
   713   000F9F                     IPR1            equ	3999	;# 
   714   000FA0                     PIE2            equ	4000	;# 
   715   000FA1                     PIR2            equ	4001	;# 
   716   000FA2                     IPR2            equ	4002	;# 
   717   000FA6                     EECON1          equ	4006	;# 
   718   000FA7                     EECON2          equ	4007	;# 
   719   000FA8                     EEDATA          equ	4008	;# 
   720   000FA9                     EEADR           equ	4009	;# 
   721   000FAB                     RCSTA           equ	4011	;# 
   722   000FAB                     RCSTA1          equ	4011	;# 
   723   000FAC                     TXSTA           equ	4012	;# 
   724   000FAC                     TXSTA1          equ	4012	;# 
   725   000FAD                     TXREG           equ	4013	;# 
   726   000FAD                     TXREG1          equ	4013	;# 
   727   000FAE                     RCREG           equ	4014	;# 
   728   000FAE                     RCREG1          equ	4014	;# 
   729   000FAF                     SPBRG           equ	4015	;# 
   730   000FAF                     SPBRG1          equ	4015	;# 
   731   000FB0                     SPBRGH          equ	4016	;# 
   732   000FB1                     T3CON           equ	4017	;# 
   733   000FB2                     TMR3            equ	4018	;# 
   734   000FB2                     TMR3L           equ	4018	;# 
   735   000FB3                     TMR3H           equ	4019	;# 
   736   000FB4                     CMCON           equ	4020	;# 
   737   000FB5                     CVRCON          equ	4021	;# 
   738   000FB6                     ECCP1AS         equ	4022	;# 
   739   000FB6                     CCP1AS          equ	4022	;# 
   740   000FB7                     ECCP1DEL        equ	4023	;# 
   741   000FB7                     CCP1DEL         equ	4023	;# 
   742   000FB8                     BAUDCON         equ	4024	;# 
   743   000FB8                     BAUDCTL         equ	4024	;# 
   744   000FBA                     CCP2CON         equ	4026	;# 
   745   000FBB                     CCPR2           equ	4027	;# 
   746   000FBB                     CCPR2L          equ	4027	;# 
   747   000FBC                     CCPR2H          equ	4028	;# 
   748   000FBD                     CCP1CON         equ	4029	;# 
   749   000FBD                     ECCP1CON        equ	4029	;# 
   750   000FBE                     CCPR1           equ	4030	;# 
   751   000FBE                     CCPR1L          equ	4030	;# 
   752   000FBF                     CCPR1H          equ	4031	;# 
   753   000FC0                     ADCON2          equ	4032	;# 
   754   000FC1                     ADCON1          equ	4033	;# 
   755   000FC2                     ADCON0          equ	4034	;# 
   756   000FC3                     ADRES           equ	4035	;# 
   757   000FC3                     ADRESL          equ	4035	;# 
   758   000FC4                     ADRESH          equ	4036	;# 
   759   000FC5                     SSPCON2         equ	4037	;# 
   760   000FC6                     SSPCON1         equ	4038	;# 
   761   000FC7                     SSPSTAT         equ	4039	;# 
   762   000FC8                     SSPADD          equ	4040	;# 
   763   000FC9                     SSPBUF          equ	4041	;# 
   764   000FCA                     T2CON           equ	4042	;# 
   765   000FCB                     PR2             equ	4043	;# 
   766   000FCB                     MEMCON          equ	4043	;# 
   767   000FCC                     TMR2            equ	4044	;# 
   768   000FCD                     T1CON           equ	4045	;# 
   769   000FCE                     TMR1            equ	4046	;# 
   770   000FCE                     TMR1L           equ	4046	;# 
   771   000FCF                     TMR1H           equ	4047	;# 
   772   000FD0                     RCON            equ	4048	;# 
   773   000FD1                     WDTCON          equ	4049	;# 
   774   000FD2                     HLVDCON         equ	4050	;# 
   775   000FD2                     LVDCON          equ	4050	;# 
   776   000FD3                     OSCCON          equ	4051	;# 
   777   000FD5                     T0CON           equ	4053	;# 
   778   000FD6                     TMR0            equ	4054	;# 
   779   000FD6                     TMR0L           equ	4054	;# 
   780   000FD7                     TMR0H           equ	4055	;# 
   781   000FD8                     STATUS          equ	4056	;# 
   782   000FD9                     FSR2            equ	4057	;# 
   783   000FD9                     FSR2L           equ	4057	;# 
   784   000FDA                     FSR2H           equ	4058	;# 
   785   000FDB                     PLUSW2          equ	4059	;# 
   786   000FDC                     PREINC2         equ	4060	;# 
   787   000FDD                     POSTDEC2        equ	4061	;# 
   788   000FDE                     POSTINC2        equ	4062	;# 
   789   000FDF                     INDF2           equ	4063	;# 
   790   000FE0                     BSR             equ	4064	;# 
   791   000FE1                     FSR1            equ	4065	;# 
   792   000FE1                     FSR1L           equ	4065	;# 
   793   000FE2                     FSR1H           equ	4066	;# 
   794   000FE3                     PLUSW1          equ	4067	;# 
   795   000FE4                     PREINC1         equ	4068	;# 
   796   000FE5                     POSTDEC1        equ	4069	;# 
   797   000FE6                     POSTINC1        equ	4070	;# 
   798   000FE7                     INDF1           equ	4071	;# 
   799   000FE8                     WREG            equ	4072	;# 
   800   000FE9                     FSR0            equ	4073	;# 
   801   000FE9                     FSR0L           equ	4073	;# 
   802   000FEA                     FSR0H           equ	4074	;# 
   803   000FEB                     PLUSW0          equ	4075	;# 
   804   000FEC                     PREINC0         equ	4076	;# 
   805   000FED                     POSTDEC0        equ	4077	;# 
   806   000FEE                     POSTINC0        equ	4078	;# 
   807   000FEF                     INDF0           equ	4079	;# 
   808   000FF0                     INTCON3         equ	4080	;# 
   809   000FF1                     INTCON2         equ	4081	;# 
   810   000FF2                     INTCON          equ	4082	;# 
   811   000FF3                     PROD            equ	4083	;# 
   812   000FF3                     PRODL           equ	4083	;# 
   813   000FF4                     PRODH           equ	4084	;# 
   814   000FF5                     TABLAT          equ	4085	;# 
   815   000FF6                     TBLPTR          equ	4086	;# 
   816   000FF6                     TBLPTRL         equ	4086	;# 
   817   000FF7                     TBLPTRH         equ	4087	;# 
   818   000FF8                     TBLPTRU         equ	4088	;# 
   819   000FF9                     PCLAT           equ	4089	;# 
   820   000FF9                     PC              equ	4089	;# 
   821   000FF9                     PCL             equ	4089	;# 
   822   000FFA                     PCLATH          equ	4090	;# 
   823   000FFB                     PCLATU          equ	4091	;# 
   824   000FFC                     STKPTR          equ	4092	;# 
   825   000FFD                     TOS             equ	4093	;# 
   826   000FFD                     TOSL            equ	4093	;# 
   827   000FFE                     TOSH            equ	4094	;# 
   828   000FFF                     TOSU            equ	4095	;# 
   829   000F62                     SPPDATA         equ	3938	;# 
   830   000F63                     SPPCFG          equ	3939	;# 
   831   000F64                     SPPEPS          equ	3940	;# 
   832   000F65                     SPPCON          equ	3941	;# 
   833   000F66                     UFRM            equ	3942	;# 
   834   000F66                     UFRML           equ	3942	;# 
   835   000F67                     UFRMH           equ	3943	;# 
   836   000F68                     UIR             equ	3944	;# 
   837   000F69                     UIE             equ	3945	;# 
   838   000F6A                     UEIR            equ	3946	;# 
   839   000F6B                     UEIE            equ	3947	;# 
   840   000F6C                     USTAT           equ	3948	;# 
   841   000F6D                     UCON            equ	3949	;# 
   842   000F6E                     UADDR           equ	3950	;# 
   843   000F6F                     UCFG            equ	3951	;# 
   844   000F70                     UEP0            equ	3952	;# 
   845   000F71                     UEP1            equ	3953	;# 
   846   000F72                     UEP2            equ	3954	;# 
   847   000F73                     UEP3            equ	3955	;# 
   848   000F74                     UEP4            equ	3956	;# 
   849   000F75                     UEP5            equ	3957	;# 
   850   000F76                     UEP6            equ	3958	;# 
   851   000F77                     UEP7            equ	3959	;# 
   852   000F78                     UEP8            equ	3960	;# 
   853   000F79                     UEP9            equ	3961	;# 
   854   000F7A                     UEP10           equ	3962	;# 
   855   000F7B                     UEP11           equ	3963	;# 
   856   000F7C                     UEP12           equ	3964	;# 
   857   000F7D                     UEP13           equ	3965	;# 
   858   000F7E                     UEP14           equ	3966	;# 
   859   000F7F                     UEP15           equ	3967	;# 
   860   000F80                     PORTA           equ	3968	;# 
   861   000F81                     PORTB           equ	3969	;# 
   862   000F82                     PORTC           equ	3970	;# 
   863   000F83                     PORTD           equ	3971	;# 
   864   000F84                     PORTE           equ	3972	;# 
   865   000F89                     LATA            equ	3977	;# 
   866   000F8A                     LATB            equ	3978	;# 
   867   000F8B                     LATC            equ	3979	;# 
   868   000F8C                     LATD            equ	3980	;# 
   869   000F8D                     LATE            equ	3981	;# 
   870   000F92                     TRISA           equ	3986	;# 
   871   000F92                     DDRA            equ	3986	;# 
   872   000F93                     TRISB           equ	3987	;# 
   873   000F93                     DDRB            equ	3987	;# 
   874   000F94                     TRISC           equ	3988	;# 
   875   000F94                     DDRC            equ	3988	;# 
   876   000F95                     TRISD           equ	3989	;# 
   877   000F95                     DDRD            equ	3989	;# 
   878   000F96                     TRISE           equ	3990	;# 
   879   000F96                     DDRE            equ	3990	;# 
   880   000F9B                     OSCTUNE         equ	3995	;# 
   881   000F9D                     PIE1            equ	3997	;# 
   882   000F9E                     PIR1            equ	3998	;# 
   883   000F9F                     IPR1            equ	3999	;# 
   884   000FA0                     PIE2            equ	4000	;# 
   885   000FA1                     PIR2            equ	4001	;# 
   886   000FA2                     IPR2            equ	4002	;# 
   887   000FA6                     EECON1          equ	4006	;# 
   888   000FA7                     EECON2          equ	4007	;# 
   889   000FA8                     EEDATA          equ	4008	;# 
   890   000FA9                     EEADR           equ	4009	;# 
   891   000FAB                     RCSTA           equ	4011	;# 
   892   000FAB                     RCSTA1          equ	4011	;# 
   893   000FAC                     TXSTA           equ	4012	;# 
   894   000FAC                     TXSTA1          equ	4012	;# 
   895   000FAD                     TXREG           equ	4013	;# 
   896   000FAD                     TXREG1          equ	4013	;# 
   897   000FAE                     RCREG           equ	4014	;# 
   898   000FAE                     RCREG1          equ	4014	;# 
   899   000FAF                     SPBRG           equ	4015	;# 
   900   000FAF                     SPBRG1          equ	4015	;# 
   901   000FB0                     SPBRGH          equ	4016	;# 
   902   000FB1                     T3CON           equ	4017	;# 
   903   000FB2                     TMR3            equ	4018	;# 
   904   000FB2                     TMR3L           equ	4018	;# 
   905   000FB3                     TMR3H           equ	4019	;# 
   906   000FB4                     CMCON           equ	4020	;# 
   907   000FB5                     CVRCON          equ	4021	;# 
   908   000FB6                     ECCP1AS         equ	4022	;# 
   909   000FB6                     CCP1AS          equ	4022	;# 
   910   000FB7                     ECCP1DEL        equ	4023	;# 
   911   000FB7                     CCP1DEL         equ	4023	;# 
   912   000FB8                     BAUDCON         equ	4024	;# 
   913   000FB8                     BAUDCTL         equ	4024	;# 
   914   000FBA                     CCP2CON         equ	4026	;# 
   915   000FBB                     CCPR2           equ	4027	;# 
   916   000FBB                     CCPR2L          equ	4027	;# 
   917   000FBC                     CCPR2H          equ	4028	;# 
   918   000FBD                     CCP1CON         equ	4029	;# 
   919   000FBD                     ECCP1CON        equ	4029	;# 
   920   000FBE                     CCPR1           equ	4030	;# 
   921   000FBE                     CCPR1L          equ	4030	;# 
   922   000FBF                     CCPR1H          equ	4031	;# 
   923   000FC0                     ADCON2          equ	4032	;# 
   924   000FC1                     ADCON1          equ	4033	;# 
   925   000FC2                     ADCON0          equ	4034	;# 
   926   000FC3                     ADRES           equ	4035	;# 
   927   000FC3                     ADRESL          equ	4035	;# 
   928   000FC4                     ADRESH          equ	4036	;# 
   929   000FC5                     SSPCON2         equ	4037	;# 
   930   000FC6                     SSPCON1         equ	4038	;# 
   931   000FC7                     SSPSTAT         equ	4039	;# 
   932   000FC8                     SSPADD          equ	4040	;# 
   933   000FC9                     SSPBUF          equ	4041	;# 
   934   000FCA                     T2CON           equ	4042	;# 
   935   000FCB                     PR2             equ	4043	;# 
   936   000FCB                     MEMCON          equ	4043	;# 
   937   000FCC                     TMR2            equ	4044	;# 
   938   000FCD                     T1CON           equ	4045	;# 
   939   000FCE                     TMR1            equ	4046	;# 
   940   000FCE                     TMR1L           equ	4046	;# 
   941   000FCF                     TMR1H           equ	4047	;# 
   942   000FD0                     RCON            equ	4048	;# 
   943   000FD1                     WDTCON          equ	4049	;# 
   944   000FD2                     HLVDCON         equ	4050	;# 
   945   000FD2                     LVDCON          equ	4050	;# 
   946   000FD3                     OSCCON          equ	4051	;# 
   947   000FD5                     T0CON           equ	4053	;# 
   948   000FD6                     TMR0            equ	4054	;# 
   949   000FD6                     TMR0L           equ	4054	;# 
   950   000FD7                     TMR0H           equ	4055	;# 
   951   000FD8                     STATUS          equ	4056	;# 
   952   000FD9                     FSR2            equ	4057	;# 
   953   000FD9                     FSR2L           equ	4057	;# 
   954   000FDA                     FSR2H           equ	4058	;# 
   955   000FDB                     PLUSW2          equ	4059	;# 
   956   000FDC                     PREINC2         equ	4060	;# 
   957   000FDD                     POSTDEC2        equ	4061	;# 
   958   000FDE                     POSTINC2        equ	4062	;# 
   959   000FDF                     INDF2           equ	4063	;# 
   960   000FE0                     BSR             equ	4064	;# 
   961   000FE1                     FSR1            equ	4065	;# 
   962   000FE1                     FSR1L           equ	4065	;# 
   963   000FE2                     FSR1H           equ	4066	;# 
   964   000FE3                     PLUSW1          equ	4067	;# 
   965   000FE4                     PREINC1         equ	4068	;# 
   966   000FE5                     POSTDEC1        equ	4069	;# 
   967   000FE6                     POSTINC1        equ	4070	;# 
   968   000FE7                     INDF1           equ	4071	;# 
   969   000FE8                     WREG            equ	4072	;# 
   970   000FE9                     FSR0            equ	4073	;# 
   971   000FE9                     FSR0L           equ	4073	;# 
   972   000FEA                     FSR0H           equ	4074	;# 
   973   000FEB                     PLUSW0          equ	4075	;# 
   974   000FEC                     PREINC0         equ	4076	;# 
   975   000FED                     POSTDEC0        equ	4077	;# 
   976   000FEE                     POSTINC0        equ	4078	;# 
   977   000FEF                     INDF0           equ	4079	;# 
   978   000FF0                     INTCON3         equ	4080	;# 
   979   000FF1                     INTCON2         equ	4081	;# 
   980   000FF2                     INTCON          equ	4082	;# 
   981   000FF3                     PROD            equ	4083	;# 
   982   000FF3                     PRODL           equ	4083	;# 
   983   000FF4                     PRODH           equ	4084	;# 
   984   000FF5                     TABLAT          equ	4085	;# 
   985   000FF6                     TBLPTR          equ	4086	;# 
   986   000FF6                     TBLPTRL         equ	4086	;# 
   987   000FF7                     TBLPTRH         equ	4087	;# 
   988   000FF8                     TBLPTRU         equ	4088	;# 
   989   000FF9                     PCLAT           equ	4089	;# 
   990   000FF9                     PC              equ	4089	;# 
   991   000FF9                     PCL             equ	4089	;# 
   992   000FFA                     PCLATH          equ	4090	;# 
   993   000FFB                     PCLATU          equ	4091	;# 
   994   000FFC                     STKPTR          equ	4092	;# 
   995   000FFD                     TOS             equ	4093	;# 
   996   000FFD                     TOSL            equ	4093	;# 
   997   000FFE                     TOSH            equ	4094	;# 
   998   000FFF                     TOSU            equ	4095	;# 
   999   000F62                     SPPDATA         equ	3938	;# 
  1000   000F63                     SPPCFG          equ	3939	;# 
  1001   000F64                     SPPEPS          equ	3940	;# 
  1002   000F65                     SPPCON          equ	3941	;# 
  1003   000F66                     UFRM            equ	3942	;# 
  1004   000F66                     UFRML           equ	3942	;# 
  1005   000F67                     UFRMH           equ	3943	;# 
  1006   000F68                     UIR             equ	3944	;# 
  1007   000F69                     UIE             equ	3945	;# 
  1008   000F6A                     UEIR            equ	3946	;# 
  1009   000F6B                     UEIE            equ	3947	;# 
  1010   000F6C                     USTAT           equ	3948	;# 
  1011   000F6D                     UCON            equ	3949	;# 
  1012   000F6E                     UADDR           equ	3950	;# 
  1013   000F6F                     UCFG            equ	3951	;# 
  1014   000F70                     UEP0            equ	3952	;# 
  1015   000F71                     UEP1            equ	3953	;# 
  1016   000F72                     UEP2            equ	3954	;# 
  1017   000F73                     UEP3            equ	3955	;# 
  1018   000F74                     UEP4            equ	3956	;# 
  1019   000F75                     UEP5            equ	3957	;# 
  1020   000F76                     UEP6            equ	3958	;# 
  1021   000F77                     UEP7            equ	3959	;# 
  1022   000F78                     UEP8            equ	3960	;# 
  1023   000F79                     UEP9            equ	3961	;# 
  1024   000F7A                     UEP10           equ	3962	;# 
  1025   000F7B                     UEP11           equ	3963	;# 
  1026   000F7C                     UEP12           equ	3964	;# 
  1027   000F7D                     UEP13           equ	3965	;# 
  1028   000F7E                     UEP14           equ	3966	;# 
  1029   000F7F                     UEP15           equ	3967	;# 
  1030   000F80                     PORTA           equ	3968	;# 
  1031   000F81                     PORTB           equ	3969	;# 
  1032   000F82                     PORTC           equ	3970	;# 
  1033   000F83                     PORTD           equ	3971	;# 
  1034   000F84                     PORTE           equ	3972	;# 
  1035   000F89                     LATA            equ	3977	;# 
  1036   000F8A                     LATB            equ	3978	;# 
  1037   000F8B                     LATC            equ	3979	;# 
  1038   000F8C                     LATD            equ	3980	;# 
  1039   000F8D                     LATE            equ	3981	;# 
  1040   000F92                     TRISA           equ	3986	;# 
  1041   000F92                     DDRA            equ	3986	;# 
  1042   000F93                     TRISB           equ	3987	;# 
  1043   000F93                     DDRB            equ	3987	;# 
  1044   000F94                     TRISC           equ	3988	;# 
  1045   000F94                     DDRC            equ	3988	;# 
  1046   000F95                     TRISD           equ	3989	;# 
  1047   000F95                     DDRD            equ	3989	;# 
  1048   000F96                     TRISE           equ	3990	;# 
  1049   000F96                     DDRE            equ	3990	;# 
  1050   000F9B                     OSCTUNE         equ	3995	;# 
  1051   000F9D                     PIE1            equ	3997	;# 
  1052   000F9E                     PIR1            equ	3998	;# 
  1053   000F9F                     IPR1            equ	3999	;# 
  1054   000FA0                     PIE2            equ	4000	;# 
  1055   000FA1                     PIR2            equ	4001	;# 
  1056   000FA2                     IPR2            equ	4002	;# 
  1057   000FA6                     EECON1          equ	4006	;# 
  1058   000FA7                     EECON2          equ	4007	;# 
  1059   000FA8                     EEDATA          equ	4008	;# 
  1060   000FA9                     EEADR           equ	4009	;# 
  1061   000FAB                     RCSTA           equ	4011	;# 
  1062   000FAB                     RCSTA1          equ	4011	;# 
  1063   000FAC                     TXSTA           equ	4012	;# 
  1064   000FAC                     TXSTA1          equ	4012	;# 
  1065   000FAD                     TXREG           equ	4013	;# 
  1066   000FAD                     TXREG1          equ	4013	;# 
  1067   000FAE                     RCREG           equ	4014	;# 
  1068   000FAE                     RCREG1          equ	4014	;# 
  1069   000FAF                     SPBRG           equ	4015	;# 
  1070   000FAF                     SPBRG1          equ	4015	;# 
  1071   000FB0                     SPBRGH          equ	4016	;# 
  1072   000FB1                     T3CON           equ	4017	;# 
  1073   000FB2                     TMR3            equ	4018	;# 
  1074   000FB2                     TMR3L           equ	4018	;# 
  1075   000FB3                     TMR3H           equ	4019	;# 
  1076   000FB4                     CMCON           equ	4020	;# 
  1077   000FB5                     CVRCON          equ	4021	;# 
  1078   000FB6                     ECCP1AS         equ	4022	;# 
  1079   000FB6                     CCP1AS          equ	4022	;# 
  1080   000FB7                     ECCP1DEL        equ	4023	;# 
  1081   000FB7                     CCP1DEL         equ	4023	;# 
  1082   000FB8                     BAUDCON         equ	4024	;# 
  1083   000FB8                     BAUDCTL         equ	4024	;# 
  1084   000FBA                     CCP2CON         equ	4026	;# 
  1085   000FBB                     CCPR2           equ	4027	;# 
  1086   000FBB                     CCPR2L          equ	4027	;# 
  1087   000FBC                     CCPR2H          equ	4028	;# 
  1088   000FBD                     CCP1CON         equ	4029	;# 
  1089   000FBD                     ECCP1CON        equ	4029	;# 
  1090   000FBE                     CCPR1           equ	4030	;# 
  1091   000FBE                     CCPR1L          equ	4030	;# 
  1092   000FBF                     CCPR1H          equ	4031	;# 
  1093   000FC0                     ADCON2          equ	4032	;# 
  1094   000FC1                     ADCON1          equ	4033	;# 
  1095   000FC2                     ADCON0          equ	4034	;# 
  1096   000FC3                     ADRES           equ	4035	;# 
  1097   000FC3                     ADRESL          equ	4035	;# 
  1098   000FC4                     ADRESH          equ	4036	;# 
  1099   000FC5                     SSPCON2         equ	4037	;# 
  1100   000FC6                     SSPCON1         equ	4038	;# 
  1101   000FC7                     SSPSTAT         equ	4039	;# 
  1102   000FC8                     SSPADD          equ	4040	;# 
  1103   000FC9                     SSPBUF          equ	4041	;# 
  1104   000FCA                     T2CON           equ	4042	;# 
  1105   000FCB                     PR2             equ	4043	;# 
  1106   000FCB                     MEMCON          equ	4043	;# 
  1107   000FCC                     TMR2            equ	4044	;# 
  1108   000FCD                     T1CON           equ	4045	;# 
  1109   000FCE                     TMR1            equ	4046	;# 
  1110   000FCE                     TMR1L           equ	4046	;# 
  1111   000FCF                     TMR1H           equ	4047	;# 
  1112   000FD0                     RCON            equ	4048	;# 
  1113   000FD1                     WDTCON          equ	4049	;# 
  1114   000FD2                     HLVDCON         equ	4050	;# 
  1115   000FD2                     LVDCON          equ	4050	;# 
  1116   000FD3                     OSCCON          equ	4051	;# 
  1117   000FD5                     T0CON           equ	4053	;# 
  1118   000FD6                     TMR0            equ	4054	;# 
  1119   000FD6                     TMR0L           equ	4054	;# 
  1120   000FD7                     TMR0H           equ	4055	;# 
  1121   000FD8                     STATUS          equ	4056	;# 
  1122   000FD9                     FSR2            equ	4057	;# 
  1123   000FD9                     FSR2L           equ	4057	;# 
  1124   000FDA                     FSR2H           equ	4058	;# 
  1125   000FDB                     PLUSW2          equ	4059	;# 
  1126   000FDC                     PREINC2         equ	4060	;# 
  1127   000FDD                     POSTDEC2        equ	4061	;# 
  1128   000FDE                     POSTINC2        equ	4062	;# 
  1129   000FDF                     INDF2           equ	4063	;# 
  1130   000FE0                     BSR             equ	4064	;# 
  1131   000FE1                     FSR1            equ	4065	;# 
  1132   000FE1                     FSR1L           equ	4065	;# 
  1133   000FE2                     FSR1H           equ	4066	;# 
  1134   000FE3                     PLUSW1          equ	4067	;# 
  1135   000FE4                     PREINC1         equ	4068	;# 
  1136   000FE5                     POSTDEC1        equ	4069	;# 
  1137   000FE6                     POSTINC1        equ	4070	;# 
  1138   000FE7                     INDF1           equ	4071	;# 
  1139   000FE8                     WREG            equ	4072	;# 
  1140   000FE9                     FSR0            equ	4073	;# 
  1141   000FE9                     FSR0L           equ	4073	;# 
  1142   000FEA                     FSR0H           equ	4074	;# 
  1143   000FEB                     PLUSW0          equ	4075	;# 
  1144   000FEC                     PREINC0         equ	4076	;# 
  1145   000FED                     POSTDEC0        equ	4077	;# 
  1146   000FEE                     POSTINC0        equ	4078	;# 
  1147   000FEF                     INDF0           equ	4079	;# 
  1148   000FF0                     INTCON3         equ	4080	;# 
  1149   000FF1                     INTCON2         equ	4081	;# 
  1150   000FF2                     INTCON          equ	4082	;# 
  1151   000FF3                     PROD            equ	4083	;# 
  1152   000FF3                     PRODL           equ	4083	;# 
  1153   000FF4                     PRODH           equ	4084	;# 
  1154   000FF5                     TABLAT          equ	4085	;# 
  1155   000FF6                     TBLPTR          equ	4086	;# 
  1156   000FF6                     TBLPTRL         equ	4086	;# 
  1157   000FF7                     TBLPTRH         equ	4087	;# 
  1158   000FF8                     TBLPTRU         equ	4088	;# 
  1159   000FF9                     PCLAT           equ	4089	;# 
  1160   000FF9                     PC              equ	4089	;# 
  1161   000FF9                     PCL             equ	4089	;# 
  1162   000FFA                     PCLATH          equ	4090	;# 
  1163   000FFB                     PCLATU          equ	4091	;# 
  1164   000FFC                     STKPTR          equ	4092	;# 
  1165   000FFD                     TOS             equ	4093	;# 
  1166   000FFD                     TOSL            equ	4093	;# 
  1167   000FFE                     TOSH            equ	4094	;# 
  1168   000FFF                     TOSU            equ	4095	;# 
  1169   000F62                     SPPDATA         equ	3938	;# 
  1170   000F63                     SPPCFG          equ	3939	;# 
  1171   000F64                     SPPEPS          equ	3940	;# 
  1172   000F65                     SPPCON          equ	3941	;# 
  1173   000F66                     UFRM            equ	3942	;# 
  1174   000F66                     UFRML           equ	3942	;# 
  1175   000F67                     UFRMH           equ	3943	;# 
  1176   000F68                     UIR             equ	3944	;# 
  1177   000F69                     UIE             equ	3945	;# 
  1178   000F6A                     UEIR            equ	3946	;# 
  1179   000F6B                     UEIE            equ	3947	;# 
  1180   000F6C                     USTAT           equ	3948	;# 
  1181   000F6D                     UCON            equ	3949	;# 
  1182   000F6E                     UADDR           equ	3950	;# 
  1183   000F6F                     UCFG            equ	3951	;# 
  1184   000F70                     UEP0            equ	3952	;# 
  1185   000F71                     UEP1            equ	3953	;# 
  1186   000F72                     UEP2            equ	3954	;# 
  1187   000F73                     UEP3            equ	3955	;# 
  1188   000F74                     UEP4            equ	3956	;# 
  1189   000F75                     UEP5            equ	3957	;# 
  1190   000F76                     UEP6            equ	3958	;# 
  1191   000F77                     UEP7            equ	3959	;# 
  1192   000F78                     UEP8            equ	3960	;# 
  1193   000F79                     UEP9            equ	3961	;# 
  1194   000F7A                     UEP10           equ	3962	;# 
  1195   000F7B                     UEP11           equ	3963	;# 
  1196   000F7C                     UEP12           equ	3964	;# 
  1197   000F7D                     UEP13           equ	3965	;# 
  1198   000F7E                     UEP14           equ	3966	;# 
  1199   000F7F                     UEP15           equ	3967	;# 
  1200   000F80                     PORTA           equ	3968	;# 
  1201   000F81                     PORTB           equ	3969	;# 
  1202   000F82                     PORTC           equ	3970	;# 
  1203   000F83                     PORTD           equ	3971	;# 
  1204   000F84                     PORTE           equ	3972	;# 
  1205   000F89                     LATA            equ	3977	;# 
  1206   000F8A                     LATB            equ	3978	;# 
  1207   000F8B                     LATC            equ	3979	;# 
  1208   000F8C                     LATD            equ	3980	;# 
  1209   000F8D                     LATE            equ	3981	;# 
  1210   000F92                     TRISA           equ	3986	;# 
  1211   000F92                     DDRA            equ	3986	;# 
  1212   000F93                     TRISB           equ	3987	;# 
  1213   000F93                     DDRB            equ	3987	;# 
  1214   000F94                     TRISC           equ	3988	;# 
  1215   000F94                     DDRC            equ	3988	;# 
  1216   000F95                     TRISD           equ	3989	;# 
  1217   000F95                     DDRD            equ	3989	;# 
  1218   000F96                     TRISE           equ	3990	;# 
  1219   000F96                     DDRE            equ	3990	;# 
  1220   000F9B                     OSCTUNE         equ	3995	;# 
  1221   000F9D                     PIE1            equ	3997	;# 
  1222   000F9E                     PIR1            equ	3998	;# 
  1223   000F9F                     IPR1            equ	3999	;# 
  1224   000FA0                     PIE2            equ	4000	;# 
  1225   000FA1                     PIR2            equ	4001	;# 
  1226   000FA2                     IPR2            equ	4002	;# 
  1227   000FA6                     EECON1          equ	4006	;# 
  1228   000FA7                     EECON2          equ	4007	;# 
  1229   000FA8                     EEDATA          equ	4008	;# 
  1230   000FA9                     EEADR           equ	4009	;# 
  1231   000FAB                     RCSTA           equ	4011	;# 
  1232   000FAB                     RCSTA1          equ	4011	;# 
  1233   000FAC                     TXSTA           equ	4012	;# 
  1234   000FAC                     TXSTA1          equ	4012	;# 
  1235   000FAD                     TXREG           equ	4013	;# 
  1236   000FAD                     TXREG1          equ	4013	;# 
  1237   000FAE                     RCREG           equ	4014	;# 
  1238   000FAE                     RCREG1          equ	4014	;# 
  1239   000FAF                     SPBRG           equ	4015	;# 
  1240   000FAF                     SPBRG1          equ	4015	;# 
  1241   000FB0                     SPBRGH          equ	4016	;# 
  1242   000FB1                     T3CON           equ	4017	;# 
  1243   000FB2                     TMR3            equ	4018	;# 
  1244   000FB2                     TMR3L           equ	4018	;# 
  1245   000FB3                     TMR3H           equ	4019	;# 
  1246   000FB4                     CMCON           equ	4020	;# 
  1247   000FB5                     CVRCON          equ	4021	;# 
  1248   000FB6                     ECCP1AS         equ	4022	;# 
  1249   000FB6                     CCP1AS          equ	4022	;# 
  1250   000FB7                     ECCP1DEL        equ	4023	;# 
  1251   000FB7                     CCP1DEL         equ	4023	;# 
  1252   000FB8                     BAUDCON         equ	4024	;# 
  1253   000FB8                     BAUDCTL         equ	4024	;# 
  1254   000FBA                     CCP2CON         equ	4026	;# 
  1255   000FBB                     CCPR2           equ	4027	;# 
  1256   000FBB                     CCPR2L          equ	4027	;# 
  1257   000FBC                     CCPR2H          equ	4028	;# 
  1258   000FBD                     CCP1CON         equ	4029	;# 
  1259   000FBD                     ECCP1CON        equ	4029	;# 
  1260   000FBE                     CCPR1           equ	4030	;# 
  1261   000FBE                     CCPR1L          equ	4030	;# 
  1262   000FBF                     CCPR1H          equ	4031	;# 
  1263   000FC0                     ADCON2          equ	4032	;# 
  1264   000FC1                     ADCON1          equ	4033	;# 
  1265   000FC2                     ADCON0          equ	4034	;# 
  1266   000FC3                     ADRES           equ	4035	;# 
  1267   000FC3                     ADRESL          equ	4035	;# 
  1268   000FC4                     ADRESH          equ	4036	;# 
  1269   000FC5                     SSPCON2         equ	4037	;# 
  1270   000FC6                     SSPCON1         equ	4038	;# 
  1271   000FC7                     SSPSTAT         equ	4039	;# 
  1272   000FC8                     SSPADD          equ	4040	;# 
  1273   000FC9                     SSPBUF          equ	4041	;# 
  1274   000FCA                     T2CON           equ	4042	;# 
  1275   000FCB                     PR2             equ	4043	;# 
  1276   000FCB                     MEMCON          equ	4043	;# 
  1277   000FCC                     TMR2            equ	4044	;# 
  1278   000FCD                     T1CON           equ	4045	;# 
  1279   000FCE                     TMR1            equ	4046	;# 
  1280   000FCE                     TMR1L           equ	4046	;# 
  1281   000FCF                     TMR1H           equ	4047	;# 
  1282   000FD0                     RCON            equ	4048	;# 
  1283   000FD1                     WDTCON          equ	4049	;# 
  1284   000FD2                     HLVDCON         equ	4050	;# 
  1285   000FD2                     LVDCON          equ	4050	;# 
  1286   000FD3                     OSCCON          equ	4051	;# 
  1287   000FD5                     T0CON           equ	4053	;# 
  1288   000FD6                     TMR0            equ	4054	;# 
  1289   000FD6                     TMR0L           equ	4054	;# 
  1290   000FD7                     TMR0H           equ	4055	;# 
  1291   000FD8                     STATUS          equ	4056	;# 
  1292   000FD9                     FSR2            equ	4057	;# 
  1293   000FD9                     FSR2L           equ	4057	;# 
  1294   000FDA                     FSR2H           equ	4058	;# 
  1295   000FDB                     PLUSW2          equ	4059	;# 
  1296   000FDC                     PREINC2         equ	4060	;# 
  1297   000FDD                     POSTDEC2        equ	4061	;# 
  1298   000FDE                     POSTINC2        equ	4062	;# 
  1299   000FDF                     INDF2           equ	4063	;# 
  1300   000FE0                     BSR             equ	4064	;# 
  1301   000FE1                     FSR1            equ	4065	;# 
  1302   000FE1                     FSR1L           equ	4065	;# 
  1303   000FE2                     FSR1H           equ	4066	;# 
  1304   000FE3                     PLUSW1          equ	4067	;# 
  1305   000FE4                     PREINC1         equ	4068	;# 
  1306   000FE5                     POSTDEC1        equ	4069	;# 
  1307   000FE6                     POSTINC1        equ	4070	;# 
  1308   000FE7                     INDF1           equ	4071	;# 
  1309   000FE8                     WREG            equ	4072	;# 
  1310   000FE9                     FSR0            equ	4073	;# 
  1311   000FE9                     FSR0L           equ	4073	;# 
  1312   000FEA                     FSR0H           equ	4074	;# 
  1313   000FEB                     PLUSW0          equ	4075	;# 
  1314   000FEC                     PREINC0         equ	4076	;# 
  1315   000FED                     POSTDEC0        equ	4077	;# 
  1316   000FEE                     POSTINC0        equ	4078	;# 
  1317   000FEF                     INDF0           equ	4079	;# 
  1318   000FF0                     INTCON3         equ	4080	;# 
  1319   000FF1                     INTCON2         equ	4081	;# 
  1320   000FF2                     INTCON          equ	4082	;# 
  1321   000FF3                     PROD            equ	4083	;# 
  1322   000FF3                     PRODL           equ	4083	;# 
  1323   000FF4                     PRODH           equ	4084	;# 
  1324   000FF5                     TABLAT          equ	4085	;# 
  1325   000FF6                     TBLPTR          equ	4086	;# 
  1326   000FF6                     TBLPTRL         equ	4086	;# 
  1327   000FF7                     TBLPTRH         equ	4087	;# 
  1328   000FF8                     TBLPTRU         equ	4088	;# 
  1329   000FF9                     PCLAT           equ	4089	;# 
  1330   000FF9                     PC              equ	4089	;# 
  1331   000FF9                     PCL             equ	4089	;# 
  1332   000FFA                     PCLATH          equ	4090	;# 
  1333   000FFB                     PCLATU          equ	4091	;# 
  1334   000FFC                     STKPTR          equ	4092	;# 
  1335   000FFD                     TOS             equ	4093	;# 
  1336   000FFD                     TOSL            equ	4093	;# 
  1337   000FFE                     TOSH            equ	4094	;# 
  1338   000FFF                     TOSU            equ	4095	;# 
  1339   000F62                     SPPDATA         equ	3938	;# 
  1340   000F63                     SPPCFG          equ	3939	;# 
  1341   000F64                     SPPEPS          equ	3940	;# 
  1342   000F65                     SPPCON          equ	3941	;# 
  1343   000F66                     UFRM            equ	3942	;# 
  1344   000F66                     UFRML           equ	3942	;# 
  1345   000F67                     UFRMH           equ	3943	;# 
  1346   000F68                     UIR             equ	3944	;# 
  1347   000F69                     UIE             equ	3945	;# 
  1348   000F6A                     UEIR            equ	3946	;# 
  1349   000F6B                     UEIE            equ	3947	;# 
  1350   000F6C                     USTAT           equ	3948	;# 
  1351   000F6D                     UCON            equ	3949	;# 
  1352   000F6E                     UADDR           equ	3950	;# 
  1353   000F6F                     UCFG            equ	3951	;# 
  1354   000F70                     UEP0            equ	3952	;# 
  1355   000F71                     UEP1            equ	3953	;# 
  1356   000F72                     UEP2            equ	3954	;# 
  1357   000F73                     UEP3            equ	3955	;# 
  1358   000F74                     UEP4            equ	3956	;# 
  1359   000F75                     UEP5            equ	3957	;# 
  1360   000F76                     UEP6            equ	3958	;# 
  1361   000F77                     UEP7            equ	3959	;# 
  1362   000F78                     UEP8            equ	3960	;# 
  1363   000F79                     UEP9            equ	3961	;# 
  1364   000F7A                     UEP10           equ	3962	;# 
  1365   000F7B                     UEP11           equ	3963	;# 
  1366   000F7C                     UEP12           equ	3964	;# 
  1367   000F7D                     UEP13           equ	3965	;# 
  1368   000F7E                     UEP14           equ	3966	;# 
  1369   000F7F                     UEP15           equ	3967	;# 
  1370   000F80                     PORTA           equ	3968	;# 
  1371   000F81                     PORTB           equ	3969	;# 
  1372   000F82                     PORTC           equ	3970	;# 
  1373   000F83                     PORTD           equ	3971	;# 
  1374   000F84                     PORTE           equ	3972	;# 
  1375   000F89                     LATA            equ	3977	;# 
  1376   000F8A                     LATB            equ	3978	;# 
  1377   000F8B                     LATC            equ	3979	;# 
  1378   000F8C                     LATD            equ	3980	;# 
  1379   000F8D                     LATE            equ	3981	;# 
  1380   000F92                     TRISA           equ	3986	;# 
  1381   000F92                     DDRA            equ	3986	;# 
  1382   000F93                     TRISB           equ	3987	;# 
  1383   000F93                     DDRB            equ	3987	;# 
  1384   000F94                     TRISC           equ	3988	;# 
  1385   000F94                     DDRC            equ	3988	;# 
  1386   000F95                     TRISD           equ	3989	;# 
  1387   000F95                     DDRD            equ	3989	;# 
  1388   000F96                     TRISE           equ	3990	;# 
  1389   000F96                     DDRE            equ	3990	;# 
  1390   000F9B                     OSCTUNE         equ	3995	;# 
  1391   000F9D                     PIE1            equ	3997	;# 
  1392   000F9E                     PIR1            equ	3998	;# 
  1393   000F9F                     IPR1            equ	3999	;# 
  1394   000FA0                     PIE2            equ	4000	;# 
  1395   000FA1                     PIR2            equ	4001	;# 
  1396   000FA2                     IPR2            equ	4002	;# 
  1397   000FA6                     EECON1          equ	4006	;# 
  1398   000FA7                     EECON2          equ	4007	;# 
  1399   000FA8                     EEDATA          equ	4008	;# 
  1400   000FA9                     EEADR           equ	4009	;# 
  1401   000FAB                     RCSTA           equ	4011	;# 
  1402   000FAB                     RCSTA1          equ	4011	;# 
  1403   000FAC                     TXSTA           equ	4012	;# 
  1404   000FAC                     TXSTA1          equ	4012	;# 
  1405   000FAD                     TXREG           equ	4013	;# 
  1406   000FAD                     TXREG1          equ	4013	;# 
  1407   000FAE                     RCREG           equ	4014	;# 
  1408   000FAE                     RCREG1          equ	4014	;# 
  1409   000FAF                     SPBRG           equ	4015	;# 
  1410   000FAF                     SPBRG1          equ	4015	;# 
  1411   000FB0                     SPBRGH          equ	4016	;# 
  1412   000FB1                     T3CON           equ	4017	;# 
  1413   000FB2                     TMR3            equ	4018	;# 
  1414   000FB2                     TMR3L           equ	4018	;# 
  1415   000FB3                     TMR3H           equ	4019	;# 
  1416   000FB4                     CMCON           equ	4020	;# 
  1417   000FB5                     CVRCON          equ	4021	;# 
  1418   000FB6                     ECCP1AS         equ	4022	;# 
  1419   000FB6                     CCP1AS          equ	4022	;# 
  1420   000FB7                     ECCP1DEL        equ	4023	;# 
  1421   000FB7                     CCP1DEL         equ	4023	;# 
  1422   000FB8                     BAUDCON         equ	4024	;# 
  1423   000FB8                     BAUDCTL         equ	4024	;# 
  1424   000FBA                     CCP2CON         equ	4026	;# 
  1425   000FBB                     CCPR2           equ	4027	;# 
  1426   000FBB                     CCPR2L          equ	4027	;# 
  1427   000FBC                     CCPR2H          equ	4028	;# 
  1428   000FBD                     CCP1CON         equ	4029	;# 
  1429   000FBD                     ECCP1CON        equ	4029	;# 
  1430   000FBE                     CCPR1           equ	4030	;# 
  1431   000FBE                     CCPR1L          equ	4030	;# 
  1432   000FBF                     CCPR1H          equ	4031	;# 
  1433   000FC0                     ADCON2          equ	4032	;# 
  1434   000FC1                     ADCON1          equ	4033	;# 
  1435   000FC2                     ADCON0          equ	4034	;# 
  1436   000FC3                     ADRES           equ	4035	;# 
  1437   000FC3                     ADRESL          equ	4035	;# 
  1438   000FC4                     ADRESH          equ	4036	;# 
  1439   000FC5                     SSPCON2         equ	4037	;# 
  1440   000FC6                     SSPCON1         equ	4038	;# 
  1441   000FC7                     SSPSTAT         equ	4039	;# 
  1442   000FC8                     SSPADD          equ	4040	;# 
  1443   000FC9                     SSPBUF          equ	4041	;# 
  1444   000FCA                     T2CON           equ	4042	;# 
  1445   000FCB                     PR2             equ	4043	;# 
  1446   000FCB                     MEMCON          equ	4043	;# 
  1447   000FCC                     TMR2            equ	4044	;# 
  1448   000FCD                     T1CON           equ	4045	;# 
  1449   000FCE                     TMR1            equ	4046	;# 
  1450   000FCE                     TMR1L           equ	4046	;# 
  1451   000FCF                     TMR1H           equ	4047	;# 
  1452   000FD0                     RCON            equ	4048	;# 
  1453   000FD1                     WDTCON          equ	4049	;# 
  1454   000FD2                     HLVDCON         equ	4050	;# 
  1455   000FD2                     LVDCON          equ	4050	;# 
  1456   000FD3                     OSCCON          equ	4051	;# 
  1457   000FD5                     T0CON           equ	4053	;# 
  1458   000FD6                     TMR0            equ	4054	;# 
  1459   000FD6                     TMR0L           equ	4054	;# 
  1460   000FD7                     TMR0H           equ	4055	;# 
  1461   000FD8                     STATUS          equ	4056	;# 
  1462   000FD9                     FSR2            equ	4057	;# 
  1463   000FD9                     FSR2L           equ	4057	;# 
  1464   000FDA                     FSR2H           equ	4058	;# 
  1465   000FDB                     PLUSW2          equ	4059	;# 
  1466   000FDC                     PREINC2         equ	4060	;# 
  1467   000FDD                     POSTDEC2        equ	4061	;# 
  1468   000FDE                     POSTINC2        equ	4062	;# 
  1469   000FDF                     INDF2           equ	4063	;# 
  1470   000FE0                     BSR             equ	4064	;# 
  1471   000FE1                     FSR1            equ	4065	;# 
  1472   000FE1                     FSR1L           equ	4065	;# 
  1473   000FE2                     FSR1H           equ	4066	;# 
  1474   000FE3                     PLUSW1          equ	4067	;# 
  1475   000FE4                     PREINC1         equ	4068	;# 
  1476   000FE5                     POSTDEC1        equ	4069	;# 
  1477   000FE6                     POSTINC1        equ	4070	;# 
  1478   000FE7                     INDF1           equ	4071	;# 
  1479   000FE8                     WREG            equ	4072	;# 
  1480   000FE9                     FSR0            equ	4073	;# 
  1481   000FE9                     FSR0L           equ	4073	;# 
  1482   000FEA                     FSR0H           equ	4074	;# 
  1483   000FEB                     PLUSW0          equ	4075	;# 
  1484   000FEC                     PREINC0         equ	4076	;# 
  1485   000FED                     POSTDEC0        equ	4077	;# 
  1486   000FEE                     POSTINC0        equ	4078	;# 
  1487   000FEF                     INDF0           equ	4079	;# 
  1488   000FF0                     INTCON3         equ	4080	;# 
  1489   000FF1                     INTCON2         equ	4081	;# 
  1490   000FF2                     INTCON          equ	4082	;# 
  1491   000FF3                     PROD            equ	4083	;# 
  1492   000FF3                     PRODL           equ	4083	;# 
  1493   000FF4                     PRODH           equ	4084	;# 
  1494   000FF5                     TABLAT          equ	4085	;# 
  1495   000FF6                     TBLPTR          equ	4086	;# 
  1496   000FF6                     TBLPTRL         equ	4086	;# 
  1497   000FF7                     TBLPTRH         equ	4087	;# 
  1498   000FF8                     TBLPTRU         equ	4088	;# 
  1499   000FF9                     PCLAT           equ	4089	;# 
  1500   000FF9                     PC              equ	4089	;# 
  1501   000FF9                     PCL             equ	4089	;# 
  1502   000FFA                     PCLATH          equ	4090	;# 
  1503   000FFB                     PCLATU          equ	4091	;# 
  1504   000FFC                     STKPTR          equ	4092	;# 
  1505   000FFD                     TOS             equ	4093	;# 
  1506   000FFD                     TOSL            equ	4093	;# 
  1507   000FFE                     TOSH            equ	4094	;# 
  1508   000FFF                     TOSU            equ	4095	;# 
  1509   000F62                     SPPDATA         equ	3938	;# 
  1510   000F63                     SPPCFG          equ	3939	;# 
  1511   000F64                     SPPEPS          equ	3940	;# 
  1512   000F65                     SPPCON          equ	3941	;# 
  1513   000F66                     UFRM            equ	3942	;# 
  1514   000F66                     UFRML           equ	3942	;# 
  1515   000F67                     UFRMH           equ	3943	;# 
  1516   000F68                     UIR             equ	3944	;# 
  1517   000F69                     UIE             equ	3945	;# 
  1518   000F6A                     UEIR            equ	3946	;# 
  1519   000F6B                     UEIE            equ	3947	;# 
  1520   000F6C                     USTAT           equ	3948	;# 
  1521   000F6D                     UCON            equ	3949	;# 
  1522   000F6E                     UADDR           equ	3950	;# 
  1523   000F6F                     UCFG            equ	3951	;# 
  1524   000F70                     UEP0            equ	3952	;# 
  1525   000F71                     UEP1            equ	3953	;# 
  1526   000F72                     UEP2            equ	3954	;# 
  1527   000F73                     UEP3            equ	3955	;# 
  1528   000F74                     UEP4            equ	3956	;# 
  1529   000F75                     UEP5            equ	3957	;# 
  1530   000F76                     UEP6            equ	3958	;# 
  1531   000F77                     UEP7            equ	3959	;# 
  1532   000F78                     UEP8            equ	3960	;# 
  1533   000F79                     UEP9            equ	3961	;# 
  1534   000F7A                     UEP10           equ	3962	;# 
  1535   000F7B                     UEP11           equ	3963	;# 
  1536   000F7C                     UEP12           equ	3964	;# 
  1537   000F7D                     UEP13           equ	3965	;# 
  1538   000F7E                     UEP14           equ	3966	;# 
  1539   000F7F                     UEP15           equ	3967	;# 
  1540   000F80                     PORTA           equ	3968	;# 
  1541   000F81                     PORTB           equ	3969	;# 
  1542   000F82                     PORTC           equ	3970	;# 
  1543   000F83                     PORTD           equ	3971	;# 
  1544   000F84                     PORTE           equ	3972	;# 
  1545   000F89                     LATA            equ	3977	;# 
  1546   000F8A                     LATB            equ	3978	;# 
  1547   000F8B                     LATC            equ	3979	;# 
  1548   000F8C                     LATD            equ	3980	;# 
  1549   000F8D                     LATE            equ	3981	;# 
  1550   000F92                     TRISA           equ	3986	;# 
  1551   000F92                     DDRA            equ	3986	;# 
  1552   000F93                     TRISB           equ	3987	;# 
  1553   000F93                     DDRB            equ	3987	;# 
  1554   000F94                     TRISC           equ	3988	;# 
  1555   000F94                     DDRC            equ	3988	;# 
  1556   000F95                     TRISD           equ	3989	;# 
  1557   000F95                     DDRD            equ	3989	;# 
  1558   000F96                     TRISE           equ	3990	;# 
  1559   000F96                     DDRE            equ	3990	;# 
  1560   000F9B                     OSCTUNE         equ	3995	;# 
  1561   000F9D                     PIE1            equ	3997	;# 
  1562   000F9E                     PIR1            equ	3998	;# 
  1563   000F9F                     IPR1            equ	3999	;# 
  1564   000FA0                     PIE2            equ	4000	;# 
  1565   000FA1                     PIR2            equ	4001	;# 
  1566   000FA2                     IPR2            equ	4002	;# 
  1567   000FA6                     EECON1          equ	4006	;# 
  1568   000FA7                     EECON2          equ	4007	;# 
  1569   000FA8                     EEDATA          equ	4008	;# 
  1570   000FA9                     EEADR           equ	4009	;# 
  1571   000FAB                     RCSTA           equ	4011	;# 
  1572   000FAB                     RCSTA1          equ	4011	;# 
  1573   000FAC                     TXSTA           equ	4012	;# 
  1574   000FAC                     TXSTA1          equ	4012	;# 
  1575   000FAD                     TXREG           equ	4013	;# 
  1576   000FAD                     TXREG1          equ	4013	;# 
  1577   000FAE                     RCREG           equ	4014	;# 
  1578   000FAE                     RCREG1          equ	4014	;# 
  1579   000FAF                     SPBRG           equ	4015	;# 
  1580   000FAF                     SPBRG1          equ	4015	;# 
  1581   000FB0                     SPBRGH          equ	4016	;# 
  1582   000FB1                     T3CON           equ	4017	;# 
  1583   000FB2                     TMR3            equ	4018	;# 
  1584   000FB2                     TMR3L           equ	4018	;# 
  1585   000FB3                     TMR3H           equ	4019	;# 
  1586   000FB4                     CMCON           equ	4020	;# 
  1587   000FB5                     CVRCON          equ	4021	;# 
  1588   000FB6                     ECCP1AS         equ	4022	;# 
  1589   000FB6                     CCP1AS          equ	4022	;# 
  1590   000FB7                     ECCP1DEL        equ	4023	;# 
  1591   000FB7                     CCP1DEL         equ	4023	;# 
  1592   000FB8                     BAUDCON         equ	4024	;# 
  1593   000FB8                     BAUDCTL         equ	4024	;# 
  1594   000FBA                     CCP2CON         equ	4026	;# 
  1595   000FBB                     CCPR2           equ	4027	;# 
  1596   000FBB                     CCPR2L          equ	4027	;# 
  1597   000FBC                     CCPR2H          equ	4028	;# 
  1598   000FBD                     CCP1CON         equ	4029	;# 
  1599   000FBD                     ECCP1CON        equ	4029	;# 
  1600   000FBE                     CCPR1           equ	4030	;# 
  1601   000FBE                     CCPR1L          equ	4030	;# 
  1602   000FBF                     CCPR1H          equ	4031	;# 
  1603   000FC0                     ADCON2          equ	4032	;# 
  1604   000FC1                     ADCON1          equ	4033	;# 
  1605   000FC2                     ADCON0          equ	4034	;# 
  1606   000FC3                     ADRES           equ	4035	;# 
  1607   000FC3                     ADRESL          equ	4035	;# 
  1608   000FC4                     ADRESH          equ	4036	;# 
  1609   000FC5                     SSPCON2         equ	4037	;# 
  1610   000FC6                     SSPCON1         equ	4038	;# 
  1611   000FC7                     SSPSTAT         equ	4039	;# 
  1612   000FC8                     SSPADD          equ	4040	;# 
  1613   000FC9                     SSPBUF          equ	4041	;# 
  1614   000FCA                     T2CON           equ	4042	;# 
  1615   000FCB                     PR2             equ	4043	;# 
  1616   000FCB                     MEMCON          equ	4043	;# 
  1617   000FCC                     TMR2            equ	4044	;# 
  1618   000FCD                     T1CON           equ	4045	;# 
  1619   000FCE                     TMR1            equ	4046	;# 
  1620   000FCE                     TMR1L           equ	4046	;# 
  1621   000FCF                     TMR1H           equ	4047	;# 
  1622   000FD0                     RCON            equ	4048	;# 
  1623   000FD1                     WDTCON          equ	4049	;# 
  1624   000FD2                     HLVDCON         equ	4050	;# 
  1625   000FD2                     LVDCON          equ	4050	;# 
  1626   000FD3                     OSCCON          equ	4051	;# 
  1627   000FD5                     T0CON           equ	4053	;# 
  1628   000FD6                     TMR0            equ	4054	;# 
  1629   000FD6                     TMR0L           equ	4054	;# 
  1630   000FD7                     TMR0H           equ	4055	;# 
  1631   000FD8                     STATUS          equ	4056	;# 
  1632   000FD9                     FSR2            equ	4057	;# 
  1633   000FD9                     FSR2L           equ	4057	;# 
  1634   000FDA                     FSR2H           equ	4058	;# 
  1635   000FDB                     PLUSW2          equ	4059	;# 
  1636   000FDC                     PREINC2         equ	4060	;# 
  1637   000FDD                     POSTDEC2        equ	4061	;# 
  1638   000FDE                     POSTINC2        equ	4062	;# 
  1639   000FDF                     INDF2           equ	4063	;# 
  1640   000FE0                     BSR             equ	4064	;# 
  1641   000FE1                     FSR1            equ	4065	;# 
  1642   000FE1                     FSR1L           equ	4065	;# 
  1643   000FE2                     FSR1H           equ	4066	;# 
  1644   000FE3                     PLUSW1          equ	4067	;# 
  1645   000FE4                     PREINC1         equ	4068	;# 
  1646   000FE5                     POSTDEC1        equ	4069	;# 
  1647   000FE6                     POSTINC1        equ	4070	;# 
  1648   000FE7                     INDF1           equ	4071	;# 
  1649   000FE8                     WREG            equ	4072	;# 
  1650   000FE9                     FSR0            equ	4073	;# 
  1651   000FE9                     FSR0L           equ	4073	;# 
  1652   000FEA                     FSR0H           equ	4074	;# 
  1653   000FEB                     PLUSW0          equ	4075	;# 
  1654   000FEC                     PREINC0         equ	4076	;# 
  1655   000FED                     POSTDEC0        equ	4077	;# 
  1656   000FEE                     POSTINC0        equ	4078	;# 
  1657   000FEF                     INDF0           equ	4079	;# 
  1658   000FF0                     INTCON3         equ	4080	;# 
  1659   000FF1                     INTCON2         equ	4081	;# 
  1660   000FF2                     INTCON          equ	4082	;# 
  1661   000FF3                     PROD            equ	4083	;# 
  1662   000FF3                     PRODL           equ	4083	;# 
  1663   000FF4                     PRODH           equ	4084	;# 
  1664   000FF5                     TABLAT          equ	4085	;# 
  1665   000FF6                     TBLPTR          equ	4086	;# 
  1666   000FF6                     TBLPTRL         equ	4086	;# 
  1667   000FF7                     TBLPTRH         equ	4087	;# 
  1668   000FF8                     TBLPTRU         equ	4088	;# 
  1669   000FF9                     PCLAT           equ	4089	;# 
  1670   000FF9                     PC              equ	4089	;# 
  1671   000FF9                     PCL             equ	4089	;# 
  1672   000FFA                     PCLATH          equ	4090	;# 
  1673   000FFB                     PCLATU          equ	4091	;# 
  1674   000FFC                     STKPTR          equ	4092	;# 
  1675   000FFD                     TOS             equ	4093	;# 
  1676   000FFD                     TOSL            equ	4093	;# 
  1677   000FFE                     TOSH            equ	4094	;# 
  1678   000FFF                     TOSU            equ	4095	;# 
  1679   000F62                     SPPDATA         equ	3938	;# 
  1680   000F63                     SPPCFG          equ	3939	;# 
  1681   000F64                     SPPEPS          equ	3940	;# 
  1682   000F65                     SPPCON          equ	3941	;# 
  1683   000F66                     UFRM            equ	3942	;# 
  1684   000F66                     UFRML           equ	3942	;# 
  1685   000F67                     UFRMH           equ	3943	;# 
  1686   000F68                     UIR             equ	3944	;# 
  1687   000F69                     UIE             equ	3945	;# 
  1688   000F6A                     UEIR            equ	3946	;# 
  1689   000F6B                     UEIE            equ	3947	;# 
  1690   000F6C                     USTAT           equ	3948	;# 
  1691   000F6D                     UCON            equ	3949	;# 
  1692   000F6E                     UADDR           equ	3950	;# 
  1693   000F6F                     UCFG            equ	3951	;# 
  1694   000F70                     UEP0            equ	3952	;# 
  1695   000F71                     UEP1            equ	3953	;# 
  1696   000F72                     UEP2            equ	3954	;# 
  1697   000F73                     UEP3            equ	3955	;# 
  1698   000F74                     UEP4            equ	3956	;# 
  1699   000F75                     UEP5            equ	3957	;# 
  1700   000F76                     UEP6            equ	3958	;# 
  1701   000F77                     UEP7            equ	3959	;# 
  1702   000F78                     UEP8            equ	3960	;# 
  1703   000F79                     UEP9            equ	3961	;# 
  1704   000F7A                     UEP10           equ	3962	;# 
  1705   000F7B                     UEP11           equ	3963	;# 
  1706   000F7C                     UEP12           equ	3964	;# 
  1707   000F7D                     UEP13           equ	3965	;# 
  1708   000F7E                     UEP14           equ	3966	;# 
  1709   000F7F                     UEP15           equ	3967	;# 
  1710   000F80                     PORTA           equ	3968	;# 
  1711   000F81                     PORTB           equ	3969	;# 
  1712   000F82                     PORTC           equ	3970	;# 
  1713   000F83                     PORTD           equ	3971	;# 
  1714   000F84                     PORTE           equ	3972	;# 
  1715   000F89                     LATA            equ	3977	;# 
  1716   000F8A                     LATB            equ	3978	;# 
  1717   000F8B                     LATC            equ	3979	;# 
  1718   000F8C                     LATD            equ	3980	;# 
  1719   000F8D                     LATE            equ	3981	;# 
  1720   000F92                     TRISA           equ	3986	;# 
  1721   000F92                     DDRA            equ	3986	;# 
  1722   000F93                     TRISB           equ	3987	;# 
  1723   000F93                     DDRB            equ	3987	;# 
  1724   000F94                     TRISC           equ	3988	;# 
  1725   000F94                     DDRC            equ	3988	;# 
  1726   000F95                     TRISD           equ	3989	;# 
  1727   000F95                     DDRD            equ	3989	;# 
  1728   000F96                     TRISE           equ	3990	;# 
  1729   000F96                     DDRE            equ	3990	;# 
  1730   000F9B                     OSCTUNE         equ	3995	;# 
  1731   000F9D                     PIE1            equ	3997	;# 
  1732   000F9E                     PIR1            equ	3998	;# 
  1733   000F9F                     IPR1            equ	3999	;# 
  1734   000FA0                     PIE2            equ	4000	;# 
  1735   000FA1                     PIR2            equ	4001	;# 
  1736   000FA2                     IPR2            equ	4002	;# 
  1737   000FA6                     EECON1          equ	4006	;# 
  1738   000FA7                     EECON2          equ	4007	;# 
  1739   000FA8                     EEDATA          equ	4008	;# 
  1740   000FA9                     EEADR           equ	4009	;# 
  1741   000FAB                     RCSTA           equ	4011	;# 
  1742   000FAB                     RCSTA1          equ	4011	;# 
  1743   000FAC                     TXSTA           equ	4012	;# 
  1744   000FAC                     TXSTA1          equ	4012	;# 
  1745   000FAD                     TXREG           equ	4013	;# 
  1746   000FAD                     TXREG1          equ	4013	;# 
  1747   000FAE                     RCREG           equ	4014	;# 
  1748   000FAE                     RCREG1          equ	4014	;# 
  1749   000FAF                     SPBRG           equ	4015	;# 
  1750   000FAF                     SPBRG1          equ	4015	;# 
  1751   000FB0                     SPBRGH          equ	4016	;# 
  1752   000FB1                     T3CON           equ	4017	;# 
  1753   000FB2                     TMR3            equ	4018	;# 
  1754   000FB2                     TMR3L           equ	4018	;# 
  1755   000FB3                     TMR3H           equ	4019	;# 
  1756   000FB4                     CMCON           equ	4020	;# 
  1757   000FB5                     CVRCON          equ	4021	;# 
  1758   000FB6                     ECCP1AS         equ	4022	;# 
  1759   000FB6                     CCP1AS          equ	4022	;# 
  1760   000FB7                     ECCP1DEL        equ	4023	;# 
  1761   000FB7                     CCP1DEL         equ	4023	;# 
  1762   000FB8                     BAUDCON         equ	4024	;# 
  1763   000FB8                     BAUDCTL         equ	4024	;# 
  1764   000FBA                     CCP2CON         equ	4026	;# 
  1765   000FBB                     CCPR2           equ	4027	;# 
  1766   000FBB                     CCPR2L          equ	4027	;# 
  1767   000FBC                     CCPR2H          equ	4028	;# 
  1768   000FBD                     CCP1CON         equ	4029	;# 
  1769   000FBD                     ECCP1CON        equ	4029	;# 
  1770   000FBE                     CCPR1           equ	4030	;# 
  1771   000FBE                     CCPR1L          equ	4030	;# 
  1772   000FBF                     CCPR1H          equ	4031	;# 
  1773   000FC0                     ADCON2          equ	4032	;# 
  1774   000FC1                     ADCON1          equ	4033	;# 
  1775   000FC2                     ADCON0          equ	4034	;# 
  1776   000FC3                     ADRES           equ	4035	;# 
  1777   000FC3                     ADRESL          equ	4035	;# 
  1778   000FC4                     ADRESH          equ	4036	;# 
  1779   000FC5                     SSPCON2         equ	4037	;# 
  1780   000FC6                     SSPCON1         equ	4038	;# 
  1781   000FC7                     SSPSTAT         equ	4039	;# 
  1782   000FC8                     SSPADD          equ	4040	;# 
  1783   000FC9                     SSPBUF          equ	4041	;# 
  1784   000FCA                     T2CON           equ	4042	;# 
  1785   000FCB                     PR2             equ	4043	;# 
  1786   000FCB                     MEMCON          equ	4043	;# 
  1787   000FCC                     TMR2            equ	4044	;# 
  1788   000FCD                     T1CON           equ	4045	;# 
  1789   000FCE                     TMR1            equ	4046	;# 
  1790   000FCE                     TMR1L           equ	4046	;# 
  1791   000FCF                     TMR1H           equ	4047	;# 
  1792   000FD0                     RCON            equ	4048	;# 
  1793   000FD1                     WDTCON          equ	4049	;# 
  1794   000FD2                     HLVDCON         equ	4050	;# 
  1795   000FD2                     LVDCON          equ	4050	;# 
  1796   000FD3                     OSCCON          equ	4051	;# 
  1797   000FD5                     T0CON           equ	4053	;# 
  1798   000FD6                     TMR0            equ	4054	;# 
  1799   000FD6                     TMR0L           equ	4054	;# 
  1800   000FD7                     TMR0H           equ	4055	;# 
  1801   000FD8                     STATUS          equ	4056	;# 
  1802   000FD9                     FSR2            equ	4057	;# 
  1803   000FD9                     FSR2L           equ	4057	;# 
  1804   000FDA                     FSR2H           equ	4058	;# 
  1805   000FDB                     PLUSW2          equ	4059	;# 
  1806   000FDC                     PREINC2         equ	4060	;# 
  1807   000FDD                     POSTDEC2        equ	4061	;# 
  1808   000FDE                     POSTINC2        equ	4062	;# 
  1809   000FDF                     INDF2           equ	4063	;# 
  1810   000FE0                     BSR             equ	4064	;# 
  1811   000FE1                     FSR1            equ	4065	;# 
  1812   000FE1                     FSR1L           equ	4065	;# 
  1813   000FE2                     FSR1H           equ	4066	;# 
  1814   000FE3                     PLUSW1          equ	4067	;# 
  1815   000FE4                     PREINC1         equ	4068	;# 
  1816   000FE5                     POSTDEC1        equ	4069	;# 
  1817   000FE6                     POSTINC1        equ	4070	;# 
  1818   000FE7                     INDF1           equ	4071	;# 
  1819   000FE8                     WREG            equ	4072	;# 
  1820   000FE9                     FSR0            equ	4073	;# 
  1821   000FE9                     FSR0L           equ	4073	;# 
  1822   000FEA                     FSR0H           equ	4074	;# 
  1823   000FEB                     PLUSW0          equ	4075	;# 
  1824   000FEC                     PREINC0         equ	4076	;# 
  1825   000FED                     POSTDEC0        equ	4077	;# 
  1826   000FEE                     POSTINC0        equ	4078	;# 
  1827   000FEF                     INDF0           equ	4079	;# 
  1828   000FF0                     INTCON3         equ	4080	;# 
  1829   000FF1                     INTCON2         equ	4081	;# 
  1830   000FF2                     INTCON          equ	4082	;# 
  1831   000FF3                     PROD            equ	4083	;# 
  1832   000FF3                     PRODL           equ	4083	;# 
  1833   000FF4                     PRODH           equ	4084	;# 
  1834   000FF5                     TABLAT          equ	4085	;# 
  1835   000FF6                     TBLPTR          equ	4086	;# 
  1836   000FF6                     TBLPTRL         equ	4086	;# 
  1837   000FF7                     TBLPTRH         equ	4087	;# 
  1838   000FF8                     TBLPTRU         equ	4088	;# 
  1839   000FF9                     PCLAT           equ	4089	;# 
  1840   000FF9                     PC              equ	4089	;# 
  1841   000FF9                     PCL             equ	4089	;# 
  1842   000FFA                     PCLATH          equ	4090	;# 
  1843   000FFB                     PCLATU          equ	4091	;# 
  1844   000FFC                     STKPTR          equ	4092	;# 
  1845   000FFD                     TOS             equ	4093	;# 
  1846   000FFD                     TOSL            equ	4093	;# 
  1847   000FFE                     TOSH            equ	4094	;# 
  1848   000FFF                     TOSU            equ	4095	;# 
  1849                           
  1850                           	psect	mediumconst
  1851   007C68                     __pmediumconst:
  1852                           	callstack 0
  1853   007C68  00                 	db	0
  1854   007C69                     _USB_SD_Ptr:
  1855                           	callstack 0
  1856   007C69  3B                 	db	low _sd000
  1857   007C6A  7D                 	db	high _sd000
  1858   007C6B  B0                 	db	low _sd001
  1859   007C6C  7C                 	db	high _sd001
  1860   007C6D  0D                 	db	low _sd002
  1861   007C6E  7D                 	db	high _sd002
  1862   007C6F                     __end_of_USB_SD_Ptr:
  1863                           	callstack 0
  1864   007C6F                     _USB_CD_Ptr:
  1865                           	callstack 0
  1866   007C6F  E4                 	db	low _configDescriptor1
  1867   007C70  7C                 	db	high _configDescriptor1
  1868   007C71                     __end_of_USB_CD_Ptr:
  1869                           	callstack 0
  1870   007C71                     _hid_rpt01:
  1871                           	callstack 0
  1872   007C71  05                 	db	5
  1873   007C72  01                 	db	1
  1874   007C73  09                 	db	9
  1875   007C74  06                 	db	6
  1876   007C75  A1                 	db	161
  1877   007C76  01                 	db	1
  1878   007C77  05                 	db	5
  1879   007C78  07                 	db	7
  1880   007C79  19                 	db	25
  1881   007C7A  E0                 	db	224
  1882   007C7B  29                 	db	41
  1883   007C7C  E7                 	db	231
  1884   007C7D  15                 	db	21
  1885   007C7E  00                 	db	0
  1886   007C7F  25                 	db	37
  1887   007C80  01                 	db	1
  1888   007C81  75                 	db	117
  1889   007C82  01                 	db	1
  1890   007C83  95                 	db	149
  1891   007C84  08                 	db	8
  1892   007C85  81                 	db	129
  1893   007C86  02                 	db	2
  1894   007C87  95                 	db	149
  1895   007C88  01                 	db	1
  1896   007C89  75                 	db	117
  1897   007C8A  08                 	db	8
  1898   007C8B  81                 	db	129
  1899   007C8C  03                 	db	3
  1900   007C8D  95                 	db	149
  1901   007C8E  05                 	db	5
  1902   007C8F  75                 	db	117
  1903   007C90  01                 	db	1
  1904   007C91  05                 	db	5
  1905   007C92  08                 	db	8
  1906   007C93  19                 	db	25
  1907   007C94  01                 	db	1
  1908   007C95  29                 	db	41
  1909   007C96  05                 	db	5
  1910   007C97  91                 	db	145
  1911   007C98  02                 	db	2
  1912   007C99  95                 	db	149
  1913   007C9A  01                 	db	1
  1914   007C9B  75                 	db	117
  1915   007C9C  03                 	db	3
  1916   007C9D  91                 	db	145
  1917   007C9E  03                 	db	3
  1918   007C9F  95                 	db	149
  1919   007CA0  06                 	db	6
  1920   007CA1  75                 	db	117
  1921   007CA2  08                 	db	8
  1922   007CA3  15                 	db	21
  1923   007CA4  00                 	db	0
  1924   007CA5  25                 	db	37
  1925   007CA6  65                 	db	101
  1926   007CA7  05                 	db	5
  1927   007CA8  07                 	db	7
  1928   007CA9  19                 	db	25
  1929   007CAA  00                 	db	0
  1930   007CAB  29                 	db	41
  1931   007CAC  65                 	db	101
  1932   007CAD  81                 	db	129
  1933   007CAE  00                 	db	0
  1934   007CAF  C0                 	db	192
  1935   007CB0                     __end_of_hid_rpt01:
  1936                           	callstack 0
  1937   007CB0                     _sd001:
  1938                           	callstack 0
  1939   007CB0  34                 	db	52
  1940   007CB1  03                 	db	3
  1941   007CB2  004D               	dw	77
  1942   007CB4  0069               	dw	105
  1943   007CB6  0063               	dw	99
  1944   007CB8  0072               	dw	114
  1945   007CBA  006F               	dw	111
  1946   007CBC  0063               	dw	99
  1947   007CBE  0068               	dw	104
  1948   007CC0  0069               	dw	105
  1949   007CC2  0070               	dw	112
  1950   007CC4  0020               	dw	32
  1951   007CC6  0054               	dw	84
  1952   007CC8  0065               	dw	101
  1953   007CCA  0063               	dw	99
  1954   007CCC  0068               	dw	104
  1955   007CCE  006E               	dw	110
  1956   007CD0  006F               	dw	111
  1957   007CD2  006C               	dw	108
  1958   007CD4  006F               	dw	111
  1959   007CD6  0067               	dw	103
  1960   007CD8  0079               	dw	121
  1961   007CDA  0020               	dw	32
  1962   007CDC  0049               	dw	73
  1963   007CDE  006E               	dw	110
  1964   007CE0  0063               	dw	99
  1965   007CE2  002E               	dw	46
  1966   007CE4                     __end_of_sd001:
  1967                           	callstack 0
  1968   007CE4                     _configDescriptor1:
  1969                           	callstack 0
  1970   007CE4  09                 	db	9
  1971   007CE5  02                 	db	2
  1972   007CE6  29                 	db	41
  1973   007CE7  00                 	db	0
  1974   007CE8  01                 	db	1
  1975   007CE9  01                 	db	1
  1976   007CEA  00                 	db	0
  1977   007CEB  C0                 	db	192
  1978   007CEC  32                 	db	50
  1979   007CED  09                 	db	9
  1980   007CEE  04                 	db	4
  1981   007CEF  00                 	db	0
  1982   007CF0  00                 	db	0
  1983   007CF1  02                 	db	2
  1984   007CF2  03                 	db	3
  1985   007CF3  01                 	db	1
  1986   007CF4  01                 	db	1
  1987   007CF5  00                 	db	0
  1988   007CF6  09                 	db	9
  1989   007CF7  21                 	db	33
  1990   007CF8  11                 	db	17
  1991   007CF9  01                 	db	1
  1992   007CFA  00                 	db	0
  1993   007CFB  01                 	db	1
  1994   007CFC  22                 	db	34
  1995   007CFD  3F                 	db	63
  1996   007CFE  00                 	db	0
  1997   007CFF  07                 	db	7
  1998   007D00  05                 	db	5
  1999   007D01  81                 	db	129
  2000   007D02  03                 	db	3
  2001   007D03  08                 	db	8
  2002   007D04  00                 	db	0
  2003   007D05  01                 	db	1
  2004   007D06  07                 	db	7
  2005   007D07  05                 	db	5
  2006   007D08  01                 	db	1
  2007   007D09  03                 	db	3
  2008   007D0A  08                 	db	8
  2009   007D0B  00                 	db	0
  2010   007D0C  01                 	db	1
  2011   007D0D                     __end_of_configDescriptor1:
  2012                           	callstack 0
  2013   007D0D                     _sd002:
  2014                           	callstack 0
  2015   007D0D  1C                 	db	28
  2016   007D0E  03                 	db	3
  2017   007D0F  004B               	dw	75
  2018   007D11  0065               	dw	101
  2019   007D13  0079               	dw	121
  2020   007D15  0062               	dw	98
  2021   007D17  006F               	dw	111
  2022   007D19  0061               	dw	97
  2023   007D1B  0072               	dw	114
  2024   007D1D  0064               	dw	100
  2025   007D1F  0020               	dw	32
  2026   007D21  0044               	dw	68
  2027   007D23  0065               	dw	101
  2028   007D25  006D               	dw	109
  2029   007D27  006F               	dw	111
  2030   007D29                     __end_of_sd002:
  2031                           	callstack 0
  2032   007D29                     _device_dsc:
  2033                           	callstack 0
  2034   007D29  12                 	db	18
  2035   007D2A  01                 	db	1
  2036   007D2B  0200               	dw	512
  2037   007D2D  00                 	db	0
  2038   007D2E  00                 	db	0
  2039   007D2F  00                 	db	0
  2040   007D30  08                 	db	8
  2041   007D31  04D8               	dw	1240
  2042   007D33  0055               	dw	85
  2043   007D35  0001               	dw	1
  2044   007D37  01                 	db	1
  2045   007D38  02                 	db	2
  2046   007D39  00                 	db	0
  2047   007D3A  01                 	db	1
  2048   007D3B                     __end_of_device_dsc:
  2049                           	callstack 0
  2050   007D3B                     _sd000:
  2051                           	callstack 0
  2052   007D3B  04                 	db	4
  2053   007D3C  03                 	db	3
  2054   007D3D  0409               	dw	1033
  2055   007D3F                     __end_of_sd000:
  2056                           	callstack 0
  2057   000500                     _inputReport    equ	1280
  2058   000508                     _outputReport   equ	1288
  2059   000F70                     _UEP0bits       set	3952
  2060   000F6D                     _UCON           set	3949
  2061   000F6C                     _USTAT          set	3948
  2062   000F69                     _UIEbits        set	3945
  2063   000F68                     _UIRbits        set	3944
  2064   000F6E                     _UADDR          set	3950
  2065   000F69                     _UIE            set	3945
  2066   000F6B                     _UEIE           set	3947
  2067   000F6F                     _UCFG           set	3951
  2068   000F68                     _UIR            set	3944
  2069   000F6A                     _UEIR           set	3946
  2070   000F95                     _TRISDbits      set	3989
  2071   000F8C                     _LATDbits       set	3980
  2072   000F93                     _TRISBbits      set	3987
  2073   000F81                     _PORTBbits      set	3969
  2074   000F6D                     _UCONbits       set	3949
  2075   000F71                     _UEP1           set	3953
  2076   000F70                     _UEP0           set	3952
  2077   000FA2                     _IPR2bits       set	4002
  2078   000FD0                     _RCONbits       set	4048
  2079   000FA1                     _PIR2bits       set	4001
  2080   000FA0                     _PIE2bits       set	4000
  2081   000FF2                     _INTCONbits     set	4082
  2082   007D3F  00                 	db	0	; dummy byte at the end
  2083   007C68                     __smallconst    set	__pmediumconst
  2084   007C68                     __mediumconst   set	__pmediumconst
  2085   000002                     __activetblptr  equ	2
  2086                           
  2087                           ; #config settings
  2088                           
  2089                           	psect	cinit
  2090   0022E6                     __pcinit:
  2091                           	callstack 0
  2092   0022E6                     start_initialization:
  2093                           	callstack 0
  2094   0022E6                     __initialization:
  2095                           	callstack 0
  2096                           
  2097                           ; Clear objects allocated to BANK0 (30 bytes)
  2098   0022E6  EE00  F060         	lfsr	0,__pbssBANK0
  2099   0022EA  0E1E               	movlw	30
  2100   0022EC                     clear_0:
  2101   0022EC  6AEE               	clrf	postinc0,c
  2102   0022EE  06E8               	decf	wreg,f,c
  2103   0022F0  E1FD               	bnz	clear_0
  2104                           
  2105                           ; Clear objects allocated to COMRAM (47 bytes)
  2106   0022F2  EE00  F001         	lfsr	0,__pbssCOMRAM
  2107   0022F6  0E2F               	movlw	47
  2108   0022F8                     clear_1:
  2109   0022F8  6AEE               	clrf	postinc0,c
  2110   0022FA  06E8               	decf	wreg,f,c
  2111   0022FC  E1FD               	bnz	clear_1
  2112   0022FE                     end_of_initialization:
  2113                           	callstack 0
  2114   0022FE                     __end_of__initialization:
  2115                           	callstack 0
  2116   0022FE  905C               	bcf	int$flags,0,c	;clear compiler interrupt flag (level 1)
  2117   002300  925C               	bcf	int$flags,1,c	;clear compiler interrupt flag (level 2)
  2118   002302  0E00               	movlw	low (__Lmediumconst shr (0+16))
  2119   002304  6EF8               	movwf	tblptru,c
  2120   002306  0100               	movlb	0
  2121   002308  EFC4  F011         	goto	_main	;jump to C main() function
  2122                           
  2123                           	psect	bssCOMRAM
  2124   000001                     __pbssCOMRAM:
  2125                           	callstack 0
  2126   000001                     _outPipes:
  2127                           	callstack 0
  2128   000001                     	ds	7
  2129   000008                     _inPipes:
  2130                           	callstack 0
  2131   000008                     	ds	5
  2132   00000D                     _pBDTEntryIn:
  2133                           	callstack 0
  2134   00000D                     	ds	4
  2135   000011                     _pBDTEntryOut:
  2136                           	callstack 0
  2137   000011                     	ds	4
  2138   000015                     _ep_data_out:
  2139                           	callstack 0
  2140   000015                     	ds	2
  2141   000017                     _ep_data_in:
  2142                           	callstack 0
  2143   000017                     	ds	2
  2144   000019                     _pBDTEntryEP0OutNext:
  2145                           	callstack 0
  2146   000019                     	ds	2
  2147   00001B                     _pBDTEntryEP0OutCurrent:
  2148                           	callstack 0
  2149   00001B                     	ds	2
  2150   00001D                     APP_LEDUpdateUSBStatus@ledCount:
  2151                           	callstack 0
  2152   00001D                     	ds	2
  2153   00001F                     _USBTicksSinceSuspendEnd:
  2154                           	callstack 0
  2155   00001F                     	ds	1
  2156   000020                     _USBDeferOUTDataStagePackets:
  2157                           	callstack 0
  2158   000020                     	ds	1
  2159   000021                     _USBDeferINDataStagePackets:
  2160                           	callstack 0
  2161   000021                     	ds	1
  2162   000022                     _USBStatusStageEnabledFlag2:
  2163                           	callstack 0
  2164   000022                     	ds	1
  2165   000023                     _USBStatusStageEnabledFlag1:
  2166                           	callstack 0
  2167   000023                     	ds	1
  2168   000024                     _USBDeferStatusStagePacket:
  2169                           	callstack 0
  2170   000024                     	ds	1
  2171   000025                     _USBStatusStageTimeoutCounter:
  2172                           	callstack 0
  2173   000025                     	ds	1
  2174   000026                     _BothEP0OutUOWNsSet:
  2175                           	callstack 0
  2176   000026                     	ds	1
  2177   000027                     _endpoint_number:
  2178                           	callstack 0
  2179   000027                     	ds	1
  2180   000028                     _USBBusIsSuspended:
  2181                           	callstack 0
  2182   000028                     	ds	1
  2183   000029                     _RemoteWakeup:
  2184                           	callstack 0
  2185   000029                     	ds	1
  2186   00002A                     _controlTransferState:
  2187                           	callstack 0
  2188   00002A                     	ds	1
  2189   00002B                     _shortPacketStatus:
  2190                           	callstack 0
  2191   00002B                     	ds	1
  2192   00002C                     _USBDeviceState:
  2193                           	callstack 0
  2194   00002C                     	ds	1
  2195   00002D                     _USTATcopy:
  2196                           	callstack 0
  2197   00002D                     	ds	1
  2198   00002E                     _USBAlternateInterface:
  2199                           	callstack 0
  2200   00002E                     	ds	1
  2201   00002F                     _USBActiveConfiguration:
  2202                           	callstack 0
  2203   00002F                     	ds	1
  2204                           
  2205                           	psect	bssBANK0
  2206   000060                     __pbssBANK0:
  2207                           	callstack 0
  2208   000060                     _oldInputReport:
  2209                           	callstack 0
  2210   000060                     	ds	8
  2211   000068                     _keyboard:
  2212                           	callstack 0
  2213   000068                     	ds	6
  2214   00006E                     _USB1msTickCount:
  2215                           	callstack 0
  2216   00006E                     	ds	4
  2217   000072                     _pDst:
  2218                           	callstack 0
  2219   000072                     	ds	2
  2220   000074                     _OldSOFCount:
  2221                           	callstack 0
  2222   000074                     	ds	2
  2223   000076                     _LocalSOFCount:
  2224                           	callstack 0
  2225   000076                     	ds	2
  2226   000078                     _keyboardIdleRate:
  2227                           	callstack 0
  2228   000078                     	ds	2
  2229   00007A                     _SOFCounter:
  2230                           	callstack 0
  2231   00007A                     	ds	2
  2232   00007C                     _active_protocol:
  2233                           	callstack 0
  2234   00007C                     	ds	1
  2235   00007D                     _idle_rate:
  2236                           	callstack 0
  2237   00007D                     	ds	1
  2238                           
  2239                           	psect	cstackBANK0
  2240   00007E                     __pcstackBANK0:
  2241                           	callstack 0
  2242   00007E                     ?_USBTransferOnePacket:
  2243                           	callstack 0
  2244   00007E                     USBTransferOnePacket@dir:
  2245                           	callstack 0
  2246   00007E                     memset@dest:
  2247                           	callstack 0
  2248   00007E                     ??_BUTTON_IsPressed:
  2249   00007E                     ??_LED_On:
  2250   00007E                     ??_LED_Off:
  2251   00007E                     ??_BUTTON_Enable:
  2252   00007E                     ??_LED_Enable:
  2253                           
  2254                           ; 1 bytes @ 0x0
  2255   00007E                     	ds	1
  2256   00007F                     USBTransferOnePacket@data:
  2257                           	callstack 0
  2258                           
  2259                           ; 2 bytes @ 0x1
  2260   00007F                     	ds	1
  2261   000080                     BUTTON_IsPressed@button:
  2262                           	callstack 0
  2263   000080                     BUTTON_Enable@button:
  2264                           	callstack 0
  2265   000080                     LED_On@led:
  2266                           	callstack 0
  2267   000080                     LED_Off@led:
  2268                           	callstack 0
  2269   000080                     LED_Enable@led:
  2270                           	callstack 0
  2271   000080                     memset@c:
  2272                           	callstack 0
  2273                           
  2274                           ; 2 bytes @ 0x2
  2275   000080                     	ds	1
  2276   000081                     USBTransferOnePacket@len:
  2277                           	callstack 0
  2278   000081                     ??_SYSTEM_Initialize:
  2279                           
  2280                           ; 1 bytes @ 0x3
  2281   000081                     	ds	1
  2282   000082                     memset@n:
  2283                           	callstack 0
  2284   000082                     ??_USBTransferOnePacket:
  2285                           
  2286                           ; 1 bytes @ 0x4
  2287   000082                     	ds	1
  2288   000083                     SYSTEM_Initialize@state:
  2289                           	callstack 0
  2290                           
  2291                           ; 1 bytes @ 0x5
  2292   000083                     	ds	1
  2293   000084                     memset@p:
  2294                           	callstack 0
  2295   000084                     
  2296                           ; 1 bytes @ 0x6
  2297   000084                     	ds	2
  2298   000086                     USBDeviceInit@i:
  2299                           	callstack 0
  2300   000086                     USBTransferOnePacket@ep:
  2301                           	callstack 0
  2302   000086                     
  2303                           ; 1 bytes @ 0x8
  2304   000086                     	ds	1
  2305   000087                     USBTransferOnePacket@handle:
  2306                           	callstack 0
  2307                           
  2308                           ; 2 bytes @ 0x9
  2309   000087                     	ds	2
  2310   000089                     ??_APP_KeyboardTasks:
  2311                           
  2312                           ; 1 bytes @ 0xB
  2313   000089                     	ds	2
  2314   00008B                     APP_KeyboardTasks@needToSendNewReportPacket:
  2315                           	callstack 0
  2316                           
  2317                           ; 1 bytes @ 0xD
  2318   00008B                     	ds	1
  2319   00008C                     APP_KeyboardTasks@TimeDeltaMilliseconds:
  2320                           	callstack 0
  2321                           
  2322                           ; 2 bytes @ 0xE
  2323   00008C                     	ds	2
  2324   00008E                     APP_KeyboardTasks@i:
  2325                           	callstack 0
  2326                           
  2327                           ; 1 bytes @ 0x10
  2328   00008E                     	ds	1
  2329   00008F                     
  2330                           ; 1 bytes @ 0x11
  2331                           
  2332                           	psect	cstackCOMRAM
  2333   000030                     __pcstackCOMRAM:
  2334                           	callstack 0
  2335   000030                     ?i2_USBTransferOnePacket:
  2336                           	callstack 0
  2337   000030                     USBHIDCBSetIdleRateHandler@newIdleRate:
  2338                           	callstack 0
  2339   000030                     USBConfigureEndpoint@direction:
  2340                           	callstack 0
  2341   000030                     USBCtrlTrfTxService@byteToSend:
  2342                           	callstack 0
  2343   000030                     i2USBTransferOnePacket@dir:
  2344                           	callstack 0
  2345   000030                     USBStdGetStatusHandler@p:
  2346                           	callstack 0
  2347   000030                     memcpy@d1:
  2348                           	callstack 0
  2349   000030                     i2memset@dest:
  2350                           	callstack 0
  2351   000030                     ??_USBStdGetDscHandler:
  2352   000030                     ??i2_BUTTON_Enable:
  2353   000030                     ??i2_LED_On:
  2354   000030                     ??i2_LED_Off:
  2355   000030                     ??i2_LED_Enable:
  2356                           
  2357                           ; 1 bytes @ 0x0
  2358   000030                     	ds	1
  2359   000031                     USBHIDCBSetIdleRateHandler@reportID:
  2360                           	callstack 0
  2361   000031                     i2USBTransferOnePacket@data:
  2362                           	callstack 0
  2363   000031                     ??_USBConfigureEndpoint:
  2364   000031                     
  2365                           ; 1 bytes @ 0x1
  2366   000031                     	ds	1
  2367   000032                     i2BUTTON_Enable@button:
  2368                           	callstack 0
  2369   000032                     i2LED_On@led:
  2370                           	callstack 0
  2371   000032                     i2LED_Off@led:
  2372                           	callstack 0
  2373   000032                     i2LED_Enable@led:
  2374                           	callstack 0
  2375   000032                     memcpy@s1:
  2376                           	callstack 0
  2377   000032                     i2memset@c:
  2378                           	callstack 0
  2379   000032                     
  2380                           ; 1 bytes @ 0x2
  2381   000032                     	ds	1
  2382   000033                     USBCtrlTrfRxService@i:
  2383                           	callstack 0
  2384   000033                     USBCtrlTrfInHandler@lastDTS:
  2385                           	callstack 0
  2386   000033                     i2USBTransferOnePacket@len:
  2387                           	callstack 0
  2388   000033                     ??_APP_LEDUpdateUSBStatus:
  2389   000033                     ??i2_SYSTEM_Initialize:
  2390                           
  2391                           ; 1 bytes @ 0x3
  2392   000033                     	ds	1
  2393   000034                     USBCtrlTrfRxService@byteToRead:
  2394                           	callstack 0
  2395   000034                     memcpy@n:
  2396                           	callstack 0
  2397   000034                     i2memset@n:
  2398                           	callstack 0
  2399   000034                     ??i2_USBTransferOnePacket:
  2400                           
  2401                           ; 1 bytes @ 0x4
  2402   000034                     	ds	1
  2403   000035                     i2SYSTEM_Initialize@state:
  2404                           	callstack 0
  2405   000035                     
  2406                           ; 1 bytes @ 0x5
  2407   000035                     	ds	1
  2408   000036                     memcpy@d:
  2409                           	callstack 0
  2410   000036                     i2memset@p:
  2411                           	callstack 0
  2412   000036                     
  2413                           ; 1 bytes @ 0x6
  2414   000036                     	ds	1
  2415   000037                     USBConfigureEndpoint@EPNum:
  2416                           	callstack 0
  2417                           
  2418                           ; 1 bytes @ 0x7
  2419   000037                     	ds	1
  2420   000038                     i2USBDeviceInit@i:
  2421                           	callstack 0
  2422   000038                     i2USBTransferOnePacket@ep:
  2423                           	callstack 0
  2424   000038                     USBConfigureEndpoint@handle:
  2425                           	callstack 0
  2426   000038                     memcpy@s:
  2427                           	callstack 0
  2428   000038                     
  2429                           ; 1 bytes @ 0x8
  2430   000038                     	ds	1
  2431   000039                     i2USBTransferOnePacket@handle:
  2432                           	callstack 0
  2433                           
  2434                           ; 2 bytes @ 0x9
  2435   000039                     	ds	1
  2436   00003A                     USBEnableEndpoint@options:
  2437                           	callstack 0
  2438   00003A                     memcpy@tmp:
  2439                           	callstack 0
  2440                           
  2441                           ; 1 bytes @ 0xA
  2442   00003A                     	ds	1
  2443   00003B                     USBEnableEndpoint@p:
  2444                           	callstack 0
  2445   00003B                     
  2446                           ; 1 bytes @ 0xB
  2447   00003B                     	ds	2
  2448   00003D                     USBEnableEndpoint@ep:
  2449                           	callstack 0
  2450                           
  2451                           ; 1 bytes @ 0xD
  2452   00003D                     	ds	1
  2453   00003E                     USER_USB_CALLBACK_EVENT_HANDLER@event:
  2454                           	callstack 0
  2455   00003E                     
  2456                           ; 1 bytes @ 0xE
  2457   00003E                     	ds	2
  2458   000040                     USER_USB_CALLBACK_EVENT_HANDLER@pdata:
  2459                           	callstack 0
  2460                           
  2461                           ; 2 bytes @ 0x10
  2462   000040                     	ds	2
  2463   000042                     USER_USB_CALLBACK_EVENT_HANDLER@size:
  2464                           	callstack 0
  2465                           
  2466                           ; 2 bytes @ 0x12
  2467   000042                     	ds	2
  2468   000044                     ??_USER_USB_CALLBACK_EVENT_HANDLER:
  2469                           
  2470                           ; 1 bytes @ 0x14
  2471   000044                     	ds	2
  2472   000046                     USBStdSetCfgHandler@i:
  2473                           	callstack 0
  2474   000046                     ??_USBStdFeatureReqHandler:
  2475   000046                     
  2476                           ; 1 bytes @ 0x16
  2477   000046                     	ds	2
  2478   000048                     USBStdFeatureReqHandler@pUEP:
  2479                           	callstack 0
  2480                           
  2481                           ; 2 bytes @ 0x18
  2482   000048                     	ds	2
  2483   00004A                     USBStdFeatureReqHandler@current_ep_data:
  2484                           	callstack 0
  2485                           
  2486                           ; 1 bytes @ 0x1A
  2487   00004A                     	ds	1
  2488   00004B                     USBStdFeatureReqHandler@p:
  2489                           	callstack 0
  2490                           
  2491                           ; 2 bytes @ 0x1B
  2492   00004B                     	ds	2
  2493   00004D                     ??_USBCheckStdRequest:
  2494                           
  2495                           ; 1 bytes @ 0x1D
  2496   00004D                     	ds	1
  2497   00004E                     ??_USBCtrlEPService:
  2498   00004E                     
  2499                           ; 1 bytes @ 0x1E
  2500   00004E                     	ds	1
  2501   00004F                     USBDeviceTasks@i:
  2502                           	callstack 0
  2503   00004F                     
  2504                           ; 1 bytes @ 0x1F
  2505   00004F                     	ds	1
  2506   000050                     ??_SYS_InterruptHigh:
  2507                           
  2508                           ; 1 bytes @ 0x20
  2509   000050                     	ds	12
  2510                           
  2511 ;;
  2512 ;;Main: autosize = 0, tempsize = 0, incstack = 0, save=0
  2513 ;;
  2514 ;; *************** function _main *****************
  2515 ;; Defined at:
  2516 ;;		line 38 in file "main.c"
  2517 ;; Parameters:    Size  Location     Type
  2518 ;;		None
  2519 ;; Auto vars:     Size  Location     Type
  2520 ;;		None
  2521 ;; Return value:  Size  Location     Type
  2522 ;;                  2  216[None  ] int 
  2523 ;; Registers used:
  2524 ;;		wreg, fsr1l, fsr1h, fsr2l, fsr2h, status,2, status,0, prodl, prodh, cstack
  2525 ;; Tracked objects:
  2526 ;;		On entry : 0/0
  2527 ;;		On exit  : 0/0
  2528 ;;		Unchanged: 0/0
  2529 ;; Data sizes:     COMRAM   BANK0   BANK1   BANK2   BANK3  BANK4h   BANK5   BANK6   BANK7
  2530 ;;      Params:         0       0       0       0       0       0       0       0       0
  2531 ;;      Locals:         0       0       0       0       0       0       0       0       0
  2532 ;;      Temps:          0       0       0       0       0       0       0       0       0
  2533 ;;      Totals:         0       0       0       0       0       0       0       0       0
  2534 ;;Total ram usage:        0 bytes
  2535 ;; Hardware stack levels required when called: 13
  2536 ;; This function calls:
  2537 ;;		_APP_KeyboardTasks
  2538 ;;		_SYSTEM_Initialize
  2539 ;;		_USBDeviceAttach
  2540 ;;		_USBDeviceInit
  2541 ;; This function is called by:
  2542 ;;		Startup code after reset
  2543 ;; This function uses a non-reentrant model
  2544 ;;
  2545                           
  2546                           	psect	text0
  2547   002388                     __ptext0:
  2548                           	callstack 0
  2549   002388                     _main:
  2550                           	callstack 18
  2551   002388                     
  2552                           ;main.c: 40:     SYSTEM_Initialize( SYSTEM_STATE_USB_START );
  2553   002388  0E00               	movlw	0
  2554   00238A  ECE5  F00F         	call	_SYSTEM_Initialize
  2555   00238E                     
  2556                           ;main.c: 42:     USBDeviceInit();
  2557   00238E  EC17  F008         	call	_USBDeviceInit	;wreg free
  2558   002392                     
  2559                           ;main.c: 43:     USBDeviceAttach();
  2560   002392  ECCD  F010         	call	_USBDeviceAttach	;wreg free
  2561   002396                     l4868:
  2562                           
  2563                           ;main.c: 46:     {;main.c: 65:         APP_KeyboardTasks();
  2564   002396  EC8C  F001         	call	_APP_KeyboardTasks	;wreg free
  2565   00239A  EFCB  F011         	goto	l4868
  2566   00239E  EF07  F000         	goto	start
  2567   0023A2                     __end_of_main:
  2568                           	callstack 0
  2569                           
  2570 ;; *************** function _USBDeviceInit *****************
  2571 ;; Defined at:
  2572 ;;		line 281 in file "usb_device.c"
  2573 ;; Parameters:    Size  Location     Type
  2574 ;;		None
  2575 ;; Auto vars:     Size  Location     Type
  2576 ;;  i               1    8[BANK0 ] unsigned char 
  2577 ;; Return value:  Size  Location     Type
  2578 ;;                  1    wreg      void 
  2579 ;; Registers used:
  2580 ;;		wreg, fsr2l, fsr2h, status,2, status,0, prodl, prodh, cstack
  2581 ;; Tracked objects:
  2582 ;;		On entry : 0/0
  2583 ;;		On exit  : 0/0
  2584 ;;		Unchanged: 0/0
  2585 ;; Data sizes:     COMRAM   BANK0   BANK1   BANK2   BANK3  BANK4h   BANK5   BANK6   BANK7
  2586 ;;      Params:         0       0       0       0       0       0       0       0       0
  2587 ;;      Locals:         0       1       0       0       0       0       0       0       0
  2588 ;;      Temps:          0       0       0       0       0       0       0       0       0
  2589 ;;      Totals:         0       1       0       0       0       0       0       0       0
  2590 ;;Total ram usage:        1 bytes
  2591 ;; Hardware stack levels used: 1
  2592 ;; Hardware stack levels required when called: 11
  2593 ;; This function calls:
  2594 ;;		_memset
  2595 ;; This function is called by:
  2596 ;;		_main
  2597 ;; This function uses a non-reentrant model
  2598 ;;
  2599                           
  2600                           	psect	text1
  2601   00102E                     __ptext1:
  2602                           	callstack 0
  2603   00102E                     _USBDeviceInit:
  2604                           	callstack 19
  2605   00102E                     
  2606                           ;usb_device.c: 283:     uint8_t i;;usb_device.c: 285:     {PIE2bits.USBIE = 0;};
  2607   00102E  9AA0               	bcf	160,5,c	;volatile
  2608                           
  2609                           ;usb_device.c: 292:     {UEIR = 0;};
  2610   001030  6A6A               	clrf	106,c	;volatile
  2611                           
  2612                           ;usb_device.c: 295:     {UIR = 0;};
  2613   001032  6A68               	clrf	104,c	;volatile
  2614                           
  2615                           ;usb_device.c: 298:     UEP0 = 0;
  2616   001034  6A70               	clrf	112,c	;volatile
  2617   001036                     
  2618                           ;usb_device.c: 300:     memset((void*)&UEP1,0x00,(1));;
  2619   001036  0E71               	movlw	113
  2620   001038  0100               	movlb	0	; () banked
  2621   00103A  6F7E               	movwf	memset@dest& (0+255),b
  2622   00103C  0E0F               	movlw	15
  2623   00103E  6F7F               	movwf	(memset@dest+1)& (0+255),b
  2624   001040  0E00               	movlw	0
  2625   001042  6F81               	movwf	(memset@c+1)& (0+255),b
  2626   001044  0E00               	movlw	0
  2627   001046  6F80               	movwf	memset@c& (0+255),b
  2628   001048  0E00               	movlw	0
  2629   00104A  6F83               	movwf	(memset@n+1)& (0+255),b
  2630   00104C  0E01               	movlw	1
  2631   00104E  6F82               	movwf	memset@n& (0+255),b
  2632   001050  ECEE  F010         	call	_memset	;wreg free
  2633   001054                     
  2634                           ;usb_device.c: 302:     { UCFG = 0x10 | 0x00 | 0x04 | 0x02; UEIE = 0x9F; UIE = 0x39 | 0x
      +                          40 | 0x02; };
  2635   001054  0E16               	movlw	22
  2636   001056  6E6F               	movwf	111,c	;volatile
  2637   001058  0E9F               	movlw	159
  2638   00105A  6E6B               	movwf	107,c	;volatile
  2639   00105C  0E7B               	movlw	123
  2640   00105E  6E69               	movwf	105,c	;volatile
  2641   001060                     
  2642                           ;usb_device.c: 311:     for(i = 0; i < (sizeof(BDT)/sizeof(BDT_ENTRY)); i++)
  2643   001060  0100               	movlb	0	; () banked
  2644   001062  6B86               	clrf	USBDeviceInit@i& (0+255),b
  2645   001064                     l4786:
  2646                           
  2647                           ; BSR set to: 0
  2648                           ;usb_device.c: 312:     {;usb_device.c: 313:         BDT[i].Val = 0x00;
  2649   001064  5186               	movf	USBDeviceInit@i& (0+255),w,b
  2650   001066  0D04               	mullw	4
  2651   001068  0E00               	movlw	0
  2652   00106A  24F3               	addwf	243,w,c
  2653   00106C  6ED9               	movwf	fsr2l,c
  2654   00106E  0E04               	movlw	4
  2655   001070  20F4               	addwfc	prodh,w,c
  2656   001072  6EDA               	movwf	fsr2h,c
  2657   001074  6ADE               	clrf	postinc2,c
  2658   001076  6ADE               	clrf	postinc2,c
  2659   001078  6ADE               	clrf	postinc2,c
  2660   00107A  6ADD               	clrf	postdec2,c
  2661   00107C                     
  2662                           ; BSR set to: 0
  2663                           ;usb_device.c: 314:     }
  2664   00107C  2B86               	incf	USBDeviceInit@i& (0+255),f,b
  2665   00107E                     
  2666                           ; BSR set to: 0
  2667   00107E  0E07               	movlw	7
  2668   001080  6586               	cpfsgt	USBDeviceInit@i& (0+255),b
  2669   001082  EF45  F008         	goto	u3491
  2670   001086  EF47  F008         	goto	u3490
  2671   00108A                     u3491:
  2672   00108A  EF32  F008         	goto	l4786
  2673   00108E                     u3490:
  2674   00108E                     
  2675                           ; BSR set to: 0
  2676                           ;usb_device.c: 317:     UCONbits.PPBRST = 1;
  2677   00108E  8C6D               	bsf	109,6,c	;volatile
  2678                           
  2679                           ;usb_device.c: 320:     UADDR = 0x00;
  2680   001090  6A6E               	clrf	110,c	;volatile
  2681                           
  2682                           ;usb_device.c: 323:     UCONbits.PKTDIS = 0;
  2683   001092  986D               	bcf	109,4,c	;volatile
  2684                           
  2685                           ;usb_device.c: 326:     UCONbits.PPBRST = 0;
  2686   001094  9C6D               	bcf	109,6,c	;volatile
  2687   001096                     l4792:
  2688                           
  2689                           ;usb_device.c: 330:     {;usb_device.c: 331:         (UIR &= 0xF7);
  2690   001096  9668               	bcf	104,3,c	;volatile
  2691   001098                     
  2692                           ;usb_device.c: 333:         inPipes[0].info.Val = 0;
  2693   001098  6A0A               	clrf	(_inPipes+2)^0,c	;volatile
  2694   00109A                     
  2695                           ;usb_device.c: 334:         outPipes[0].info.Val = 0;
  2696   00109A  6A03               	clrf	(_outPipes+2)^0,c	;volatile
  2697   00109C                     
  2698                           ;usb_device.c: 335:         outPipes[0].wCount.Val = 0;
  2699   00109C  0E00               	movlw	0
  2700   00109E  6E05               	movwf	(_outPipes+4)^0,c	;volatile
  2701   0010A0  0E00               	movlw	0
  2702   0010A2  6E04               	movwf	(_outPipes+3)^0,c	;volatile
  2703   0010A4                     
  2704                           ;usb_device.c: 336:     }while(UIRbits.TRNIF == 1);
  2705   0010A4  B668               	btfsc	104,3,c	;volatile
  2706   0010A6  EF57  F008         	goto	u3501
  2707   0010AA  EF59  F008         	goto	u3500
  2708   0010AE                     u3501:
  2709   0010AE  EF4B  F008         	goto	l4792
  2710   0010B2                     u3500:
  2711   0010B2                     
  2712                           ;usb_device.c: 340:     USBStatusStageEnabledFlag1 = 1;
  2713   0010B2  0E01               	movlw	1
  2714   0010B4  6E23               	movwf	_USBStatusStageEnabledFlag1^0,c	;volatile
  2715                           
  2716                           ;usb_device.c: 341:     USBStatusStageEnabledFlag2 = 1;
  2717   0010B6  0E01               	movlw	1
  2718   0010B8  6E22               	movwf	_USBStatusStageEnabledFlag2^0,c	;volatile
  2719   0010BA                     
  2720                           ;usb_device.c: 343:     USBDeferINDataStagePackets = 0;
  2721   0010BA  6A21               	clrf	_USBDeferINDataStagePackets^0,c	;volatile
  2722   0010BC                     
  2723                           ;usb_device.c: 344:     USBDeferOUTDataStagePackets = 0;
  2724   0010BC  6A20               	clrf	_USBDeferOUTDataStagePackets^0,c	;volatile
  2725   0010BE                     
  2726                           ;usb_device.c: 345:     USBBusIsSuspended = 0;
  2727   0010BE  6A28               	clrf	_USBBusIsSuspended^0,c	;volatile
  2728   0010C0                     
  2729                           ;usb_device.c: 349:     for(i = 0; i < (uint8_t)(1 +1u); i++)
  2730   0010C0  0100               	movlb	0	; () banked
  2731   0010C2  6B86               	clrf	USBDeviceInit@i& (0+255),b
  2732   0010C4                     l4816:
  2733                           
  2734                           ; BSR set to: 0
  2735                           ;usb_device.c: 350:     {;usb_device.c: 351:         pBDTEntryIn[i] = 0u;
  2736   0010C4  5186               	movf	USBDeviceInit@i& (0+255),w,b
  2737   0010C6  0D02               	mullw	2
  2738   0010C8  50F3               	movf	243,w,c
  2739   0010CA  0F0D               	addlw	low _pBDTEntryIn
  2740   0010CC  6ED9               	movwf	fsr2l,c
  2741   0010CE  6ADA               	clrf	fsr2h,c
  2742   0010D0  6ADE               	clrf	postinc2,c
  2743   0010D2  6ADD               	clrf	postdec2,c
  2744                           
  2745                           ;usb_device.c: 352:         pBDTEntryOut[i] = 0u;
  2746   0010D4  5186               	movf	USBDeviceInit@i& (0+255),w,b
  2747   0010D6  0D02               	mullw	2
  2748   0010D8  50F3               	movf	243,w,c
  2749   0010DA  0F11               	addlw	low _pBDTEntryOut
  2750   0010DC  6ED9               	movwf	fsr2l,c
  2751   0010DE  6ADA               	clrf	fsr2h,c
  2752   0010E0  6ADE               	clrf	postinc2,c
  2753   0010E2  6ADD               	clrf	postdec2,c
  2754   0010E4                     
  2755                           ; BSR set to: 0
  2756                           ;usb_device.c: 353:         ep_data_in[i].Val = 0u;
  2757   0010E4  5186               	movf	USBDeviceInit@i& (0+255),w,b
  2758   0010E6  0F17               	addlw	low _ep_data_in
  2759   0010E8  6ED9               	movwf	fsr2l,c
  2760   0010EA  6ADA               	clrf	fsr2h,c
  2761   0010EC  6ADF               	clrf	indf2,c
  2762   0010EE                     
  2763                           ; BSR set to: 0
  2764                           ;usb_device.c: 354:         ep_data_out[i].Val = 0u;
  2765   0010EE  5186               	movf	USBDeviceInit@i& (0+255),w,b
  2766   0010F0  0F15               	addlw	low _ep_data_out
  2767   0010F2  6ED9               	movwf	fsr2l,c
  2768   0010F4  6ADA               	clrf	fsr2h,c
  2769   0010F6  6ADF               	clrf	indf2,c
  2770   0010F8                     
  2771                           ; BSR set to: 0
  2772                           ;usb_device.c: 355:     }
  2773   0010F8  2B86               	incf	USBDeviceInit@i& (0+255),f,b
  2774   0010FA                     
  2775                           ; BSR set to: 0
  2776   0010FA  0E01               	movlw	1
  2777   0010FC  6586               	cpfsgt	USBDeviceInit@i& (0+255),b
  2778   0010FE  EF83  F008         	goto	u3511
  2779   001102  EF85  F008         	goto	u3510
  2780   001106                     u3511:
  2781   001106  EF62  F008         	goto	l4816
  2782   00110A                     u3510:
  2783   00110A                     
  2784                           ; BSR set to: 0
  2785                           ;usb_device.c: 358:     pBDTEntryIn[0] = (volatile BDT_ENTRY*)&BDT[2];
  2786   00110A  0E08               	movlw	8
  2787   00110C  6E0D               	movwf	_pBDTEntryIn^0,c
  2788   00110E  0E04               	movlw	4
  2789   001110  6E0E               	movwf	(_pBDTEntryIn+1)^0,c
  2790   001112                     
  2791                           ; BSR set to: 0
  2792                           ;usb_device.c: 360:     UEP0 = 0x06|0x10;
  2793   001112  0E16               	movlw	22
  2794   001114  6E70               	movwf	112,c	;volatile
  2795   001116                     
  2796                           ; BSR set to: 0
  2797                           ;usb_device.c: 362:     BDT[0].ADR = ((uint16_t)(&SetupPkt));
  2798   001116  0E04               	movlw	4
  2799   001118  0104               	movlb	4	; () banked
  2800   00111A  6F03               	movwf	3,b	;volatile
  2801   00111C  0E20               	movlw	32
  2802   00111E  6F02               	movwf	2,b	;volatile
  2803   001120                     
  2804                           ; BSR set to: 4
  2805                           ;usb_device.c: 363:     BDT[0].CNT = 8;
  2806   001120  0E08               	movlw	8
  2807   001122  6F01               	movwf	1,b	;volatile
  2808   001124                     
  2809                           ; BSR set to: 4
  2810                           ;usb_device.c: 364:     BDT[0].STAT.Val = 0x00|0x04;
  2811   001124  0E04               	movlw	4
  2812   001126  6F00               	movwf	0,b	;volatile
  2813   001128                     
  2814                           ; BSR set to: 4
  2815                           ;usb_device.c: 365:     BDT[0].STAT.Val |= 0x80;
  2816   001128  8F00               	bsf	0,7,b	;volatile
  2817   00112A                     
  2818                           ; BSR set to: 4
  2819                           ;usb_device.c: 368:     USBActiveConfiguration = 0;
  2820   00112A  6A2F               	clrf	_USBActiveConfiguration^0,c	;volatile
  2821   00112C                     
  2822                           ; BSR set to: 4
  2823                           ;usb_device.c: 370:     USB1msTickCount = 0;
  2824   00112C  0E00               	movlw	0
  2825   00112E  0100               	movlb	0	; () banked
  2826   001130  6F6E               	movwf	_USB1msTickCount& (0+255),b	;volatile
  2827   001132  0E00               	movlw	0
  2828   001134  6F6F               	movwf	(_USB1msTickCount+1)& (0+255),b	;volatile
  2829   001136  0E00               	movlw	0
  2830   001138  6F70               	movwf	(_USB1msTickCount+2)& (0+255),b	;volatile
  2831   00113A  0E00               	movlw	0
  2832   00113C  6F71               	movwf	(_USB1msTickCount+3)& (0+255),b	;volatile
  2833   00113E                     
  2834                           ; BSR set to: 0
  2835                           ;usb_device.c: 371:     USBTicksSinceSuspendEnd = 0;
  2836   00113E  6A1F               	clrf	_USBTicksSinceSuspendEnd^0,c	;volatile
  2837   001140                     
  2838                           ; BSR set to: 0
  2839                           ;usb_device.c: 374:     USBDeviceState = DETACHED_STATE;
  2840   001140  6A2C               	clrf	_USBDeviceState^0,c	;volatile
  2841   001142                     
  2842                           ; BSR set to: 0
  2843   001142  0012               	return		;funcret
  2844   001144                     __end_of_USBDeviceInit:
  2845                           	callstack 0
  2846                           
  2847 ;; *************** function _USBDeviceAttach *****************
  2848 ;; Defined at:
  2849 ;;		line 1356 in file "usb_device.c"
  2850 ;; Parameters:    Size  Location     Type
  2851 ;;		None
  2852 ;; Auto vars:     Size  Location     Type
  2853 ;;		None
  2854 ;; Return value:  Size  Location     Type
  2855 ;;                  1    wreg      void 
  2856 ;; Registers used:
  2857 ;;		wreg, status,2
  2858 ;; Tracked objects:
  2859 ;;		On entry : 0/0
  2860 ;;		On exit  : 0/0
  2861 ;;		Unchanged: 0/0
  2862 ;; Data sizes:     COMRAM   BANK0   BANK1   BANK2   BANK3  BANK4h   BANK5   BANK6   BANK7
  2863 ;;      Params:         0       0       0       0       0       0       0       0       0
  2864 ;;      Locals:         0       0       0       0       0       0       0       0       0
  2865 ;;      Temps:          0       0       0       0       0       0       0       0       0
  2866 ;;      Totals:         0       0       0       0       0       0       0       0       0
  2867 ;;Total ram usage:        0 bytes
  2868 ;; Hardware stack levels used: 1
  2869 ;; Hardware stack levels required when called: 10
  2870 ;; This function calls:
  2871 ;;		Nothing
  2872 ;; This function is called by:
  2873 ;;		_main
  2874 ;; This function uses a non-reentrant model
  2875 ;;
  2876                           
  2877                           	psect	text2
  2878   00219A                     __ptext2:
  2879                           	callstack 0
  2880   00219A                     _USBDeviceAttach:
  2881                           	callstack 20
  2882   00219A                     
  2883                           ;usb_device.c: 1360:     {;usb_device.c: 1361:         if(1 == 1)
  2884   00219A  502C               	movf	_USBDeviceState^0,w,c	;volatile
  2885   00219C  A4D8               	btfss	status,2,c
  2886   00219E  EFD3  F010         	goto	u3521
  2887   0021A2  EFD5  F010         	goto	u3520
  2888   0021A6                     u3521:
  2889   0021A6  EFED  F010         	goto	l442
  2890   0021AA                     u3520:
  2891   0021AA                     
  2892                           ;usb_device.c: 1362:         {;usb_device.c: 1364:             UCON = 0;
  2893   0021AA  6A6D               	clrf	109,c	;volatile
  2894                           
  2895                           ;usb_device.c: 1367:             UIE = 0;
  2896   0021AC  6A69               	clrf	105,c	;volatile
  2897   0021AE                     
  2898                           ;usb_device.c: 1371:             { UCFG = 0x10 | 0x00 | 0x04 | 0x02; UEIE = 0x9F; UIE = 
      +                          0x39 | 0x40 | 0x02; };
  2899   0021AE  0E16               	movlw	22
  2900   0021B0  6E6F               	movwf	111,c	;volatile
  2901   0021B2  0E9F               	movlw	159
  2902   0021B4  6E6B               	movwf	107,c	;volatile
  2903   0021B6  0E7B               	movlw	123
  2904   0021B8  6E69               	movwf	105,c	;volatile
  2905   0021BA                     
  2906                           ;usb_device.c: 1373:             {RCONbits.IPEN = 1;IPR2bits.USBIP = 1;PIE2bits.USBIE = 
      +                          1;INTCONbits.GIEH = 1;};
  2907   0021BA  8ED0               	bsf	208,7,c	;volatile
  2908   0021BC  8AA2               	bsf	162,5,c	;volatile
  2909   0021BE  8AA0               	bsf	160,5,c	;volatile
  2910   0021C0  8EF2               	bsf	242,7,c	;volatile
  2911                           
  2912                           ;usb_device.c: 1376:             while(!UCONbits.USBEN){UCONbits.USBEN = 1;}
  2913   0021C2  EFE4  F010         	goto	l439
  2914   0021C6                     l440:
  2915   0021C6  866D               	bsf	109,3,c	;volatile
  2916   0021C8                     l439:
  2917   0021C8  A66D               	btfss	109,3,c	;volatile
  2918   0021CA  EFE9  F010         	goto	u3531
  2919   0021CE  EFEB  F010         	goto	u3530
  2920   0021D2                     u3531:
  2921   0021D2  EFE3  F010         	goto	l440
  2922   0021D6                     u3530:
  2923   0021D6                     
  2924                           ;usb_device.c: 1379:             USBDeviceState = ATTACHED_STATE;
  2925   0021D6  0E01               	movlw	1
  2926   0021D8  6E2C               	movwf	_USBDeviceState^0,c	;volatile
  2927   0021DA                     l442:
  2928   0021DA  0012               	return		;funcret
  2929   0021DC                     __end_of_USBDeviceAttach:
  2930                           	callstack 0
  2931                           
  2932 ;; *************** function _SYSTEM_Initialize *****************
  2933 ;; Defined at:
  2934 ;;		line 87 in file "system.c"
  2935 ;; Parameters:    Size  Location     Type
  2936 ;;  state           1    wreg     enum E3561
  2937 ;; Auto vars:     Size  Location     Type
  2938 ;;  state           1    5[BANK0 ] enum E3561
  2939 ;; Return value:  Size  Location     Type
  2940 ;;                  1    wreg      void 
  2941 ;; Registers used:
  2942 ;;		wreg, status,2, status,0, cstack
  2943 ;; Tracked objects:
  2944 ;;		On entry : 0/0
  2945 ;;		On exit  : 0/0
  2946 ;;		Unchanged: 0/0
  2947 ;; Data sizes:     COMRAM   BANK0   BANK1   BANK2   BANK3  BANK4h   BANK5   BANK6   BANK7
  2948 ;;      Params:         0       0       0       0       0       0       0       0       0
  2949 ;;      Locals:         0       1       0       0       0       0       0       0       0
  2950 ;;      Temps:          0       2       0       0       0       0       0       0       0
  2951 ;;      Totals:         0       3       0       0       0       0       0       0       0
  2952 ;;Total ram usage:        3 bytes
  2953 ;; Hardware stack levels used: 1
  2954 ;; Hardware stack levels required when called: 11
  2955 ;; This function calls:
  2956 ;;		_BUTTON_Enable
  2957 ;;		_LED_Enable
  2958 ;; This function is called by:
  2959 ;;		_main
  2960 ;; This function uses a non-reentrant model
  2961 ;;
  2962                           
  2963                           	psect	text3
  2964   001FCA                     __ptext3:
  2965                           	callstack 0
  2966   001FCA                     _SYSTEM_Initialize:
  2967                           	callstack 19
  2968                           
  2969                           ;incstack = 0
  2970                           ;SYSTEM_Initialize@state stored from wreg
  2971   001FCA  0100               	movlb	0	; () banked
  2972   001FCC  6F83               	movwf	SYSTEM_Initialize@state& (0+255),b
  2973   001FCE                     
  2974                           ;system.c: 87: void SYSTEM_Initialize( SYSTEM_STATE state );system.c: 88: {;system.c: 89
      +                          :     switch(state)
  2975   001FCE  EFF4  F00F         	goto	l4146
  2976   001FD2                     l4142:
  2977                           
  2978                           ; BSR set to: 0
  2979                           ;system.c: 92:             LED_Enable(LED_D1);
  2980   001FD2  0E01               	movlw	1
  2981   001FD4  EC56  F00E         	call	_LED_Enable
  2982                           
  2983                           ;system.c: 93:             LED_Enable(LED_D2);
  2984   001FD8  0E02               	movlw	2
  2985   001FDA  EC56  F00E         	call	_LED_Enable
  2986                           
  2987                           ;system.c: 94:             BUTTON_Enable(BUTTON_S2);
  2988   001FDE  0E01               	movlw	1
  2989   001FE0  EC85  F010         	call	_BUTTON_Enable
  2990                           
  2991                           ;system.c: 95:             break;
  2992   001FE4  EF0E  F010         	goto	l234
  2993   001FE8                     l4146:
  2994   001FE8  0100               	movlb	0	; () banked
  2995   001FEA  5183               	movf	SYSTEM_Initialize@state& (0+255),w,b
  2996   001FEC  6F81               	movwf	??_SYSTEM_Initialize& (0+255),b
  2997   001FEE  6B82               	clrf	(??_SYSTEM_Initialize+1)& (0+255),b
  2998                           
  2999                           ; Switch on 2 bytes has been partitioned into a top level switch of size 1, and 1 sub-sw
      +                          itches
  3000                           ; Switch size 1, requested type "simple"
  3001                           ; Number of cases is 1, Range of values is 0 to 0
  3002                           ; switch strategies available:
  3003                           ; Name         Instructions Cycles
  3004                           ; simple_byte            4     3 (average)
  3005                           ;	Chosen strategy is simple_byte
  3006   001FF0  5182               	movf	(??_SYSTEM_Initialize+1)& (0+255),w,b
  3007   001FF2  0A00               	xorlw	0	; case 0
  3008   001FF4  B4D8               	btfsc	status,2,c
  3009   001FF6  EFFF  F00F         	goto	l5200
  3010   001FFA  EF0E  F010         	goto	l234
  3011   001FFE                     l5200:
  3012                           
  3013                           ; BSR set to: 0
  3014                           ; Switch size 1, requested type "simple"
  3015                           ; Number of cases is 3, Range of values is 0 to 2
  3016                           ; switch strategies available:
  3017                           ; Name         Instructions Cycles
  3018                           ; simple_byte           10     6 (average)
  3019                           ;	Chosen strategy is simple_byte
  3020   001FFE  5181               	movf	??_SYSTEM_Initialize& (0+255),w,b
  3021   002000  0A00               	xorlw	0	; case 0
  3022   002002  B4D8               	btfsc	status,2,c
  3023   002004  EFE9  F00F         	goto	l4142
  3024   002008  0A01               	xorlw	1	; case 1
  3025   00200A  B4D8               	btfsc	status,2,c
  3026   00200C  EF0E  F010         	goto	l234
  3027   002010  0A03               	xorlw	3	; case 2
  3028   002012  B4D8               	btfsc	status,2,c
  3029   002014  EF0E  F010         	goto	l234
  3030   002018  EF0E  F010         	goto	l234
  3031   00201C                     l234:
  3032   00201C  0012               	return		;funcret
  3033   00201E                     __end_of_SYSTEM_Initialize:
  3034                           	callstack 0
  3035                           
  3036 ;; *************** function _LED_Enable *****************
  3037 ;; Defined at:
  3038 ;;		line 257 in file "leds.c"
  3039 ;; Parameters:    Size  Location     Type
  3040 ;;  led             1    wreg     enum E2
  3041 ;; Auto vars:     Size  Location     Type
  3042 ;;  led             1    2[BANK0 ] enum E2
  3043 ;; Return value:  Size  Location     Type
  3044 ;;                  1    wreg      void 
  3045 ;; Registers used:
  3046 ;;		wreg, status,2, status,0
  3047 ;; Tracked objects:
  3048 ;;		On entry : 0/0
  3049 ;;		On exit  : 0/0
  3050 ;;		Unchanged: 0/0
  3051 ;; Data sizes:     COMRAM   BANK0   BANK1   BANK2   BANK3  BANK4h   BANK5   BANK6   BANK7
  3052 ;;      Params:         0       0       0       0       0       0       0       0       0
  3053 ;;      Locals:         0       1       0       0       0       0       0       0       0
  3054 ;;      Temps:          0       2       0       0       0       0       0       0       0
  3055 ;;      Totals:         0       3       0       0       0       0       0       0       0
  3056 ;;Total ram usage:        3 bytes
  3057 ;; Hardware stack levels used: 1
  3058 ;; Hardware stack levels required when called: 10
  3059 ;; This function calls:
  3060 ;;		Nothing
  3061 ;; This function is called by:
  3062 ;;		_SYSTEM_Initialize
  3063 ;; This function uses a non-reentrant model
  3064 ;;
  3065                           
  3066                           	psect	text4
  3067   001CAC                     __ptext4:
  3068                           	callstack 0
  3069   001CAC                     _LED_Enable:
  3070                           	callstack 19
  3071                           
  3072                           ;incstack = 0
  3073                           ;LED_Enable@led stored from wreg
  3074   001CAC  0100               	movlb	0	; () banked
  3075   001CAE  6F80               	movwf	LED_Enable@led& (0+255),b
  3076   001CB0                     
  3077                           ;leds.c: 257: void LED_Enable(LED led);leds.c: 258: {;leds.c: 259:     switch(led)
  3078   001CB0  EF66  F00E         	goto	l3920
  3079   001CB4                     l198:
  3080                           
  3081                           ; BSR set to: 0
  3082                           ;leds.c: 262:             TRISDbits.TRISD3 = 0;
  3083   001CB4  9695               	bcf	149,3,c	;volatile
  3084                           
  3085                           ;leds.c: 263:             break;
  3086   001CB6  EF88  F00E         	goto	l204
  3087   001CBA                     l200:
  3088                           
  3089                           ; BSR set to: 0
  3090                           ;leds.c: 266:             TRISDbits.TRISD1 = 0;
  3091   001CBA  9295               	bcf	149,1,c	;volatile
  3092                           
  3093                           ;leds.c: 267:             break;
  3094   001CBC  EF88  F00E         	goto	l204
  3095   001CC0                     l201:
  3096                           
  3097                           ; BSR set to: 0
  3098                           ;leds.c: 270:             TRISDbits.TRISD2 = 0;
  3099   001CC0  9495               	bcf	149,2,c	;volatile
  3100                           
  3101                           ;leds.c: 271:             break;
  3102   001CC2  EF88  F00E         	goto	l204
  3103   001CC6                     l202:
  3104                           
  3105                           ; BSR set to: 0
  3106                           ;leds.c: 274:             TRISDbits.TRISD3 = 0;
  3107   001CC6  9695               	bcf	149,3,c	;volatile
  3108                           
  3109                           ;leds.c: 275:             break;
  3110   001CC8  EF88  F00E         	goto	l204
  3111   001CCC                     l3920:
  3112   001CCC  0100               	movlb	0	; () banked
  3113   001CCE  5180               	movf	LED_Enable@led& (0+255),w,b
  3114   001CD0  6F7E               	movwf	??_LED_Enable& (0+255),b
  3115   001CD2  6B7F               	clrf	(??_LED_Enable+1)& (0+255),b
  3116                           
  3117                           ; Switch on 2 bytes has been partitioned into a top level switch of size 1, and 1 sub-sw
      +                          itches
  3118                           ; Switch size 1, requested type "simple"
  3119                           ; Number of cases is 1, Range of values is 0 to 0
  3120                           ; switch strategies available:
  3121                           ; Name         Instructions Cycles
  3122                           ; simple_byte            4     3 (average)
  3123                           ;	Chosen strategy is simple_byte
  3124   001CD4  517F               	movf	(??_LED_Enable+1)& (0+255),w,b
  3125   001CD6  0A00               	xorlw	0	; case 0
  3126   001CD8  B4D8               	btfsc	status,2,c
  3127   001CDA  EF71  F00E         	goto	l5202
  3128   001CDE  EF88  F00E         	goto	l204
  3129   001CE2                     l5202:
  3130                           
  3131                           ; BSR set to: 0
  3132                           ; Switch size 1, requested type "simple"
  3133                           ; Number of cases is 5, Range of values is 0 to 4
  3134                           ; switch strategies available:
  3135                           ; Name         Instructions Cycles
  3136                           ; simple_byte           16     9 (average)
  3137                           ;	Chosen strategy is simple_byte
  3138   001CE2  517E               	movf	??_LED_Enable& (0+255),w,b
  3139   001CE4  0A00               	xorlw	0	; case 0
  3140   001CE6  B4D8               	btfsc	status,2,c
  3141   001CE8  EF88  F00E         	goto	l204
  3142   001CEC  0A01               	xorlw	1	; case 1
  3143   001CEE  B4D8               	btfsc	status,2,c
  3144   001CF0  EF5A  F00E         	goto	l198
  3145   001CF4  0A03               	xorlw	3	; case 2
  3146   001CF6  B4D8               	btfsc	status,2,c
  3147   001CF8  EF5D  F00E         	goto	l200
  3148   001CFC  0A01               	xorlw	1	; case 3
  3149   001CFE  B4D8               	btfsc	status,2,c
  3150   001D00  EF60  F00E         	goto	l201
  3151   001D04  0A07               	xorlw	7	; case 4
  3152   001D06  B4D8               	btfsc	status,2,c
  3153   001D08  EF63  F00E         	goto	l202
  3154   001D0C  EF88  F00E         	goto	l204
  3155   001D10                     l204:
  3156                           
  3157                           ; BSR set to: 0
  3158   001D10  0012               	return		;funcret
  3159   001D12                     __end_of_LED_Enable:
  3160                           	callstack 0
  3161                           
  3162 ;; *************** function _BUTTON_Enable *****************
  3163 ;; Defined at:
  3164 ;;		line 128 in file "buttons.c"
  3165 ;; Parameters:    Size  Location     Type
  3166 ;;  button          1    wreg     enum E3343
  3167 ;; Auto vars:     Size  Location     Type
  3168 ;;  button          1    2[BANK0 ] enum E3343
  3169 ;; Return value:  Size  Location     Type
  3170 ;;                  1    wreg      void 
  3171 ;; Registers used:
  3172 ;;		wreg, status,2, status,0
  3173 ;; Tracked objects:
  3174 ;;		On entry : 0/0
  3175 ;;		On exit  : 0/0
  3176 ;;		Unchanged: 0/0
  3177 ;; Data sizes:     COMRAM   BANK0   BANK1   BANK2   BANK3  BANK4h   BANK5   BANK6   BANK7
  3178 ;;      Params:         0       0       0       0       0       0       0       0       0
  3179 ;;      Locals:         0       1       0       0       0       0       0       0       0
  3180 ;;      Temps:          0       2       0       0       0       0       0       0       0
  3181 ;;      Totals:         0       3       0       0       0       0       0       0       0
  3182 ;;Total ram usage:        3 bytes
  3183 ;; Hardware stack levels used: 1
  3184 ;; Hardware stack levels required when called: 10
  3185 ;; This function calls:
  3186 ;;		Nothing
  3187 ;; This function is called by:
  3188 ;;		_SYSTEM_Initialize
  3189 ;; This function uses a non-reentrant model
  3190 ;;
  3191                           
  3192                           	psect	text5
  3193   00210A                     __ptext5:
  3194                           	callstack 0
  3195   00210A                     _BUTTON_Enable:
  3196                           	callstack 19
  3197                           
  3198                           ; BSR set to: 0
  3199                           ;incstack = 0
  3200                           ;BUTTON_Enable@button stored from wreg
  3201   00210A  0100               	movlb	0	; () banked
  3202   00210C  6F80               	movwf	BUTTON_Enable@button& (0+255),b
  3203   00210E                     
  3204                           ;buttons.c: 128: void BUTTON_Enable(BUTTON button);buttons.c: 129: {;buttons.c: 130:    
      +                           switch(button)
  3205   00210E  EF8F  F010         	goto	l3908
  3206   002112                     l146:
  3207                           
  3208                           ; BSR set to: 0
  3209                           ;buttons.c: 133:             TRISBbits.TRISB4 = 1;
  3210   002112  8893               	bsf	147,4,c	;volatile
  3211                           
  3212                           ;buttons.c: 134:             break;
  3213   002114  EFA9  F010         	goto	l150
  3214   002118                     l148:
  3215                           
  3216                           ; BSR set to: 0
  3217                           ;buttons.c: 137:             TRISBbits.TRISB5 = 1;
  3218   002118  8A93               	bsf	147,5,c	;volatile
  3219                           
  3220                           ;buttons.c: 138:             break;
  3221   00211A  EFA9  F010         	goto	l150
  3222   00211E                     l3908:
  3223   00211E  0100               	movlb	0	; () banked
  3224   002120  5180               	movf	BUTTON_Enable@button& (0+255),w,b
  3225   002122  6F7E               	movwf	??_BUTTON_Enable& (0+255),b
  3226   002124  6B7F               	clrf	(??_BUTTON_Enable+1)& (0+255),b
  3227                           
  3228                           ; Switch on 2 bytes has been partitioned into a top level switch of size 1, and 1 sub-sw
      +                          itches
  3229                           ; Switch size 1, requested type "simple"
  3230                           ; Number of cases is 1, Range of values is 0 to 0
  3231                           ; switch strategies available:
  3232                           ; Name         Instructions Cycles
  3233                           ; simple_byte            4     3 (average)
  3234                           ;	Chosen strategy is simple_byte
  3235   002126  517F               	movf	(??_BUTTON_Enable+1)& (0+255),w,b
  3236   002128  0A00               	xorlw	0	; case 0
  3237   00212A  B4D8               	btfsc	status,2,c
  3238   00212C  EF9A  F010         	goto	l5204
  3239   002130  EFA9  F010         	goto	l150
  3240   002134                     l5204:
  3241                           
  3242                           ; BSR set to: 0
  3243                           ; Switch size 1, requested type "simple"
  3244                           ; Number of cases is 3, Range of values is 0 to 2
  3245                           ; switch strategies available:
  3246                           ; Name         Instructions Cycles
  3247                           ; simple_byte           10     6 (average)
  3248                           ;	Chosen strategy is simple_byte
  3249   002134  517E               	movf	??_BUTTON_Enable& (0+255),w,b
  3250   002136  0A00               	xorlw	0	; case 0
  3251   002138  B4D8               	btfsc	status,2,c
  3252   00213A  EFA9  F010         	goto	l150
  3253   00213E  0A01               	xorlw	1	; case 1
  3254   002140  B4D8               	btfsc	status,2,c
  3255   002142  EF89  F010         	goto	l146
  3256   002146  0A03               	xorlw	3	; case 2
  3257   002148  B4D8               	btfsc	status,2,c
  3258   00214A  EF8C  F010         	goto	l148
  3259   00214E  EFA9  F010         	goto	l150
  3260   002152                     l150:
  3261                           
  3262                           ; BSR set to: 0
  3263   002152  0012               	return		;funcret
  3264   002154                     __end_of_BUTTON_Enable:
  3265                           	callstack 0
  3266                           
  3267 ;; *************** function _APP_KeyboardTasks *****************
  3268 ;; Defined at:
  3269 ;;		line 305 in file "app_device_keyboard.c"
  3270 ;; Parameters:    Size  Location     Type
  3271 ;;		None
  3272 ;; Auto vars:     Size  Location     Type
  3273 ;;  TimeDeltaMil    2   14[BANK0 ] int 
  3274 ;;  i               1   16[BANK0 ] unsigned char 
  3275 ;;  needToSendNe    1   13[BANK0 ] _Bool 
  3276 ;; Return value:  Size  Location     Type
  3277 ;;                  1    wreg      void 
  3278 ;; Registers used:
  3279 ;;		wreg, fsr1l, fsr1h, fsr2l, fsr2h, status,2, status,0, prodl, prodh, cstack
  3280 ;; Tracked objects:
  3281 ;;		On entry : 0/0
  3282 ;;		On exit  : 0/0
  3283 ;;		Unchanged: 0/0
  3284 ;; Data sizes:     COMRAM   BANK0   BANK1   BANK2   BANK3  BANK4h   BANK5   BANK6   BANK7
  3285 ;;      Params:         0       0       0       0       0       0       0       0       0
  3286 ;;      Locals:         0       4       0       0       0       0       0       0       0
  3287 ;;      Temps:          0       2       0       0       0       0       0       0       0
  3288 ;;      Totals:         0       6       0       0       0       0       0       0       0
  3289 ;;Total ram usage:        6 bytes
  3290 ;; Hardware stack levels used: 1
  3291 ;; Hardware stack levels required when called: 12
  3292 ;; This function calls:
  3293 ;;		_APP_KeyboardProcessOutputReport
  3294 ;;		_BUTTON_IsPressed
  3295 ;;		_USBTransferOnePacket
  3296 ;;		_memset
  3297 ;; This function is called by:
  3298 ;;		_main
  3299 ;; This function uses a non-reentrant model
  3300 ;;
  3301                           
  3302                           	psect	text6
  3303   000318                     __ptext6:
  3304                           	callstack 0
  3305   000318                     _APP_KeyboardTasks:
  3306                           	callstack 18
  3307   000318                     
  3308                           ;app_device_keyboard.c: 307:     signed int TimeDeltaMilliseconds;;app_device_keyboard.c
      +                          : 308:     unsigned char i;;app_device_keyboard.c: 309:     _Bool needToSendNewReportPac
      +                          ket;;app_device_keyboard.c: 314:     if( USBDeviceState < CONFIGURED_STATE )
  3309   000318  0E20               	movlw	32
  3310   00031A  602C               	cpfslt	_USBDeviceState^0,c	;volatile
  3311   00031C  EF92  F001         	goto	u3311
  3312   000320  EF94  F001         	goto	u3310
  3313   000324                     u3311:
  3314   000324  EF96  F001         	goto	l63
  3315   000328                     u3310:
  3316   000328  EFB1  F002         	goto	l64
  3317   00032C                     l63:
  3318                           
  3319                           ;app_device_keyboard.c: 323:     if( UCONbits.SUSPND== 1 )
  3320   00032C  A26D               	btfss	109,1,c	;volatile
  3321   00032E  EF9B  F001         	goto	u3321
  3322   000332  EF9D  F001         	goto	u3320
  3323   000336                     u3321:
  3324   000336  EFA6  F001         	goto	l4708
  3325   00033A                     u3320:
  3326   00033A                     
  3327                           ;app_device_keyboard.c: 324:     {;app_device_keyboard.c: 327:         if(BUTTON_IsPress
      +                          ed(BUTTON_S2) == 0)
  3328   00033A  0E01               	movlw	1
  3329   00033C  ECB1  F00D         	call	_BUTTON_IsPressed
  3330   000340  EFB1  F002         	goto	l64
  3331   000344                     l68:
  3332                           
  3333                           ; BSR set to: 0
  3334                           ;app_device_keyboard.c: 339:     {;app_device_keyboard.c: 340:         LocalSOFCount = S
      +                          OFCounter;
  3335   000344  C07A  F076         	movff	_SOFCounter,_LocalSOFCount	;volatile
  3336   000348  C07B  F077         	movff	_SOFCounter+1,_LocalSOFCount+1	;volatile
  3337   00034C                     l4708:
  3338                           
  3339                           ;app_device_keyboard.c: 338:     while(LocalSOFCount != SOFCounter)
  3340   00034C  0100               	movlb	0	; () banked
  3341   00034E  517A               	movf	_SOFCounter& (0+255),w,b	;volatile
  3342   000350  1976               	xorwf	_LocalSOFCount& (0+255),w,b
  3343   000352  E107               	bnz	u3331
  3344   000354  517B               	movf	(_SOFCounter+1)& (0+255),w,b	;volatile
  3345   000356  1977               	xorwf	(_LocalSOFCount+1)& (0+255),w,b
  3346   000358  A4D8               	btfss	status,2,c
  3347   00035A  EFB1  F001         	goto	u3331
  3348   00035E  EFB3  F001         	goto	u3330
  3349   000362                     u3331:
  3350   000362  EFA2  F001         	goto	l68
  3351   000366                     u3330:
  3352   000366                     
  3353                           ; BSR set to: 0
  3354                           ;app_device_keyboard.c: 345:     TimeDeltaMilliseconds = LocalSOFCount - OldSOFCount;
  3355   000366  5174               	movf	_OldSOFCount& (0+255),w,b
  3356   000368  5D76               	subwf	_LocalSOFCount& (0+255),w,b
  3357   00036A  6F8C               	movwf	APP_KeyboardTasks@TimeDeltaMilliseconds& (0+255),b
  3358   00036C  5175               	movf	(_OldSOFCount+1)& (0+255),w,b
  3359   00036E  5977               	subwfb	(_LocalSOFCount+1)& (0+255),w,b
  3360   000370  6F8D               	movwf	(APP_KeyboardTasks@TimeDeltaMilliseconds+1)& (0+255),b
  3361                           
  3362                           ;app_device_keyboard.c: 347:     if(TimeDeltaMilliseconds < 0)
  3363   000372  BF8D               	btfsc	(APP_KeyboardTasks@TimeDeltaMilliseconds+1)& (0+255),7,b
  3364   000374  EFC0  F001         	goto	u3340
  3365   000378  EFBE  F001         	goto	u3341
  3366   00037C                     u3341:
  3367   00037C  EFCC  F001         	goto	l70
  3368   000380                     u3340:
  3369   000380                     
  3370                           ; BSR set to: 0
  3371                           ;app_device_keyboard.c: 348:     {;app_device_keyboard.c: 349:         TimeDeltaMillisec
      +                          onds = (32767 - OldSOFCount) + LocalSOFCount;
  3372   000380  5174               	movf	_OldSOFCount& (0+255),w,b
  3373   000382  5D76               	subwf	_LocalSOFCount& (0+255),w,b
  3374   000384  6F89               	movwf	??_APP_KeyboardTasks& (0+255),b
  3375   000386  5175               	movf	(_OldSOFCount+1)& (0+255),w,b
  3376   000388  5977               	subwfb	(_LocalSOFCount+1)& (0+255),w,b
  3377   00038A  6F8A               	movwf	(??_APP_KeyboardTasks+1)& (0+255),b
  3378   00038C  0EFF               	movlw	255
  3379   00038E  2589               	addwf	??_APP_KeyboardTasks& (0+255),w,b
  3380   000390  6F8C               	movwf	APP_KeyboardTasks@TimeDeltaMilliseconds& (0+255),b
  3381   000392  0E7F               	movlw	127
  3382   000394  218A               	addwfc	(??_APP_KeyboardTasks+1)& (0+255),w,b
  3383   000396  6F8D               	movwf	(APP_KeyboardTasks@TimeDeltaMilliseconds+1)& (0+255),b
  3384   000398                     l70:
  3385                           
  3386                           ; BSR set to: 0
  3387                           ;app_device_keyboard.c: 356:     if(TimeDeltaMilliseconds > 5000)
  3388   000398  BF8D               	btfsc	(APP_KeyboardTasks@TimeDeltaMilliseconds+1)& (0+255),7,b
  3389   00039A  EFD8  F001         	goto	u3351
  3390   00039E  0E89               	movlw	137
  3391   0003A0  5D8C               	subwf	APP_KeyboardTasks@TimeDeltaMilliseconds& (0+255),w,b
  3392   0003A2  0E13               	movlw	19
  3393   0003A4  598D               	subwfb	(APP_KeyboardTasks@TimeDeltaMilliseconds+1)& (0+255),w,b
  3394   0003A6  A0D8               	btfss	status,0,c
  3395   0003A8  EFD8  F001         	goto	u3351
  3396   0003AC  EFDA  F001         	goto	u3350
  3397   0003B0                     u3351:
  3398   0003B0  EFE0  F001         	goto	l71
  3399   0003B4                     u3350:
  3400   0003B4                     
  3401                           ; BSR set to: 0
  3402                           ;app_device_keyboard.c: 357:     {;app_device_keyboard.c: 358:         OldSOFCount = Loc
      +                          alSOFCount - 5000;
  3403   0003B4  0E78               	movlw	120
  3404   0003B6  2576               	addwf	_LocalSOFCount& (0+255),w,b
  3405   0003B8  6F74               	movwf	_OldSOFCount& (0+255),b
  3406   0003BA  0EEC               	movlw	236
  3407   0003BC  2177               	addwfc	(_LocalSOFCount+1)& (0+255),w,b
  3408   0003BE  6F75               	movwf	(_OldSOFCount+1)& (0+255),b
  3409   0003C0                     l71:
  3410                           
  3411                           ; BSR set to: 0
  3412                           ;app_device_keyboard.c: 364:     if(((keyboard.lastINTransmission != 0x0000) && ((*(vola
      +                          tile uint8_t*)keyboard.lastINTransmission & 0x80) != 0x00)) == 0)
  3413   0003C0  5168               	movf	_keyboard& (0+255),w,b
  3414   0003C2  1169               	iorwf	(_keyboard+1)& (0+255),w,b
  3415   0003C4  B4D8               	btfsc	status,2,c
  3416   0003C6  EFE7  F001         	goto	u3361
  3417   0003CA  EFE9  F001         	goto	u3360
  3418   0003CE                     u3361:
  3419   0003CE  EFF4  F001         	goto	l4718
  3420   0003D2                     u3360:
  3421   0003D2                     
  3422                           ; BSR set to: 0
  3423   0003D2  C068  FFD9         	movff	_keyboard,fsr2l
  3424   0003D6  C069  FFDA         	movff	_keyboard+1,fsr2h
  3425   0003DA  BEDF               	btfsc	indf2,7,c
  3426   0003DC  EFF2  F001         	goto	u3371
  3427   0003E0  EFF4  F001         	goto	u3370
  3428   0003E4                     u3371:
  3429   0003E4  EF8A  F002         	goto	l4760
  3430   0003E8                     u3370:
  3431   0003E8                     l4718:
  3432                           
  3433                           ; BSR set to: 0
  3434                           ;app_device_keyboard.c: 365:     {;app_device_keyboard.c: 367:         memset(&inputRepo
      +                          rt, 0, sizeof(inputReport));
  3435   0003E8  0E00               	movlw	0
  3436   0003EA  6F7E               	movwf	memset@dest& (0+255),b
  3437   0003EC  0E05               	movlw	5
  3438   0003EE  6F7F               	movwf	(memset@dest+1)& (0+255),b
  3439   0003F0  0E00               	movlw	0
  3440   0003F2  6F81               	movwf	(memset@c+1)& (0+255),b
  3441   0003F4  0E00               	movlw	0
  3442   0003F6  6F80               	movwf	memset@c& (0+255),b
  3443   0003F8  0E00               	movlw	0
  3444   0003FA  6F83               	movwf	(memset@n+1)& (0+255),b
  3445   0003FC  0E08               	movlw	8
  3446   0003FE  6F82               	movwf	memset@n& (0+255),b
  3447   000400  ECEE  F010         	call	_memset	;wreg free
  3448   000404                     
  3449                           ;app_device_keyboard.c: 369:         if(BUTTON_IsPressed(BUTTON_S2) == 1)
  3450   000404  0E01               	movlw	1
  3451   000406  ECB1  F00D         	call	_BUTTON_IsPressed
  3452   00040A  06E8               	decf	wreg,f,c
  3453   00040C  A4D8               	btfss	status,2,c
  3454   00040E  EF0B  F002         	goto	u3381
  3455   000412  EF0D  F002         	goto	u3380
  3456   000416                     u3381:
  3457   000416  EF28  F002         	goto	l75
  3458   00041A                     u3380:
  3459   00041A                     
  3460                           ;app_device_keyboard.c: 370:         {;app_device_keyboard.c: 371:             if(keyboa
      +                          rd.waitingForRelease == 0)
  3461   00041A  0100               	movlb	0	; () banked
  3462   00041C  516D               	movf	(_keyboard+5)& (0+255),w,b
  3463   00041E  A4D8               	btfss	status,2,c
  3464   000420  EF14  F002         	goto	u3391
  3465   000424  EF16  F002         	goto	u3390
  3466   000428                     u3391:
  3467   000428  EF2A  F002         	goto	l78
  3468   00042C                     u3390:
  3469   00042C                     
  3470                           ; BSR set to: 0
  3471                           ;app_device_keyboard.c: 372:             {;app_device_keyboard.c: 373:                 k
      +                          eyboard.waitingForRelease = 1;
  3472   00042C  0E01               	movlw	1
  3473   00042E  6F6D               	movwf	(_keyboard+5)& (0+255),b
  3474   000430                     
  3475                           ; BSR set to: 0
  3476                           ;app_device_keyboard.c: 376:                 inputReport.keys[0] = keyboard.key++;
  3477   000430  C06C  F502         	movff	_keyboard+4,1282
  3478   000434                     
  3479                           ; BSR set to: 0
  3480   000434  2B6C               	incf	(_keyboard+4)& (0+255),f,b
  3481   000436                     
  3482                           ; BSR set to: 0
  3483                           ;app_device_keyboard.c: 380:                 if(keyboard.key == 40)
  3484   000436  0E28               	movlw	40
  3485   000438  196C               	xorwf	(_keyboard+4)& (0+255),w,b
  3486   00043A  A4D8               	btfss	status,2,c
  3487   00043C  EF22  F002         	goto	u3401
  3488   000440  EF24  F002         	goto	u3400
  3489   000444                     u3401:
  3490   000444  EF2A  F002         	goto	l78
  3491   000448                     u3400:
  3492   000448                     
  3493                           ; BSR set to: 0
  3494                           ;app_device_keyboard.c: 381:                 {;app_device_keyboard.c: 382:              
      +                                 keyboard.key = 4;
  3495   000448  0E04               	movlw	4
  3496   00044A  6F6C               	movwf	(_keyboard+4)& (0+255),b
  3497   00044C  EF2A  F002         	goto	l78
  3498   000450                     l75:
  3499                           
  3500                           ;app_device_keyboard.c: 387:         {;app_device_keyboard.c: 388:             keyboard.
      +                          waitingForRelease = 0;
  3501   000450  0100               	movlb	0	; () banked
  3502   000452  6B6D               	clrf	(_keyboard+5)& (0+255),b
  3503   000454                     l78:
  3504                           
  3505                           ; BSR set to: 0
  3506                           ;app_device_keyboard.c: 393:         needToSendNewReportPacket = 0;
  3507   000454  6B8B               	clrf	APP_KeyboardTasks@needToSendNewReportPacket& (0+255),b
  3508                           
  3509                           ;app_device_keyboard.c: 394:         for(i = 0; i < sizeof(inputReport); i++)
  3510   000456  6B8E               	clrf	APP_KeyboardTasks@i& (0+255),b
  3511   000458                     l4738:
  3512                           
  3513                           ; BSR set to: 0
  3514                           ;app_device_keyboard.c: 395:         {;app_device_keyboard.c: 396:             if(*((uin
      +                          t8_t*)&oldInputReport + i) != *((uint8_t*)&inputReport + i))
  3515   000458  0E00               	movlw	0
  3516   00045A  258E               	addwf	APP_KeyboardTasks@i& (0+255),w,b
  3517   00045C  6ED9               	movwf	fsr2l,c
  3518   00045E  6ADA               	clrf	fsr2h,c
  3519   000460  0E05               	movlw	5
  3520   000462  22DA               	addwfc	fsr2h,f,c
  3521   000464  518E               	movf	APP_KeyboardTasks@i& (0+255),w,b
  3522   000466  0F60               	addlw	low _oldInputReport
  3523   000468  6EE1               	movwf	fsr1l,c
  3524   00046A  6AE2               	clrf	fsr1h,c
  3525   00046C  50DE               	movf	postinc2,w,c
  3526   00046E  18E6               	xorwf	postinc1,w,c
  3527   000470  B4D8               	btfsc	status,2,c
  3528   000472  EF3D  F002         	goto	u3411
  3529   000476  EF3F  F002         	goto	u3410
  3530   00047A                     u3411:
  3531   00047A  EF43  F002         	goto	l4742
  3532   00047E                     u3410:
  3533   00047E                     
  3534                           ; BSR set to: 0
  3535                           ;app_device_keyboard.c: 397:             {;app_device_keyboard.c: 398:                 n
      +                          eedToSendNewReportPacket = 1;
  3536   00047E  0E01               	movlw	1
  3537   000480  6F8B               	movwf	APP_KeyboardTasks@needToSendNewReportPacket& (0+255),b
  3538                           
  3539                           ;app_device_keyboard.c: 399:                 break;
  3540   000482  EF4C  F002         	goto	l4746
  3541   000486                     l4742:
  3542                           
  3543                           ; BSR set to: 0
  3544                           ;app_device_keyboard.c: 401:         }
  3545   000486  2B8E               	incf	APP_KeyboardTasks@i& (0+255),f,b
  3546   000488                     
  3547                           ; BSR set to: 0
  3548   000488  0E07               	movlw	7
  3549   00048A  658E               	cpfsgt	APP_KeyboardTasks@i& (0+255),b
  3550   00048C  EF4A  F002         	goto	u3421
  3551   000490  EF4C  F002         	goto	u3420
  3552   000494                     u3421:
  3553   000494  EF2C  F002         	goto	l4738
  3554   000498                     u3420:
  3555   000498                     l4746:
  3556                           
  3557                           ; BSR set to: 0
  3558                           ;app_device_keyboard.c: 406:         if(keyboardIdleRate != 0)
  3559   000498  5178               	movf	_keyboardIdleRate& (0+255),w,b
  3560   00049A  1179               	iorwf	(_keyboardIdleRate+1)& (0+255),w,b
  3561   00049C  B4D8               	btfsc	status,2,c
  3562   00049E  EF53  F002         	goto	u3431
  3563   0004A2  EF55  F002         	goto	u3430
  3564   0004A6                     u3431:
  3565   0004A6  EF66  F002         	goto	l4752
  3566   0004AA                     u3430:
  3567   0004AA                     
  3568                           ; BSR set to: 0
  3569                           ;app_device_keyboard.c: 407:         {;app_device_keyboard.c: 409:             if(TimeDe
      +                          ltaMilliseconds >= keyboardIdleRate)
  3570   0004AA  5178               	movf	_keyboardIdleRate& (0+255),w,b
  3571   0004AC  5D8C               	subwf	APP_KeyboardTasks@TimeDeltaMilliseconds& (0+255),w,b
  3572   0004AE  518D               	movf	(APP_KeyboardTasks@TimeDeltaMilliseconds+1)& (0+255),w,b
  3573   0004B0  0A80               	xorlw	128
  3574   0004B2  6F89               	movwf	??_APP_KeyboardTasks& (0+255),b
  3575   0004B4  5179               	movf	(_keyboardIdleRate+1)& (0+255),w,b
  3576   0004B6  0A80               	xorlw	128
  3577   0004B8  5989               	subwfb	??_APP_KeyboardTasks& (0+255),w,b
  3578   0004BA  A0D8               	btfss	status,0,c
  3579   0004BC  EF62  F002         	goto	u3441
  3580   0004C0  EF64  F002         	goto	u3440
  3581   0004C4                     u3441:
  3582   0004C4  EF66  F002         	goto	l4752
  3583   0004C8                     u3440:
  3584   0004C8                     
  3585                           ; BSR set to: 0
  3586                           ;app_device_keyboard.c: 410:             {;app_device_keyboard.c: 411:                 n
      +                          eedToSendNewReportPacket = 1;
  3587   0004C8  0E01               	movlw	1
  3588   0004CA  6F8B               	movwf	APP_KeyboardTasks@needToSendNewReportPacket& (0+255),b
  3589   0004CC                     l4752:
  3590                           
  3591                           ; BSR set to: 0
  3592                           ;app_device_keyboard.c: 417:         if(needToSendNewReportPacket == 1)
  3593   0004CC  058B               	decf	APP_KeyboardTasks@needToSendNewReportPacket& (0+255),w,b
  3594   0004CE  A4D8               	btfss	status,2,c
  3595   0004D0  EF6C  F002         	goto	u3451
  3596   0004D4  EF6E  F002         	goto	u3450
  3597   0004D8                     u3451:
  3598   0004D8  EF8A  F002         	goto	l4760
  3599   0004DC                     u3450:
  3600   0004DC                     
  3601                           ; BSR set to: 0
  3602                           ;app_device_keyboard.c: 418:         {;app_device_keyboard.c: 422:             oldInputR
      +                          eport = inputReport;
  3603   0004DC  EE25 F000          	lfsr	2,1280
  3604   0004E0  EE10  F060         	lfsr	1,_oldInputReport
  3605   0004E4  0E07               	movlw	7
  3606   0004E6                     u3461:
  3607   0004E6  CFDB FFE3          	movff	plusw2,plusw1
  3608   0004EA  06E8               	decf	wreg,f,c
  3609   0004EC  E2FC               	bc	u3461
  3610   0004EE                     
  3611                           ; BSR set to: 0
  3612                           ;app_device_keyboard.c: 425:             keyboard.lastINTransmission = USBTransferOnePac
      +                          ket(1,1,(uint8_t*)&inputReport,sizeof(inputReport));
  3613   0004EE  0E01               	movlw	1
  3614   0004F0  6F7E               	movwf	USBTransferOnePacket@dir& (0+255),b
  3615   0004F2  0E00               	movlw	0
  3616   0004F4  6F7F               	movwf	USBTransferOnePacket@data& (0+255),b
  3617   0004F6  0E05               	movlw	5
  3618   0004F8  6F80               	movwf	(USBTransferOnePacket@data+1)& (0+255),b
  3619   0004FA  0E08               	movlw	8
  3620   0004FC  6F81               	movwf	USBTransferOnePacket@len& (0+255),b
  3621   0004FE  0E01               	movlw	1
  3622   000500  ECEF  F006         	call	_USBTransferOnePacket
  3623   000504  C07E  F068         	movff	?_USBTransferOnePacket,_keyboard
  3624   000508  C07F  F069         	movff	?_USBTransferOnePacket+1,_keyboard+1
  3625   00050C                     
  3626                           ;app_device_keyboard.c: 426:             OldSOFCount = LocalSOFCount;
  3627   00050C  C076  F074         	movff	_LocalSOFCount,_OldSOFCount
  3628   000510  C077  F075         	movff	_LocalSOFCount+1,_OldSOFCount+1
  3629   000514                     l4760:
  3630                           
  3631                           ;app_device_keyboard.c: 438:     if(((keyboard.lastOUTTransmission != 0x0000) && ((*(vol
      +                          atile uint8_t*)keyboard.lastOUTTransmission & 0x80) != 0x00)) == 0)
  3632   000514  0100               	movlb	0	; () banked
  3633   000516  516A               	movf	(_keyboard+2)& (0+255),w,b
  3634   000518  116B               	iorwf	(_keyboard+3)& (0+255),w,b
  3635   00051A  B4D8               	btfsc	status,2,c
  3636   00051C  EF92  F002         	goto	u3471
  3637   000520  EF94  F002         	goto	u3470
  3638   000524                     u3471:
  3639   000524  EF9F  F002         	goto	l4764
  3640   000528                     u3470:
  3641   000528                     
  3642                           ; BSR set to: 0
  3643   000528  C06A  FFD9         	movff	_keyboard+2,fsr2l
  3644   00052C  C06B  FFDA         	movff	_keyboard+3,fsr2h
  3645   000530  BEDF               	btfsc	indf2,7,c
  3646   000532  EF9D  F002         	goto	u3481
  3647   000536  EF9F  F002         	goto	u3480
  3648   00053A                     u3481:
  3649   00053A  EFB1  F002         	goto	l64
  3650   00053E                     u3480:
  3651   00053E                     l4764:
  3652                           
  3653                           ; BSR set to: 0
  3654                           ;app_device_keyboard.c: 439:     {;app_device_keyboard.c: 440:         APP_KeyboardProce
      +                          ssOutputReport();
  3655   00053E  EC86  F011         	call	_APP_KeyboardProcessOutputReport	;wreg free
  3656   000542                     
  3657                           ;app_device_keyboard.c: 442:         keyboard.lastOUTTransmission = USBTransferOnePacket
      +                          (1,0,(uint8_t*)&outputReport,sizeof(outputReport));
  3658   000542  0E00               	movlw	0
  3659   000544  0100               	movlb	0	; () banked
  3660   000546  6F7E               	movwf	USBTransferOnePacket@dir& (0+255),b
  3661   000548  0E08               	movlw	8
  3662   00054A  6F7F               	movwf	USBTransferOnePacket@data& (0+255),b
  3663   00054C  0E05               	movlw	5
  3664   00054E  6F80               	movwf	(USBTransferOnePacket@data+1)& (0+255),b
  3665   000550  0E01               	movlw	1
  3666   000552  6F81               	movwf	USBTransferOnePacket@len& (0+255),b
  3667   000554  0E01               	movlw	1
  3668   000556  ECEF  F006         	call	_USBTransferOnePacket
  3669   00055A  C07E  F06A         	movff	?_USBTransferOnePacket,_keyboard+2
  3670   00055E  C07F  F06B         	movff	?_USBTransferOnePacket+1,_keyboard+3
  3671   000562                     l64:
  3672   000562  0012               	return		;funcret
  3673   000564                     __end_of_APP_KeyboardTasks:
  3674                           	callstack 0
  3675                           
  3676 ;; *************** function _memset *****************
  3677 ;; Defined at:
  3678 ;;		line 3 in file "C:\Program Files\Microchip\xc8\v3.00\pic\sources\c99\common\memset.c"
  3679 ;; Parameters:    Size  Location     Type
  3680 ;;  dest            2    0[BANK0 ] PTR void 
  3681 ;;		 -> USBAlternateInterface(1), BDT(32), UEP1(1), inputReport(8), 
  3682 ;;  c               2    2[BANK0 ] int 
  3683 ;;  n               2    4[BANK0 ] unsigned int 
  3684 ;; Auto vars:     Size  Location     Type
  3685 ;;  p               2    6[BANK0 ] PTR unsigned char 
  3686 ;;		 -> USBAlternateInterface(1), BDT(32), UEP1(1), inputReport(8), 
  3687 ;; Return value:  Size  Location     Type
  3688 ;;                  2    0[BANK0 ] PTR void 
  3689 ;; Registers used:
  3690 ;;		wreg, fsr2l, fsr2h, status,2, status,0
  3691 ;; Tracked objects:
  3692 ;;		On entry : 0/0
  3693 ;;		On exit  : 0/0
  3694 ;;		Unchanged: 0/0
  3695 ;; Data sizes:     COMRAM   BANK0   BANK1   BANK2   BANK3  BANK4h   BANK5   BANK6   BANK7
  3696 ;;      Params:         0       6       0       0       0       0       0       0       0
  3697 ;;      Locals:         0       2       0       0       0       0       0       0       0
  3698 ;;      Temps:          0       0       0       0       0       0       0       0       0
  3699 ;;      Totals:         0       8       0       0       0       0       0       0       0
  3700 ;;Total ram usage:        8 bytes
  3701 ;; Hardware stack levels used: 1
  3702 ;; Hardware stack levels required when called: 10
  3703 ;; This function calls:
  3704 ;;		Nothing
  3705 ;; This function is called by:
  3706 ;;		_APP_KeyboardTasks
  3707 ;;		_USBDeviceInit
  3708 ;; This function uses a non-reentrant model
  3709 ;;
  3710                           
  3711                           	psect	text7
  3712   0021DC                     __ptext7:
  3713                           	callstack 0
  3714   0021DC                     _memset:
  3715                           	callstack 19
  3716   0021DC  C07E  F084         	movff	memset@dest,memset@p
  3717   0021E0  C07F  F085         	movff	memset@dest+1,memset@p+1
  3718   0021E4  EFFC  F010         	goto	l4694
  3719   0021E8                     l4690:
  3720                           
  3721                           ; BSR set to: 0
  3722   0021E8  C084  FFD9         	movff	memset@p,fsr2l
  3723   0021EC  C085  FFDA         	movff	memset@p+1,fsr2h
  3724   0021F0  C080  FFDF         	movff	memset@c,indf2
  3725   0021F4                     
  3726                           ; BSR set to: 0
  3727   0021F4  4B84               	infsnz	memset@p& (0+255),f,b
  3728   0021F6  2B85               	incf	(memset@p+1)& (0+255),f,b
  3729   0021F8                     l4694:
  3730   0021F8  0100               	movlb	0	; () banked
  3731   0021FA  0782               	decf	memset@n& (0+255),f,b
  3732   0021FC  A0D8               	btfss	status,0,c
  3733   0021FE  0783               	decf	(memset@n+1)& (0+255),f,b
  3734   002200  2982               	incf	memset@n& (0+255),w,b
  3735   002202  E106               	bnz	u3291
  3736   002204  2983               	incf	(memset@n+1)& (0+255),w,b
  3737   002206  A4D8               	btfss	status,2,c
  3738   002208  EF08  F011         	goto	u3291
  3739   00220C  EF0A  F011         	goto	u3290
  3740   002210                     u3291:
  3741   002210  EFF4  F010         	goto	l4690
  3742   002214                     u3290:
  3743   002214                     
  3744                           ; BSR set to: 0
  3745   002214  0012               	return		;funcret
  3746   002216                     __end_of_memset:
  3747                           	callstack 0
  3748                           
  3749 ;; *************** function _USBTransferOnePacket *****************
  3750 ;; Defined at:
  3751 ;;		line 999 in file "usb_device.c"
  3752 ;; Parameters:    Size  Location     Type
  3753 ;;  ep              1    wreg     unsigned char 
  3754 ;;  dir             1    0[BANK0 ] unsigned char 
  3755 ;;  data            2    1[BANK0 ] PTR unsigned char 
  3756 ;;		 -> inputReport(8), outputReport(1), 
  3757 ;;  len             1    3[BANK0 ] unsigned char 
  3758 ;; Auto vars:     Size  Location     Type
  3759 ;;  ep              1    8[BANK0 ] unsigned char 
  3760 ;;  handle          2    9[BANK0 ] PTR volatile struct __BD
  3761 ;;		 -> RAM(2047), BDT(32), NULL(0), 
  3762 ;; Return value:  Size  Location     Type
  3763 ;;                  2    0[BANK0 ] PTR void 
  3764 ;; Registers used:
  3765 ;;		wreg, fsr2l, fsr2h, status,2, status,0, prodl, prodh
  3766 ;; Tracked objects:
  3767 ;;		On entry : 0/0
  3768 ;;		On exit  : 0/0
  3769 ;;		Unchanged: 0/0
  3770 ;; Data sizes:     COMRAM   BANK0   BANK1   BANK2   BANK3  BANK4h   BANK5   BANK6   BANK7
  3771 ;;      Params:         0       4       0       0       0       0       0       0       0
  3772 ;;      Locals:         0       3       0       0       0       0       0       0       0
  3773 ;;      Temps:          0       4       0       0       0       0       0       0       0
  3774 ;;      Totals:         0      11       0       0       0       0       0       0       0
  3775 ;;Total ram usage:       11 bytes
  3776 ;; Hardware stack levels used: 1
  3777 ;; Hardware stack levels required when called: 10
  3778 ;; This function calls:
  3779 ;;		Nothing
  3780 ;; This function is called by:
  3781 ;;		_APP_KeyboardTasks
  3782 ;; This function uses a non-reentrant model
  3783 ;;
  3784                           
  3785                           	psect	text8
  3786   000DDE                     __ptext8:
  3787                           	callstack 0
  3788   000DDE                     _USBTransferOnePacket:
  3789                           	callstack 19
  3790                           
  3791                           ; BSR set to: 0
  3792                           ;incstack = 0
  3793                           ;USBTransferOnePacket@ep stored from wreg
  3794   000DDE  0100               	movlb	0	; () banked
  3795   000DE0  6F86               	movwf	USBTransferOnePacket@ep& (0+255),b
  3796   000DE2                     
  3797                           ;usb_device.c: 999: void* USBTransferOnePacket(uint8_t ep,uint8_t dir,uint8_t* data,uint
      +                          8_t len);usb_device.c: 1000: {;usb_device.c: 1001:     volatile BDT_ENTRY* handle;;usb_d
      +                          evice.c: 1004:     if(dir != 0)
  3798   000DE2  0100               	movlb	0	; () banked
  3799   000DE4  517E               	movf	USBTransferOnePacket@dir& (0+255),w,b
  3800   000DE6  B4D8               	btfsc	status,2,c
  3801   000DE8  EFF8  F006         	goto	u2611
  3802   000DEC  EFFA  F006         	goto	u2610
  3803   000DF0                     u2611:
  3804   000DF0  EF06  F007         	goto	l3844
  3805   000DF4                     u2610:
  3806   000DF4                     
  3807                           ; BSR set to: 0
  3808                           ;usb_device.c: 1005:     {;usb_device.c: 1007:         handle = pBDTEntryIn[ep];
  3809   000DF4  5186               	movf	USBTransferOnePacket@ep& (0+255),w,b
  3810   000DF6  0D02               	mullw	2
  3811   000DF8  50F3               	movf	243,w,c
  3812   000DFA  0F0D               	addlw	low _pBDTEntryIn
  3813   000DFC  6ED9               	movwf	fsr2l,c
  3814   000DFE  6ADA               	clrf	fsr2h,c
  3815   000E00  CFDE F087          	movff	postinc2,USBTransferOnePacket@handle
  3816   000E04  CFDD F088          	movff	postdec2,USBTransferOnePacket@handle+1
  3817                           
  3818                           ;usb_device.c: 1008:     }
  3819   000E08  EF10  F007         	goto	l3846
  3820   000E0C                     l3844:
  3821                           
  3822                           ; BSR set to: 0
  3823                           ;usb_device.c: 1010:     {;usb_device.c: 1012:         handle = pBDTEntryOut[ep];
  3824   000E0C  5186               	movf	USBTransferOnePacket@ep& (0+255),w,b
  3825   000E0E  0D02               	mullw	2
  3826   000E10  50F3               	movf	243,w,c
  3827   000E12  0F11               	addlw	low _pBDTEntryOut
  3828   000E14  6ED9               	movwf	fsr2l,c
  3829   000E16  6ADA               	clrf	fsr2h,c
  3830   000E18  CFDE F087          	movff	postinc2,USBTransferOnePacket@handle
  3831   000E1C  CFDD F088          	movff	postdec2,USBTransferOnePacket@handle+1
  3832   000E20                     l3846:
  3833                           
  3834                           ; BSR set to: 0
  3835                           ;usb_device.c: 1017:     if(handle == 0)
  3836   000E20  5187               	movf	USBTransferOnePacket@handle& (0+255),w,b
  3837   000E22  1188               	iorwf	(USBTransferOnePacket@handle+1)& (0+255),w,b
  3838   000E24  A4D8               	btfss	status,2,c
  3839   000E26  EF17  F007         	goto	u2621
  3840   000E2A  EF19  F007         	goto	u2620
  3841   000E2E                     u2621:
  3842   000E2E  EF1F  F007         	goto	l3852
  3843   000E32                     u2620:
  3844   000E32                     
  3845                           ; BSR set to: 0
  3846                           ;usb_device.c: 1018:     {;usb_device.c: 1019:         return 0;
  3847   000E32  0E00               	movlw	0
  3848   000E34  6F7E               	movwf	?_USBTransferOnePacket& (0+255),b
  3849   000E36  0E00               	movlw	0
  3850   000E38  6F7F               	movwf	(?_USBTransferOnePacket+1)& (0+255),b
  3851   000E3A  EF83  F007         	goto	l420
  3852   000E3E                     l3852:
  3853                           
  3854                           ; BSR set to: 0
  3855                           ;usb_device.c: 1033:     handle->ADR = ((uint16_t)(data));
  3856   000E3E  EE20 F002          	lfsr	2,2
  3857   000E42  5187               	movf	USBTransferOnePacket@handle& (0+255),w,b
  3858   000E44  26D9               	addwf	fsr2l,f,c
  3859   000E46  5188               	movf	(USBTransferOnePacket@handle+1)& (0+255),w,b
  3860   000E48  22DA               	addwfc	fsr2h,f,c
  3861   000E4A  C07F  FFDE         	movff	USBTransferOnePacket@data,postinc2
  3862   000E4E  C080  FFDD         	movff	USBTransferOnePacket@data+1,postdec2
  3863                           
  3864                           ;usb_device.c: 1034:     handle->CNT = len;
  3865   000E52  EE20 F001          	lfsr	2,1
  3866   000E56  5187               	movf	USBTransferOnePacket@handle& (0+255),w,b
  3867   000E58  26D9               	addwf	fsr2l,f,c
  3868   000E5A  5188               	movf	(USBTransferOnePacket@handle+1)& (0+255),w,b
  3869   000E5C  22DA               	addwfc	fsr2h,f,c
  3870   000E5E  C081  FFDF         	movff	USBTransferOnePacket@len,indf2
  3871   000E62                     
  3872                           ; BSR set to: 0
  3873                           ;usb_device.c: 1035:     handle->STAT.Val &= 0x40;
  3874   000E62  C087  FFD9         	movff	USBTransferOnePacket@handle,fsr2l
  3875   000E66  C088  FFDA         	movff	USBTransferOnePacket@handle+1,fsr2h
  3876   000E6A  0E40               	movlw	64
  3877   000E6C  16DF               	andwf	indf2,f,c
  3878   000E6E                     
  3879                           ; BSR set to: 0
  3880                           ;usb_device.c: 1036:     handle->STAT.Val |= (0x08 & 0x08);
  3881   000E6E  C087  FFD9         	movff	USBTransferOnePacket@handle,fsr2l
  3882   000E72  C088  FFDA         	movff	USBTransferOnePacket@handle+1,fsr2h
  3883   000E76  0E00               	movlw	0
  3884   000E78  86DB               	bsf	plusw2,3,c
  3885   000E7A                     
  3886                           ; BSR set to: 0
  3887                           ;usb_device.c: 1037:     handle->STAT.Val |= 0x80;
  3888   000E7A  C087  FFD9         	movff	USBTransferOnePacket@handle,fsr2l
  3889   000E7E  C088  FFDA         	movff	USBTransferOnePacket@handle+1,fsr2h
  3890   000E82  0E00               	movlw	0
  3891   000E84  8EDB               	bsf	plusw2,7,c
  3892   000E86                     
  3893                           ; BSR set to: 0
  3894                           ;usb_device.c: 1040:     if(dir != 0)
  3895   000E86  517E               	movf	USBTransferOnePacket@dir& (0+255),w,b
  3896   000E88  B4D8               	btfsc	status,2,c
  3897   000E8A  EF49  F007         	goto	u2631
  3898   000E8E  EF4B  F007         	goto	u2630
  3899   000E92                     u2631:
  3900   000E92  EF66  F007         	goto	l3864
  3901   000E96                     u2630:
  3902   000E96                     
  3903                           ; BSR set to: 0
  3904                           ;usb_device.c: 1041:     {;usb_device.c: 1043:         pBDTEntryIn[ep] = (BDT_ENTRY*)(((
      +                          uint16_t)pBDTEntryIn[ep]) ^ 0x0004);
  3905   000E96  5186               	movf	USBTransferOnePacket@ep& (0+255),w,b
  3906   000E98  0D02               	mullw	2
  3907   000E9A  50F3               	movf	243,w,c
  3908   000E9C  0F0D               	addlw	low _pBDTEntryIn
  3909   000E9E  6ED9               	movwf	fsr2l,c
  3910   000EA0  6ADA               	clrf	fsr2h,c
  3911   000EA2  CFDE F082          	movff	postinc2,??_USBTransferOnePacket
  3912   000EA6  CFDD F083          	movff	postdec2,??_USBTransferOnePacket+1
  3913   000EAA  0E04               	movlw	4
  3914   000EAC  1982               	xorwf	??_USBTransferOnePacket& (0+255),w,b
  3915   000EAE  6F84               	movwf	(??_USBTransferOnePacket+2)& (0+255),b
  3916   000EB0  5183               	movf	(??_USBTransferOnePacket+1)& (0+255),w,b
  3917   000EB2  6F85               	movwf	(??_USBTransferOnePacket+3)& (0+255),b
  3918   000EB4  5186               	movf	USBTransferOnePacket@ep& (0+255),w,b
  3919   000EB6  0D02               	mullw	2
  3920   000EB8  50F3               	movf	243,w,c
  3921   000EBA  0F0D               	addlw	low _pBDTEntryIn
  3922   000EBC  6ED9               	movwf	fsr2l,c
  3923   000EBE  6ADA               	clrf	fsr2h,c
  3924   000EC0  C084  FFDE         	movff	??_USBTransferOnePacket+2,postinc2
  3925   000EC4  C085  FFDD         	movff	??_USBTransferOnePacket+3,postdec2
  3926                           
  3927                           ;usb_device.c: 1044:     }
  3928   000EC8  EF7F  F007         	goto	l3866
  3929   000ECC                     l3864:
  3930                           
  3931                           ; BSR set to: 0
  3932                           ;usb_device.c: 1046:     {;usb_device.c: 1048:         pBDTEntryOut[ep] = (BDT_ENTRY*)((
      +                          (uint16_t)pBDTEntryOut[ep]) ^ 0x0004);
  3933   000ECC  5186               	movf	USBTransferOnePacket@ep& (0+255),w,b
  3934   000ECE  0D02               	mullw	2
  3935   000ED0  50F3               	movf	243,w,c
  3936   000ED2  0F11               	addlw	low _pBDTEntryOut
  3937   000ED4  6ED9               	movwf	fsr2l,c
  3938   000ED6  6ADA               	clrf	fsr2h,c
  3939   000ED8  CFDE F082          	movff	postinc2,??_USBTransferOnePacket
  3940   000EDC  CFDD F083          	movff	postdec2,??_USBTransferOnePacket+1
  3941   000EE0  0E04               	movlw	4
  3942   000EE2  1982               	xorwf	??_USBTransferOnePacket& (0+255),w,b
  3943   000EE4  6F84               	movwf	(??_USBTransferOnePacket+2)& (0+255),b
  3944   000EE6  5183               	movf	(??_USBTransferOnePacket+1)& (0+255),w,b
  3945   000EE8  6F85               	movwf	(??_USBTransferOnePacket+3)& (0+255),b
  3946   000EEA  5186               	movf	USBTransferOnePacket@ep& (0+255),w,b
  3947   000EEC  0D02               	mullw	2
  3948   000EEE  50F3               	movf	243,w,c
  3949   000EF0  0F11               	addlw	low _pBDTEntryOut
  3950   000EF2  6ED9               	movwf	fsr2l,c
  3951   000EF4  6ADA               	clrf	fsr2h,c
  3952   000EF6  C084  FFDE         	movff	??_USBTransferOnePacket+2,postinc2
  3953   000EFA  C085  FFDD         	movff	??_USBTransferOnePacket+3,postdec2
  3954   000EFE                     l3866:
  3955                           
  3956                           ; BSR set to: 0
  3957                           ;usb_device.c: 1050:     return (void*)handle;
  3958   000EFE  C087  F07E         	movff	USBTransferOnePacket@handle,?_USBTransferOnePacket
  3959   000F02  C088  F07F         	movff	USBTransferOnePacket@handle+1,?_USBTransferOnePacket+1
  3960   000F06                     l420:
  3961                           
  3962                           ; BSR set to: 0
  3963   000F06  0012               	return		;funcret
  3964   000F08                     __end_of_USBTransferOnePacket:
  3965                           	callstack 0
  3966                           
  3967 ;; *************** function _BUTTON_IsPressed *****************
  3968 ;; Defined at:
  3969 ;;		line 95 in file "buttons.c"
  3970 ;; Parameters:    Size  Location     Type
  3971 ;;  button          1    wreg     enum E3343
  3972 ;; Auto vars:     Size  Location     Type
  3973 ;;  button          1    2[BANK0 ] enum E3343
  3974 ;; Return value:  Size  Location     Type
  3975 ;;                  1    wreg      _Bool 
  3976 ;; Registers used:
  3977 ;;		wreg, status,2, status,0
  3978 ;; Tracked objects:
  3979 ;;		On entry : 0/0
  3980 ;;		On exit  : 0/0
  3981 ;;		Unchanged: 0/0
  3982 ;; Data sizes:     COMRAM   BANK0   BANK1   BANK2   BANK3  BANK4h   BANK5   BANK6   BANK7
  3983 ;;      Params:         0       0       0       0       0       0       0       0       0
  3984 ;;      Locals:         0       1       0       0       0       0       0       0       0
  3985 ;;      Temps:          0       2       0       0       0       0       0       0       0
  3986 ;;      Totals:         0       3       0       0       0       0       0       0       0
  3987 ;;Total ram usage:        3 bytes
  3988 ;; Hardware stack levels used: 1
  3989 ;; Hardware stack levels required when called: 10
  3990 ;; This function calls:
  3991 ;;		Nothing
  3992 ;; This function is called by:
  3993 ;;		_APP_KeyboardTasks
  3994 ;; This function uses a non-reentrant model
  3995 ;;
  3996                           
  3997                           	psect	text9
  3998   001B62                     __ptext9:
  3999                           	callstack 0
  4000   001B62                     _BUTTON_IsPressed:
  4001                           	callstack 19
  4002                           
  4003                           ; BSR set to: 0
  4004                           ;incstack = 0
  4005                           ;BUTTON_IsPressed@button stored from wreg
  4006   001B62  0100               	movlb	0	; () banked
  4007   001B64  6F80               	movwf	BUTTON_IsPressed@button& (0+255),b
  4008   001B66                     
  4009                           ;buttons.c: 95: _Bool BUTTON_IsPressed(BUTTON button);buttons.c: 96: {;buttons.c: 97:   
      +                            switch(button)
  4010   001B66  EFCE  F00D         	goto	l3878
  4011   001B6A                     l138:
  4012                           
  4013                           ; BSR set to: 0
  4014                           ;buttons.c: 100:             return ( (PORTBbits.RB4 == 0) ? 1 : 0);
  4015   001B6A  A881               	btfss	129,4,c	;volatile
  4016   001B6C  EFBA  F00D         	goto	u2641
  4017   001B70  EFBD  F00D         	goto	u2640
  4018   001B74                     u2641:
  4019   001B74  0E01               	movlw	1
  4020   001B76  EFBE  F00D         	goto	u2650
  4021   001B7A                     u2640:
  4022   001B7A  0E00               	movlw	0
  4023   001B7C                     u2650:
  4024   001B7C  EFE8  F00D         	goto	l139
  4025   001B80                     l140:
  4026                           
  4027                           ; BSR set to: 0
  4028                           ;buttons.c: 103:             return ( (PORTBbits.RB5 == 0) ? 1 : 0);
  4029   001B80  AA81               	btfss	129,5,c	;volatile
  4030   001B82  EFC5  F00D         	goto	u2661
  4031   001B86  EFC8  F00D         	goto	u2660
  4032   001B8A                     u2661:
  4033   001B8A  0E01               	movlw	1
  4034   001B8C  EFC9  F00D         	goto	u2670
  4035   001B90                     u2660:
  4036   001B90  0E00               	movlw	0
  4037   001B92                     u2670:
  4038   001B92  EFE8  F00D         	goto	l139
  4039   001B96                     l3872:
  4040                           
  4041                           ; BSR set to: 0
  4042                           ;buttons.c: 106:             return 0;
  4043   001B96  0E00               	movlw	0
  4044   001B98  EFE8  F00D         	goto	l139
  4045   001B9C                     l3878:
  4046   001B9C  0100               	movlb	0	; () banked
  4047   001B9E  5180               	movf	BUTTON_IsPressed@button& (0+255),w,b
  4048   001BA0  6F7E               	movwf	??_BUTTON_IsPressed& (0+255),b
  4049   001BA2  6B7F               	clrf	(??_BUTTON_IsPressed+1)& (0+255),b
  4050                           
  4051                           ; Switch on 2 bytes has been partitioned into a top level switch of size 1, and 1 sub-sw
      +                          itches
  4052                           ; Switch size 1, requested type "simple"
  4053                           ; Number of cases is 1, Range of values is 0 to 0
  4054                           ; switch strategies available:
  4055                           ; Name         Instructions Cycles
  4056                           ; simple_byte            4     3 (average)
  4057                           ;	Chosen strategy is simple_byte
  4058   001BA4  517F               	movf	(??_BUTTON_IsPressed+1)& (0+255),w,b
  4059   001BA6  0A00               	xorlw	0	; case 0
  4060   001BA8  B4D8               	btfsc	status,2,c
  4061   001BAA  EFD9  F00D         	goto	l5206
  4062   001BAE  EFCB  F00D         	goto	l3872
  4063   001BB2                     l5206:
  4064                           
  4065                           ; BSR set to: 0
  4066                           ; Switch size 1, requested type "simple"
  4067                           ; Number of cases is 3, Range of values is 0 to 2
  4068                           ; switch strategies available:
  4069                           ; Name         Instructions Cycles
  4070                           ; simple_byte           10     6 (average)
  4071                           ;	Chosen strategy is simple_byte
  4072   001BB2  517E               	movf	??_BUTTON_IsPressed& (0+255),w,b
  4073   001BB4  0A00               	xorlw	0	; case 0
  4074   001BB6  B4D8               	btfsc	status,2,c
  4075   001BB8  EFCB  F00D         	goto	l3872
  4076   001BBC  0A01               	xorlw	1	; case 1
  4077   001BBE  B4D8               	btfsc	status,2,c
  4078   001BC0  EFB5  F00D         	goto	l138
  4079   001BC4  0A03               	xorlw	3	; case 2
  4080   001BC6  B4D8               	btfsc	status,2,c
  4081   001BC8  EFC0  F00D         	goto	l140
  4082   001BCC  EFCB  F00D         	goto	l3872
  4083   001BD0                     l139:
  4084                           
  4085                           ; BSR set to: 0
  4086   001BD0  0012               	return		;funcret
  4087   001BD2                     __end_of_BUTTON_IsPressed:
  4088                           	callstack 0
  4089                           
  4090 ;; *************** function _APP_KeyboardProcessOutputReport *****************
  4091 ;; Defined at:
  4092 ;;		line 448 in file "app_device_keyboard.c"
  4093 ;; Parameters:    Size  Location     Type
  4094 ;;		None
  4095 ;; Auto vars:     Size  Location     Type
  4096 ;;		None
  4097 ;; Return value:  Size  Location     Type
  4098 ;;                  1    wreg      void 
  4099 ;; Registers used:
  4100 ;;		wreg, status,2, status,0, cstack
  4101 ;; Tracked objects:
  4102 ;;		On entry : 0/0
  4103 ;;		On exit  : 0/0
  4104 ;;		Unchanged: 0/0
  4105 ;; Data sizes:     COMRAM   BANK0   BANK1   BANK2   BANK3  BANK4h   BANK5   BANK6   BANK7
  4106 ;;      Params:         0       0       0       0       0       0       0       0       0
  4107 ;;      Locals:         0       0       0       0       0       0       0       0       0
  4108 ;;      Temps:          0       0       0       0       0       0       0       0       0
  4109 ;;      Totals:         0       0       0       0       0       0       0       0       0
  4110 ;;Total ram usage:        0 bytes
  4111 ;; Hardware stack levels used: 1
  4112 ;; Hardware stack levels required when called: 11
  4113 ;; This function calls:
  4114 ;;		_LED_Off
  4115 ;;		_LED_On
  4116 ;; This function is called by:
  4117 ;;		_APP_KeyboardTasks
  4118 ;; This function uses a non-reentrant model
  4119 ;;
  4120                           
  4121                           	psect	text10
  4122   00230C                     __ptext10:
  4123                           	callstack 0
  4124   00230C                     _APP_KeyboardProcessOutputReport:
  4125                           	callstack 18
  4126   00230C                     
  4127                           ;app_device_keyboard.c: 450:     if(outputReport.leds.capsLock)
  4128   00230C  0105               	movlb	5	; () banked
  4129   00230E  A308               	btfss	8,1,b	;volatile
  4130   002310  EF8C  F011         	goto	u3301
  4131   002314  EF8E  F011         	goto	u3300
  4132   002318                     u3301:
  4133   002318  EF93  F011         	goto	l4700
  4134   00231C                     u3300:
  4135   00231C                     
  4136                           ; BSR set to: 5
  4137                           ;app_device_keyboard.c: 451:     {;app_device_keyboard.c: 452:         LED_On(LED_D2);
  4138   00231C  0E02               	movlw	2
  4139   00231E  EC89  F00E         	call	_LED_On
  4140                           
  4141                           ;app_device_keyboard.c: 453:     }
  4142   002322  EF96  F011         	goto	l92
  4143   002326                     l4700:
  4144                           
  4145                           ; BSR set to: 5
  4146                           ;app_device_keyboard.c: 455:     {;app_device_keyboard.c: 456:         LED_Off(LED_D2);
  4147   002326  0E02               	movlw	2
  4148   002328  ECBC  F00E         	call	_LED_Off
  4149   00232C                     l92:
  4150   00232C  0012               	return		;funcret
  4151   00232E                     __end_of_APP_KeyboardProcessOutputReport:
  4152                           	callstack 0
  4153                           
  4154 ;; *************** function _LED_On *****************
  4155 ;; Defined at:
  4156 ;;		line 96 in file "leds.c"
  4157 ;; Parameters:    Size  Location     Type
  4158 ;;  led             1    wreg     enum E2
  4159 ;; Auto vars:     Size  Location     Type
  4160 ;;  led             1    2[BANK0 ] enum E2
  4161 ;; Return value:  Size  Location     Type
  4162 ;;                  1    wreg      void 
  4163 ;; Registers used:
  4164 ;;		wreg, status,2, status,0
  4165 ;; Tracked objects:
  4166 ;;		On entry : 0/0
  4167 ;;		On exit  : 0/0
  4168 ;;		Unchanged: 0/0
  4169 ;; Data sizes:     COMRAM   BANK0   BANK1   BANK2   BANK3  BANK4h   BANK5   BANK6   BANK7
  4170 ;;      Params:         0       0       0       0       0       0       0       0       0
  4171 ;;      Locals:         0       1       0       0       0       0       0       0       0
  4172 ;;      Temps:          0       2       0       0       0       0       0       0       0
  4173 ;;      Totals:         0       3       0       0       0       0       0       0       0
  4174 ;;Total ram usage:        3 bytes
  4175 ;; Hardware stack levels used: 1
  4176 ;; Hardware stack levels required when called: 10
  4177 ;; This function calls:
  4178 ;;		Nothing
  4179 ;; This function is called by:
  4180 ;;		_APP_KeyboardProcessOutputReport
  4181 ;; This function uses a non-reentrant model
  4182 ;;
  4183                           
  4184                           	psect	text11
  4185   001D12                     __ptext11:
  4186                           	callstack 0
  4187   001D12                     _LED_On:
  4188                           	callstack 18
  4189                           
  4190                           ;incstack = 0
  4191                           ;LED_On@led stored from wreg
  4192   001D12  0100               	movlb	0	; () banked
  4193   001D14  6F80               	movwf	LED_On@led& (0+255),b
  4194   001D16                     
  4195                           ;leds.c: 96: void LED_On(LED led);leds.c: 97: {;leds.c: 98:     switch(led)
  4196   001D16  EF99  F00E         	goto	l3728
  4197   001D1A                     l158:
  4198                           
  4199                           ; BSR set to: 0
  4200                           ;leds.c: 101:             LATDbits.LATD3 = 1;
  4201   001D1A  868C               	bsf	140,3,c	;volatile
  4202                           
  4203                           ;leds.c: 102:             break;
  4204   001D1C  EFBB  F00E         	goto	l164
  4205   001D20                     l160:
  4206                           
  4207                           ; BSR set to: 0
  4208                           ;leds.c: 105:             LATDbits.LATD1 = 1;
  4209   001D20  828C               	bsf	140,1,c	;volatile
  4210                           
  4211                           ;leds.c: 106:             break;
  4212   001D22  EFBB  F00E         	goto	l164
  4213   001D26                     l161:
  4214                           
  4215                           ; BSR set to: 0
  4216                           ;leds.c: 109:             LATDbits.LATD2 = 1;
  4217   001D26  848C               	bsf	140,2,c	;volatile
  4218                           
  4219                           ;leds.c: 110:             break;
  4220   001D28  EFBB  F00E         	goto	l164
  4221   001D2C                     l162:
  4222                           
  4223                           ; BSR set to: 0
  4224                           ;leds.c: 113:             LATDbits.LATD3 = 1;
  4225   001D2C  868C               	bsf	140,3,c	;volatile
  4226                           
  4227                           ;leds.c: 114:             break;
  4228   001D2E  EFBB  F00E         	goto	l164
  4229   001D32                     l3728:
  4230   001D32  0100               	movlb	0	; () banked
  4231   001D34  5180               	movf	LED_On@led& (0+255),w,b
  4232   001D36  6F7E               	movwf	??_LED_On& (0+255),b
  4233   001D38  6B7F               	clrf	(??_LED_On+1)& (0+255),b
  4234                           
  4235                           ; Switch on 2 bytes has been partitioned into a top level switch of size 1, and 1 sub-sw
      +                          itches
  4236                           ; Switch size 1, requested type "simple"
  4237                           ; Number of cases is 1, Range of values is 0 to 0
  4238                           ; switch strategies available:
  4239                           ; Name         Instructions Cycles
  4240                           ; simple_byte            4     3 (average)
  4241                           ;	Chosen strategy is simple_byte
  4242   001D3A  517F               	movf	(??_LED_On+1)& (0+255),w,b
  4243   001D3C  0A00               	xorlw	0	; case 0
  4244   001D3E  B4D8               	btfsc	status,2,c
  4245   001D40  EFA4  F00E         	goto	l5208
  4246   001D44  EFBB  F00E         	goto	l164
  4247   001D48                     l5208:
  4248                           
  4249                           ; BSR set to: 0
  4250                           ; Switch size 1, requested type "simple"
  4251                           ; Number of cases is 5, Range of values is 0 to 4
  4252                           ; switch strategies available:
  4253                           ; Name         Instructions Cycles
  4254                           ; simple_byte           16     9 (average)
  4255                           ;	Chosen strategy is simple_byte
  4256   001D48  517E               	movf	??_LED_On& (0+255),w,b
  4257   001D4A  0A00               	xorlw	0	; case 0
  4258   001D4C  B4D8               	btfsc	status,2,c
  4259   001D4E  EFBB  F00E         	goto	l164
  4260   001D52  0A01               	xorlw	1	; case 1
  4261   001D54  B4D8               	btfsc	status,2,c
  4262   001D56  EF8D  F00E         	goto	l158
  4263   001D5A  0A03               	xorlw	3	; case 2
  4264   001D5C  B4D8               	btfsc	status,2,c
  4265   001D5E  EF90  F00E         	goto	l160
  4266   001D62  0A01               	xorlw	1	; case 3
  4267   001D64  B4D8               	btfsc	status,2,c
  4268   001D66  EF93  F00E         	goto	l161
  4269   001D6A  0A07               	xorlw	7	; case 4
  4270   001D6C  B4D8               	btfsc	status,2,c
  4271   001D6E  EF96  F00E         	goto	l162
  4272   001D72  EFBB  F00E         	goto	l164
  4273   001D76                     l164:
  4274                           
  4275                           ; BSR set to: 0
  4276   001D76  0012               	return		;funcret
  4277   001D78                     __end_of_LED_On:
  4278                           	callstack 0
  4279                           
  4280 ;; *************** function _LED_Off *****************
  4281 ;; Defined at:
  4282 ;;		line 137 in file "leds.c"
  4283 ;; Parameters:    Size  Location     Type
  4284 ;;  led             1    wreg     enum E2
  4285 ;; Auto vars:     Size  Location     Type
  4286 ;;  led             1    2[BANK0 ] enum E2
  4287 ;; Return value:  Size  Location     Type
  4288 ;;                  1    wreg      void 
  4289 ;; Registers used:
  4290 ;;		wreg, status,2, status,0
  4291 ;; Tracked objects:
  4292 ;;		On entry : 0/0
  4293 ;;		On exit  : 0/0
  4294 ;;		Unchanged: 0/0
  4295 ;; Data sizes:     COMRAM   BANK0   BANK1   BANK2   BANK3  BANK4h   BANK5   BANK6   BANK7
  4296 ;;      Params:         0       0       0       0       0       0       0       0       0
  4297 ;;      Locals:         0       1       0       0       0       0       0       0       0
  4298 ;;      Temps:          0       2       0       0       0       0       0       0       0
  4299 ;;      Totals:         0       3       0       0       0       0       0       0       0
  4300 ;;Total ram usage:        3 bytes
  4301 ;; Hardware stack levels used: 1
  4302 ;; Hardware stack levels required when called: 10
  4303 ;; This function calls:
  4304 ;;		Nothing
  4305 ;; This function is called by:
  4306 ;;		_APP_KeyboardProcessOutputReport
  4307 ;; This function uses a non-reentrant model
  4308 ;;
  4309                           
  4310                           	psect	text12
  4311   001D78                     __ptext12:
  4312                           	callstack 0
  4313   001D78                     _LED_Off:
  4314                           	callstack 18
  4315                           
  4316                           ; BSR set to: 0
  4317                           ;incstack = 0
  4318                           ;LED_Off@led stored from wreg
  4319   001D78  0100               	movlb	0	; () banked
  4320   001D7A  6F80               	movwf	LED_Off@led& (0+255),b
  4321   001D7C                     
  4322                           ;leds.c: 137: void LED_Off(LED led);leds.c: 138: {;leds.c: 139:     switch(led)
  4323   001D7C  EFCC  F00E         	goto	l3740
  4324   001D80                     l168:
  4325                           
  4326                           ; BSR set to: 0
  4327                           ;leds.c: 142:             LATDbits.LATD3 = 0;
  4328   001D80  968C               	bcf	140,3,c	;volatile
  4329                           
  4330                           ;leds.c: 143:             break;
  4331   001D82  EFEE  F00E         	goto	l174
  4332   001D86                     l170:
  4333                           
  4334                           ; BSR set to: 0
  4335                           ;leds.c: 146:             LATDbits.LATD1 = 0;
  4336   001D86  928C               	bcf	140,1,c	;volatile
  4337                           
  4338                           ;leds.c: 147:             break;
  4339   001D88  EFEE  F00E         	goto	l174
  4340   001D8C                     l171:
  4341                           
  4342                           ; BSR set to: 0
  4343                           ;leds.c: 150:             LATDbits.LATD2 = 0;
  4344   001D8C  948C               	bcf	140,2,c	;volatile
  4345                           
  4346                           ;leds.c: 151:             break;
  4347   001D8E  EFEE  F00E         	goto	l174
  4348   001D92                     l172:
  4349                           
  4350                           ; BSR set to: 0
  4351                           ;leds.c: 154:             LATDbits.LATD3 = 0;
  4352   001D92  968C               	bcf	140,3,c	;volatile
  4353                           
  4354                           ;leds.c: 155:             break;
  4355   001D94  EFEE  F00E         	goto	l174
  4356   001D98                     l3740:
  4357   001D98  0100               	movlb	0	; () banked
  4358   001D9A  5180               	movf	LED_Off@led& (0+255),w,b
  4359   001D9C  6F7E               	movwf	??_LED_Off& (0+255),b
  4360   001D9E  6B7F               	clrf	(??_LED_Off+1)& (0+255),b
  4361                           
  4362                           ; Switch on 2 bytes has been partitioned into a top level switch of size 1, and 1 sub-sw
      +                          itches
  4363                           ; Switch size 1, requested type "simple"
  4364                           ; Number of cases is 1, Range of values is 0 to 0
  4365                           ; switch strategies available:
  4366                           ; Name         Instructions Cycles
  4367                           ; simple_byte            4     3 (average)
  4368                           ;	Chosen strategy is simple_byte
  4369   001DA0  517F               	movf	(??_LED_Off+1)& (0+255),w,b
  4370   001DA2  0A00               	xorlw	0	; case 0
  4371   001DA4  B4D8               	btfsc	status,2,c
  4372   001DA6  EFD7  F00E         	goto	l5210
  4373   001DAA  EFEE  F00E         	goto	l174
  4374   001DAE                     l5210:
  4375                           
  4376                           ; BSR set to: 0
  4377                           ; Switch size 1, requested type "simple"
  4378                           ; Number of cases is 5, Range of values is 0 to 4
  4379                           ; switch strategies available:
  4380                           ; Name         Instructions Cycles
  4381                           ; simple_byte           16     9 (average)
  4382                           ;	Chosen strategy is simple_byte
  4383   001DAE  517E               	movf	??_LED_Off& (0+255),w,b
  4384   001DB0  0A00               	xorlw	0	; case 0
  4385   001DB2  B4D8               	btfsc	status,2,c
  4386   001DB4  EFEE  F00E         	goto	l174
  4387   001DB8  0A01               	xorlw	1	; case 1
  4388   001DBA  B4D8               	btfsc	status,2,c
  4389   001DBC  EFC0  F00E         	goto	l168
  4390   001DC0  0A03               	xorlw	3	; case 2
  4391   001DC2  B4D8               	btfsc	status,2,c
  4392   001DC4  EFC3  F00E         	goto	l170
  4393   001DC8  0A01               	xorlw	1	; case 3
  4394   001DCA  B4D8               	btfsc	status,2,c
  4395   001DCC  EFC6  F00E         	goto	l171
  4396   001DD0  0A07               	xorlw	7	; case 4
  4397   001DD2  B4D8               	btfsc	status,2,c
  4398   001DD4  EFC9  F00E         	goto	l172
  4399   001DD8  EFEE  F00E         	goto	l174
  4400   001DDC                     l174:
  4401                           
  4402                           ; BSR set to: 0
  4403   001DDC  0012               	return		;funcret
  4404   001DDE                     __end_of_LED_Off:
  4405                           	callstack 0
  4406                           
  4407 ;; *************** function _SYS_InterruptHigh *****************
  4408 ;; Defined at:
  4409 ;;		line 111 in file "system.c"
  4410 ;; Parameters:    Size  Location     Type
  4411 ;;		None
  4412 ;; Auto vars:     Size  Location     Type
  4413 ;;		None
  4414 ;; Return value:  Size  Location     Type
  4415 ;;                  1    wreg      void 
  4416 ;; Registers used:
  4417 ;;		wreg, fsr1l, fsr1h, fsr2l, fsr2h, status,2, status,0, pcl, pclath, pclatu, tosl, tblptrl, tblptrh, tblptru, prodl, p
      +rodh, cstack
  4418 ;; Tracked objects:
  4419 ;;		On entry : 0/0
  4420 ;;		On exit  : 0/0
  4421 ;;		Unchanged: 0/0
  4422 ;; Data sizes:     COMRAM   BANK0   BANK1   BANK2   BANK3  BANK4h   BANK5   BANK6   BANK7
  4423 ;;      Params:         0       0       0       0       0       0       0       0       0
  4424 ;;      Locals:         0       0       0       0       0       0       0       0       0
  4425 ;;      Temps:         12       0       0       0       0       0       0       0       0
  4426 ;;      Totals:        12       0       0       0       0       0       0       0       0
  4427 ;;Total ram usage:       12 bytes
  4428 ;; Hardware stack levels used: 1
  4429 ;; Hardware stack levels required when called: 9
  4430 ;; This function calls:
  4431 ;;		_USBDeviceTasks
  4432 ;; This function is called by:
  4433 ;;		Interrupt level 2
  4434 ;; This function uses a non-reentrant model
  4435 ;;
  4436                           
  4437                           	psect	intcode
  4438   000008                     __pintcode:
  4439                           	callstack 0
  4440   000008                     _SYS_InterruptHigh:
  4441                           	callstack 18
  4442                           
  4443                           ; BSR set to: 0
  4444                           ;incstack = 0
  4445   000008  825C               	bsf	int$flags,1,c	;set compiler interrupt flag (level 2)
  4446   00000A  ED21  F00E         	call	int_func,f	;refresh shadow registers
  4447                           
  4448                           	psect	intcode_body
  4449   001C42                     __pintcode_body:
  4450                           	callstack 18
  4451   001C42                     int_func:
  4452                           	callstack 18
  4453   001C42  0006               	pop		; remove dummy address from shadow register refresh
  4454   001C44  CFFA F050          	movff	pclath,??_SYS_InterruptHigh
  4455   001C48  CFFB F051          	movff	pclatu,??_SYS_InterruptHigh+1
  4456   001C4C  CFE1 F052          	movff	fsr1l,??_SYS_InterruptHigh+2
  4457   001C50  CFE2 F053          	movff	fsr1h,??_SYS_InterruptHigh+3
  4458   001C54  CFD9 F054          	movff	fsr2l,??_SYS_InterruptHigh+4
  4459   001C58  CFDA F055          	movff	fsr2h,??_SYS_InterruptHigh+5
  4460   001C5C  CFF3 F056          	movff	prodl,??_SYS_InterruptHigh+6
  4461   001C60  CFF4 F057          	movff	prodh,??_SYS_InterruptHigh+7
  4462   001C64  CFF6 F058          	movff	tblptrl,??_SYS_InterruptHigh+8
  4463   001C68  CFF7 F059          	movff	tblptrh,??_SYS_InterruptHigh+9
  4464   001C6C  CFF8 F05A          	movff	tblptru,??_SYS_InterruptHigh+10
  4465   001C70  CFF5 F05B          	movff	tablat,??_SYS_InterruptHigh+11
  4466   001C74                     
  4467                           ;system.c: 114:         USBDeviceTasks();
  4468   001C74  ECB2  F002         	call	_USBDeviceTasks	;wreg free
  4469   001C78  C05B  FFF5         	movff	??_SYS_InterruptHigh+11,tablat
  4470   001C7C  C05A  FFF8         	movff	??_SYS_InterruptHigh+10,tblptru
  4471   001C80  C059  FFF7         	movff	??_SYS_InterruptHigh+9,tblptrh
  4472   001C84  C058  FFF6         	movff	??_SYS_InterruptHigh+8,tblptrl
  4473   001C88  C057  FFF4         	movff	??_SYS_InterruptHigh+7,prodh
  4474   001C8C  C056  FFF3         	movff	??_SYS_InterruptHigh+6,prodl
  4475   001C90  C055  FFDA         	movff	??_SYS_InterruptHigh+5,fsr2h
  4476   001C94  C054  FFD9         	movff	??_SYS_InterruptHigh+4,fsr2l
  4477   001C98  C053  FFE2         	movff	??_SYS_InterruptHigh+3,fsr1h
  4478   001C9C  C052  FFE1         	movff	??_SYS_InterruptHigh+2,fsr1l
  4479   001CA0  C051  FFFB         	movff	??_SYS_InterruptHigh+1,pclatu
  4480   001CA4  C050  FFFA         	movff	??_SYS_InterruptHigh,pclath
  4481   001CA8  925C               	bcf	int$flags,1,c	;clear compiler interrupt flag (level 2)
  4482   001CAA  0011               	retfie		f
  4483   001CAC                     __end_of_SYS_InterruptHigh:
  4484                           	callstack 0
  4485                           
  4486 ;; *************** function _USBDeviceTasks *****************
  4487 ;; Defined at:
  4488 ;;		line 481 in file "usb_device.c"
  4489 ;; Parameters:    Size  Location     Type
  4490 ;;		None
  4491 ;; Auto vars:     Size  Location     Type
  4492 ;;  i               1   31[COMRAM] unsigned char 
  4493 ;; Return value:  Size  Location     Type
  4494 ;;                  1    wreg      void 
  4495 ;; Registers used:
  4496 ;;		wreg, fsr1l, fsr1h, fsr2l, fsr2h, status,2, status,0, pcl, pclath, pclatu, tosl, tblptrl, tblptrh, tblptru, prodl, p
      +rodh, cstack
  4497 ;; Tracked objects:
  4498 ;;		On entry : 0/0
  4499 ;;		On exit  : 0/0
  4500 ;;		Unchanged: 0/0
  4501 ;; Data sizes:     COMRAM   BANK0   BANK1   BANK2   BANK3  BANK4h   BANK5   BANK6   BANK7
  4502 ;;      Params:         0       0       0       0       0       0       0       0       0
  4503 ;;      Locals:         1       0       0       0       0       0       0       0       0
  4504 ;;      Temps:          0       0       0       0       0       0       0       0       0
  4505 ;;      Totals:         1       0       0       0       0       0       0       0       0
  4506 ;;Total ram usage:        1 bytes
  4507 ;; Hardware stack levels used: 1
  4508 ;; Hardware stack levels required when called: 8
  4509 ;; This function calls:
  4510 ;;		_USBCtrlEPAllowStatusStage
  4511 ;;		_USBCtrlEPService
  4512 ;;		_USBIncrement1msInternalTimers
  4513 ;;		_USBStallHandler
  4514 ;;		_USBSuspend
  4515 ;;		_USBWakeFromSuspend
  4516 ;;		_USER_USB_CALLBACK_EVENT_HANDLER
  4517 ;;		i2_USBDeviceInit
  4518 ;; This function is called by:
  4519 ;;		_SYS_InterruptHigh
  4520 ;; This function uses a non-reentrant model
  4521 ;;
  4522                           
  4523                           	psect	text14
  4524   000564                     __ptext14:
  4525                           	callstack 0
  4526   000564                     _USBDeviceTasks:
  4527                           	callstack 18
  4528   000564                     
  4529                           ;usb_device.c: 483:     uint8_t i;;usb_device.c: 594:     if(USBDeviceState == ATTACHED_
      +                          STATE)
  4530   000564  042C               	decf	_USBDeviceState^0,w,c	;volatile
  4531   000566  A4D8               	btfss	status,2,c
  4532   000568  EFB8  F002         	goto	i2u305_41
  4533   00056C  EFBA  F002         	goto	i2u305_40
  4534   000570                     i2u305_41:
  4535   000570  EFC6  F002         	goto	i2l4252
  4536   000574                     i2u305_40:
  4537   000574                     
  4538                           ;usb_device.c: 595:     {;usb_device.c: 605:         if(!UCONbits.SE0)
  4539   000574  BA6D               	btfsc	109,5,c	;volatile
  4540   000576  EFBF  F002         	goto	i2u306_41
  4541   00057A  EFC1  F002         	goto	i2u306_40
  4542   00057E                     i2u306_41:
  4543   00057E  EFC6  F002         	goto	i2l4252
  4544   000582                     i2u306_40:
  4545   000582                     
  4546                           ;usb_device.c: 606:         {;usb_device.c: 612:                 {UIR = 0;};
  4547   000582  6A68               	clrf	104,c	;volatile
  4548                           
  4549                           ;usb_device.c: 618:             UIEbits.URSTIE = 1;
  4550   000584  8069               	bsf	105,0,c	;volatile
  4551                           
  4552                           ;usb_device.c: 619:             UIEbits.IDLEIE = 1;
  4553   000586  8869               	bsf	105,4,c	;volatile
  4554   000588                     
  4555                           ;usb_device.c: 620:             USBDeviceState = POWERED_STATE;
  4556   000588  0E02               	movlw	2
  4557   00058A  6E2C               	movwf	_USBDeviceState^0,c	;volatile
  4558   00058C                     i2l4252:
  4559                           
  4560                           ;usb_device.c: 638:     if(UIRbits.ACTVIF && UIEbits.ACTVIE)
  4561   00058C  A468               	btfss	104,2,c	;volatile
  4562   00058E  EFCB  F002         	goto	i2u307_41
  4563   000592  EFCD  F002         	goto	i2u307_40
  4564   000596                     i2u307_41:
  4565   000596  EFD7  F002         	goto	i2l4260
  4566   00059A                     i2u307_40:
  4567   00059A  A469               	btfss	105,2,c	;volatile
  4568   00059C  EFD2  F002         	goto	i2u308_41
  4569   0005A0  EFD4  F002         	goto	i2u308_40
  4570   0005A4                     i2u308_41:
  4571   0005A4  EFD7  F002         	goto	i2l4260
  4572   0005A8                     i2u308_40:
  4573   0005A8                     
  4574                           ;usb_device.c: 639:     {;usb_device.c: 640:         (UIR &= 0xFB);
  4575   0005A8  9468               	bcf	104,2,c	;volatile
  4576   0005AA                     
  4577                           ;usb_device.c: 644:             USBWakeFromSuspend();
  4578   0005AA  EC0B  F011         	call	_USBWakeFromSuspend	;wreg free
  4579   0005AE                     i2l4260:
  4580                           
  4581                           ;usb_device.c: 651:     if(UCONbits.SUSPND==1)
  4582   0005AE  A26D               	btfss	109,1,c	;volatile
  4583   0005B0  EFDC  F002         	goto	i2u309_41
  4584   0005B4  EFDE  F002         	goto	i2u309_40
  4585   0005B8                     i2u309_41:
  4586   0005B8  EFE1  F002         	goto	i2l390
  4587   0005BC                     i2u309_40:
  4588   0005BC                     
  4589                           ;usb_device.c: 652:     {;usb_device.c: 653:         {PIR2bits.USBIF = 0;};
  4590   0005BC  9AA1               	bcf	161,5,c	;volatile
  4591                           
  4592                           ;usb_device.c: 654:         return;
  4593   0005BE  EFBB  F003         	goto	i2l391
  4594   0005C2                     i2l390:
  4595                           
  4596                           ;usb_device.c: 667:     if(UIRbits.URSTIF && UIEbits.URSTIE)
  4597   0005C2  A068               	btfss	104,0,c	;volatile
  4598   0005C4  EFE6  F002         	goto	i2u310_41
  4599   0005C8  EFE8  F002         	goto	i2u310_40
  4600   0005CC                     i2u310_41:
  4601   0005CC  EFF5  F002         	goto	i2l4274
  4602   0005D0                     i2u310_40:
  4603   0005D0  A069               	btfss	105,0,c	;volatile
  4604   0005D2  EFED  F002         	goto	i2u311_41
  4605   0005D6  EFEF  F002         	goto	i2u311_40
  4606   0005DA                     i2u311_41:
  4607   0005DA  EFF5  F002         	goto	i2l4274
  4608   0005DE                     i2u311_40:
  4609   0005DE                     
  4610                           ;usb_device.c: 668:     {;usb_device.c: 669:         USBDeviceInit();
  4611   0005DE  ECA2  F008         	call	i2_USBDeviceInit	;wreg free
  4612   0005E2                     
  4613                           ;usb_device.c: 673:         {PIE2bits.USBIE = 1;};
  4614   0005E2  8AA0               	bsf	160,5,c	;volatile
  4615   0005E4                     
  4616                           ;usb_device.c: 675:         USBDeviceState = DEFAULT_STATE;
  4617   0005E4  0E04               	movlw	4
  4618   0005E6  6E2C               	movwf	_USBDeviceState^0,c	;volatile
  4619   0005E8                     
  4620                           ;usb_device.c: 685:         (UIR &= 0xFE);
  4621   0005E8  9068               	bcf	104,0,c	;volatile
  4622   0005EA                     i2l4274:
  4623                           
  4624                           ;usb_device.c: 691:     if(UIRbits.IDLEIF && UIEbits.IDLEIE)
  4625   0005EA  A868               	btfss	104,4,c	;volatile
  4626   0005EC  EFFA  F002         	goto	i2u312_41
  4627   0005F0  EFFC  F002         	goto	i2u312_40
  4628   0005F4                     i2u312_41:
  4629   0005F4  EF05  F003         	goto	i2l4280
  4630   0005F8                     i2u312_40:
  4631   0005F8  A869               	btfss	105,4,c	;volatile
  4632   0005FA  EF01  F003         	goto	i2u313_41
  4633   0005FE  EF03  F003         	goto	i2u313_40
  4634   000602                     i2u313_41:
  4635   000602  EF05  F003         	goto	i2l4280
  4636   000606                     i2u313_40:
  4637   000606                     
  4638                           ;usb_device.c: 692:     {;usb_device.c: 698:             USBSuspend();
  4639   000606  EC5E  F011         	call	_USBSuspend	;wreg free
  4640   00060A                     i2l4280:
  4641                           
  4642                           ;usb_device.c: 712:     if(UIRbits.SOFIF)
  4643   00060A  AC68               	btfss	104,6,c	;volatile
  4644   00060C  EF0A  F003         	goto	i2u314_41
  4645   000610  EF0C  F003         	goto	i2u314_40
  4646   000614                     i2u314_41:
  4647   000614  EF37  F003         	goto	i2l4298
  4648   000618                     i2u314_40:
  4649   000618                     
  4650                           ;usb_device.c: 713:     {;usb_device.c: 715:         if(UIEbits.SOFIE)
  4651   000618  AC69               	btfss	105,6,c	;volatile
  4652   00061A  EF11  F003         	goto	i2u315_41
  4653   00061E  EF13  F003         	goto	i2u315_40
  4654   000622                     i2u315_41:
  4655   000622  EF21  F003         	goto	i2l4286
  4656   000626                     i2u315_40:
  4657   000626                     
  4658                           ;usb_device.c: 716:         {;usb_device.c: 717:             USER_USB_CALLBACK_EVENT_HAN
      +                          DLER((USB_EVENT)EVENT_SOF,0,1);
  4659   000626  0E00               	movlw	0
  4660   000628  6E3F               	movwf	(USER_USB_CALLBACK_EVENT_HANDLER@event+1)^0,c
  4661   00062A  0E73               	movlw	115
  4662   00062C  6E3E               	movwf	USER_USB_CALLBACK_EVENT_HANDLER@event^0,c
  4663   00062E  0E00               	movlw	0
  4664   000630  6E40               	movwf	USER_USB_CALLBACK_EVENT_HANDLER@pdata^0,c
  4665   000632  0E00               	movlw	0
  4666   000634  6E41               	movwf	(USER_USB_CALLBACK_EVENT_HANDLER@pdata+1)^0,c
  4667   000636  0E00               	movlw	0
  4668   000638  6E43               	movwf	(USER_USB_CALLBACK_EVENT_HANDLER@size+1)^0,c
  4669   00063A  0E01               	movlw	1
  4670   00063C  6E42               	movwf	USER_USB_CALLBACK_EVENT_HANDLER@size^0,c
  4671   00063E  EC04  F00C         	call	_USER_USB_CALLBACK_EVENT_HANDLER	;wreg free
  4672   000642                     i2l4286:
  4673                           
  4674                           ;usb_device.c: 719:         (UIR &= 0xBF);
  4675   000642  9C68               	bcf	104,6,c	;volatile
  4676   000644                     
  4677                           ;usb_device.c: 722:             USBIncrement1msInternalTimers();
  4678   000644  EC44  F011         	call	_USBIncrement1msInternalTimers	;wreg free
  4679   000648                     
  4680                           ;usb_device.c: 739:             if(USBStatusStageTimeoutCounter != 0u)
  4681   000648  5025               	movf	_USBStatusStageTimeoutCounter^0,w,c	;volatile
  4682   00064A  B4D8               	btfsc	status,2,c
  4683   00064C  EF2A  F003         	goto	i2u316_41
  4684   000650  EF2C  F003         	goto	i2u316_40
  4685   000654                     i2u316_41:
  4686   000654  EF2D  F003         	goto	i2l4294
  4687   000658                     i2u316_40:
  4688   000658                     
  4689                           ;usb_device.c: 740:             {;usb_device.c: 741:                 USBStatusStageTimeo
      +                          utCounter--;
  4690   000658  0625               	decf	_USBStatusStageTimeoutCounter^0,f,c	;volatile
  4691   00065A                     i2l4294:
  4692                           
  4693                           ;usb_device.c: 748:             if(USBStatusStageTimeoutCounter == 0)
  4694   00065A  5025               	movf	_USBStatusStageTimeoutCounter^0,w,c	;volatile
  4695   00065C  A4D8               	btfss	status,2,c
  4696   00065E  EF33  F003         	goto	i2u317_41
  4697   000662  EF35  F003         	goto	i2u317_40
  4698   000666                     i2u317_41:
  4699   000666  EF37  F003         	goto	i2l4298
  4700   00066A                     i2u317_40:
  4701   00066A                     
  4702                           ;usb_device.c: 749:             {;usb_device.c: 750:                 USBCtrlEPAllowStatu
      +                          sStage();
  4703   00066A  EC24  F00B         	call	_USBCtrlEPAllowStatusStage	;wreg free
  4704   00066E                     i2l4298:
  4705                           
  4706                           ;usb_device.c: 755:     if(UIRbits.STALLIF && UIEbits.STALLIE)
  4707   00066E  AA68               	btfss	104,5,c	;volatile
  4708   000670  EF3C  F003         	goto	i2u318_41
  4709   000674  EF3E  F003         	goto	i2u318_40
  4710   000678                     i2u318_41:
  4711   000678  EF47  F003         	goto	i2l4304
  4712   00067C                     i2u318_40:
  4713   00067C  AA69               	btfss	105,5,c	;volatile
  4714   00067E  EF43  F003         	goto	i2u319_41
  4715   000682  EF45  F003         	goto	i2u319_40
  4716   000686                     i2u319_41:
  4717   000686  EF47  F003         	goto	i2l4304
  4718   00068A                     i2u319_40:
  4719   00068A                     
  4720                           ;usb_device.c: 756:     {;usb_device.c: 757:         USBStallHandler();
  4721   00068A  ECB5  F00F         	call	_USBStallHandler	;wreg free
  4722   00068E                     i2l4304:
  4723                           
  4724                           ;usb_device.c: 760:     if(UIRbits.UERRIF && UIEbits.UERRIE)
  4725   00068E  A268               	btfss	104,1,c	;volatile
  4726   000690  EF4C  F003         	goto	i2u320_41
  4727   000694  EF4E  F003         	goto	i2u320_40
  4728   000698                     i2u320_41:
  4729   000698  EF63  F003         	goto	i2l4312
  4730   00069C                     i2u320_40:
  4731   00069C  A269               	btfss	105,1,c	;volatile
  4732   00069E  EF53  F003         	goto	i2u321_41
  4733   0006A2  EF55  F003         	goto	i2u321_40
  4734   0006A6                     i2u321_41:
  4735   0006A6  EF63  F003         	goto	i2l4312
  4736   0006AA                     i2u321_40:
  4737   0006AA                     
  4738                           ;usb_device.c: 761:     {;usb_device.c: 762:         USER_USB_CALLBACK_EVENT_HANDLER((US
      +                          B_EVENT)EVENT_BUS_ERROR,0,1);
  4739   0006AA  0E7F               	movlw	127
  4740   0006AC  6E3F               	movwf	(USER_USB_CALLBACK_EVENT_HANDLER@event+1)^0,c
  4741   0006AE  683E               	setf	USER_USB_CALLBACK_EVENT_HANDLER@event^0,c
  4742   0006B0  0E00               	movlw	0
  4743   0006B2  6E40               	movwf	USER_USB_CALLBACK_EVENT_HANDLER@pdata^0,c
  4744   0006B4  0E00               	movlw	0
  4745   0006B6  6E41               	movwf	(USER_USB_CALLBACK_EVENT_HANDLER@pdata+1)^0,c
  4746   0006B8  0E00               	movlw	0
  4747   0006BA  6E43               	movwf	(USER_USB_CALLBACK_EVENT_HANDLER@size+1)^0,c
  4748   0006BC  0E01               	movlw	1
  4749   0006BE  6E42               	movwf	USER_USB_CALLBACK_EVENT_HANDLER@size^0,c
  4750   0006C0  EC04  F00C         	call	_USER_USB_CALLBACK_EVENT_HANDLER	;wreg free
  4751   0006C4                     
  4752                           ;usb_device.c: 763:         {UEIR = 0;};
  4753   0006C4  6A6A               	clrf	106,c	;volatile
  4754   0006C6                     i2l4312:
  4755                           
  4756                           ;usb_device.c: 778:     if(USBDeviceState < DEFAULT_STATE)
  4757   0006C6  0E04               	movlw	4
  4758   0006C8  602C               	cpfslt	_USBDeviceState^0,c	;volatile
  4759   0006CA  EF69  F003         	goto	i2u322_41
  4760   0006CE  EF6B  F003         	goto	i2u322_40
  4761   0006D2                     i2u322_41:
  4762   0006D2  EF6E  F003         	goto	i2l400
  4763   0006D6                     i2u322_40:
  4764   0006D6                     
  4765                           ;usb_device.c: 779:     {;usb_device.c: 780:         {PIR2bits.USBIF = 0;};
  4766   0006D6  9AA1               	bcf	161,5,c	;volatile
  4767                           
  4768                           ;usb_device.c: 781:         return;
  4769   0006D8  EFBB  F003         	goto	i2l391
  4770   0006DC                     i2l400:
  4771                           
  4772                           ;usb_device.c: 787:     if(UIEbits.TRNIE)
  4773   0006DC  A669               	btfss	105,3,c	;volatile
  4774   0006DE  EF73  F003         	goto	i2u323_41
  4775   0006E2  EF75  F003         	goto	i2u323_40
  4776   0006E6                     i2u323_41:
  4777   0006E6  EFBA  F003         	goto	i2l401
  4778   0006EA                     i2u323_40:
  4779   0006EA                     
  4780                           ;usb_device.c: 788:     {;usb_device.c: 789:         for(i = 0; i < 4u; i++)
  4781   0006EA  6A4F               	clrf	USBDeviceTasks@i^0,c
  4782   0006EC                     i2l402:
  4783                           
  4784                           ;usb_device.c: 790:         {;usb_device.c: 791:             if(UIRbits.TRNIF)
  4785   0006EC  A668               	btfss	104,3,c	;volatile
  4786   0006EE  EF7B  F003         	goto	i2u324_41
  4787   0006F2  EF7D  F003         	goto	i2u324_40
  4788   0006F6                     i2u324_41:
  4789   0006F6  EFBA  F003         	goto	i2l401
  4790   0006FA                     i2u324_40:
  4791   0006FA                     
  4792                           ;usb_device.c: 792:             {;usb_device.c: 794:                 USTATcopy.Val = UST
      +                          AT;
  4793   0006FA  CF6C F02D          	movff	3948,_USTATcopy	;volatile
  4794   0006FE                     
  4795                           ;usb_device.c: 795:                 endpoint_number = USTATcopy.endpoint_number;
  4796   0006FE  302D               	rrcf	_USTATcopy^0,w,c	;volatile
  4797   000700  32E8               	rrcf	wreg,f,c
  4798   000702  32E8               	rrcf	wreg,f,c
  4799   000704  0B0F               	andlw	15
  4800   000706  6E27               	movwf	_endpoint_number^0,c	;volatile
  4801   000708                     
  4802                           ;usb_device.c: 797:                 (UIR &= 0xF7);
  4803   000708  9668               	bcf	104,3,c	;volatile
  4804   00070A                     
  4805                           ;usb_device.c: 802:                 if(USTATcopy.direction == 0)
  4806   00070A  B42D               	btfsc	_USTATcopy^0,2,c	;volatile
  4807   00070C  EF8A  F003         	goto	i2u325_41
  4808   000710  EF8C  F003         	goto	i2u325_40
  4809   000714                     i2u325_41:
  4810   000714  EF93  F003         	goto	i2l4332
  4811   000718                     i2u325_40:
  4812   000718                     
  4813                           ;usb_device.c: 803:                 {;usb_device.c: 804:                     ep_data_out
      +                          [endpoint_number].bits.ping_pong_state ^= 1;
  4814   000718  5027               	movf	_endpoint_number^0,w,c
  4815   00071A  0F15               	addlw	low _ep_data_out
  4816   00071C  6ED9               	movwf	fsr2l,c
  4817   00071E  6ADA               	clrf	fsr2h,c
  4818   000720  70DF               	btg	indf2,0,c
  4819                           
  4820                           ;usb_device.c: 805:                 }
  4821   000722  EF98  F003         	goto	i2l4334
  4822   000726                     i2l4332:
  4823                           
  4824                           ;usb_device.c: 807:                 {;usb_device.c: 808:                     ep_data_in[
      +                          endpoint_number].bits.ping_pong_state ^= 1;
  4825   000726  5027               	movf	_endpoint_number^0,w,c
  4826   000728  0F17               	addlw	low _ep_data_in
  4827   00072A  6ED9               	movwf	fsr2l,c
  4828   00072C  6ADA               	clrf	fsr2h,c
  4829   00072E  70DF               	btg	indf2,0,c
  4830   000730                     i2l4334:
  4831                           
  4832                           ;usb_device.c: 814:                 if(endpoint_number == 0)
  4833   000730  5027               	movf	_endpoint_number^0,w,c	;volatile
  4834   000732  A4D8               	btfss	status,2,c
  4835   000734  EF9E  F003         	goto	i2u326_41
  4836   000738  EFA0  F003         	goto	i2u326_40
  4837   00073C                     i2u326_41:
  4838   00073C  EFA4  F003         	goto	i2l4338
  4839   000740                     i2u326_40:
  4840   000740                     
  4841                           ;usb_device.c: 815:                 {;usb_device.c: 816:                     USBCtrlEPSe
      +                          rvice();
  4842   000740  EC6E  F00C         	call	_USBCtrlEPService	;wreg free
  4843                           
  4844                           ;usb_device.c: 817:                 }
  4845   000744  EFB1  F003         	goto	i2l4340
  4846   000748                     i2l4338:
  4847                           
  4848                           ;usb_device.c: 819:                 {;usb_device.c: 820:                     USER_USB_CA
      +                          LLBACK_EVENT_HANDLER((USB_EVENT)EVENT_TRANSFER,(uint8_t*)&USTATcopy.Val,0);
  4849   000748  0E00               	movlw	0
  4850   00074A  6E3F               	movwf	(USER_USB_CALLBACK_EVENT_HANDLER@event+1)^0,c
  4851   00074C  0E72               	movlw	114
  4852   00074E  6E3E               	movwf	USER_USB_CALLBACK_EVENT_HANDLER@event^0,c
  4853   000750  0E2D               	movlw	low _USTATcopy
  4854   000752  6E40               	movwf	USER_USB_CALLBACK_EVENT_HANDLER@pdata^0,c
  4855   000754  6A41               	clrf	(USER_USB_CALLBACK_EVENT_HANDLER@pdata+1)^0,c
  4856   000756  0E00               	movlw	0
  4857   000758  6E43               	movwf	(USER_USB_CALLBACK_EVENT_HANDLER@size+1)^0,c
  4858   00075A  0E00               	movlw	0
  4859   00075C  6E42               	movwf	USER_USB_CALLBACK_EVENT_HANDLER@size^0,c
  4860   00075E  EC04  F00C         	call	_USER_USB_CALLBACK_EVENT_HANDLER	;wreg free
  4861   000762                     i2l4340:
  4862                           
  4863                           ;usb_device.c: 827:         }
  4864   000762  2A4F               	incf	USBDeviceTasks@i^0,f,c
  4865   000764  0E03               	movlw	3
  4866   000766  644F               	cpfsgt	USBDeviceTasks@i^0,c
  4867   000768  EFB8  F003         	goto	i2u327_41
  4868   00076C  EFBA  F003         	goto	i2u327_40
  4869   000770                     i2u327_41:
  4870   000770  EF76  F003         	goto	i2l402
  4871   000774                     i2u327_40:
  4872   000774                     i2l401:
  4873                           
  4874                           ;usb_device.c: 830:     {PIR2bits.USBIF = 0;};
  4875   000774  9AA1               	bcf	161,5,c	;volatile
  4876   000776                     i2l391:
  4877   000776  0012               	return		;funcret
  4878   000778                     __end_of_USBDeviceTasks:
  4879                           	callstack 0
  4880                           
  4881 ;; *************** function i2_USBDeviceInit *****************
  4882 ;; Defined at:
  4883 ;;		line 281 in file "usb_device.c"
  4884 ;; Parameters:    Size  Location     Type
  4885 ;;		None
  4886 ;; Auto vars:     Size  Location     Type
  4887 ;;  i               1    8[COMRAM] unsigned char 
  4888 ;; Return value:  Size  Location     Type
  4889 ;;                  1    wreg      void 
  4890 ;; Registers used:
  4891 ;;		wreg, fsr2l, fsr2h, status,2, status,0, prodl, prodh, cstack
  4892 ;; Tracked objects:
  4893 ;;		On entry : 0/0
  4894 ;;		On exit  : 0/0
  4895 ;;		Unchanged: 0/0
  4896 ;; Data sizes:     COMRAM   BANK0   BANK1   BANK2   BANK3  BANK4h   BANK5   BANK6   BANK7
  4897 ;;      Params:         0       0       0       0       0       0       0       0       0
  4898 ;;      Locals:         1       0       0       0       0       0       0       0       0
  4899 ;;      Temps:          0       0       0       0       0       0       0       0       0
  4900 ;;      Totals:         1       0       0       0       0       0       0       0       0
  4901 ;;Total ram usage:        1 bytes
  4902 ;; Hardware stack levels used: 1
  4903 ;; Hardware stack levels required when called: 1
  4904 ;; This function calls:
  4905 ;;		i2_memset
  4906 ;; This function is called by:
  4907 ;;		_USBDeviceTasks
  4908 ;; This function uses a non-reentrant model
  4909 ;;
  4910                           
  4911                           	psect	text15
  4912   001144                     __ptext15:
  4913                           	callstack 0
  4914   001144                     i2_USBDeviceInit:
  4915                           	callstack 24
  4916   001144                     
  4917                           ;usb_device.c: 283:     uint8_t i;;usb_device.c: 285:     {PIE2bits.USBIE = 0;};
  4918   001144  9AA0               	bcf	160,5,c	;volatile
  4919                           
  4920                           ;usb_device.c: 292:     {UEIR = 0;};
  4921   001146  6A6A               	clrf	106,c	;volatile
  4922                           
  4923                           ;usb_device.c: 295:     {UIR = 0;};
  4924   001148  6A68               	clrf	104,c	;volatile
  4925                           
  4926                           ;usb_device.c: 298:     UEP0 = 0;
  4927   00114A  6A70               	clrf	112,c	;volatile
  4928   00114C                     
  4929                           ;usb_device.c: 300:     memset((void*)&UEP1,0x00,(1));;
  4930   00114C  0E71               	movlw	113
  4931   00114E  6E30               	movwf	i2memset@dest^0,c
  4932   001150  0E0F               	movlw	15
  4933   001152  6E31               	movwf	(i2memset@dest+1)^0,c
  4934   001154  0E00               	movlw	0
  4935   001156  6E33               	movwf	(i2memset@c+1)^0,c
  4936   001158  0E00               	movlw	0
  4937   00115A  6E32               	movwf	i2memset@c^0,c
  4938   00115C  0E00               	movlw	0
  4939   00115E  6E35               	movwf	(i2memset@n+1)^0,c
  4940   001160  0E01               	movlw	1
  4941   001162  6E34               	movwf	i2memset@n^0,c
  4942   001164  EC28  F011         	call	i2_memset	;wreg free
  4943   001168                     
  4944                           ;usb_device.c: 302:     { UCFG = 0x10 | 0x00 | 0x04 | 0x02; UEIE = 0x9F; UIE = 0x39 | 0x
      +                          40 | 0x02; };
  4945   001168  0E16               	movlw	22
  4946   00116A  6E6F               	movwf	111,c	;volatile
  4947   00116C  0E9F               	movlw	159
  4948   00116E  6E6B               	movwf	107,c	;volatile
  4949   001170  0E7B               	movlw	123
  4950   001172  6E69               	movwf	105,c	;volatile
  4951   001174                     
  4952                           ;usb_device.c: 311:     for(i = 0; i < (sizeof(BDT)/sizeof(BDT_ENTRY)); i++)
  4953   001174  6A38               	clrf	i2USBDeviceInit@i^0,c
  4954   001176                     i2l4012:
  4955                           
  4956                           ;usb_device.c: 312:     {;usb_device.c: 313:         BDT[i].Val = 0x00;
  4957   001176  5038               	movf	i2USBDeviceInit@i^0,w,c
  4958   001178  0D04               	mullw	4
  4959   00117A  0E00               	movlw	0
  4960   00117C  24F3               	addwf	243,w,c
  4961   00117E  6ED9               	movwf	fsr2l,c
  4962   001180  0E04               	movlw	4
  4963   001182  20F4               	addwfc	prodh,w,c
  4964   001184  6EDA               	movwf	fsr2h,c
  4965   001186  6ADE               	clrf	postinc2,c
  4966   001188  6ADE               	clrf	postinc2,c
  4967   00118A  6ADE               	clrf	postinc2,c
  4968   00118C  6ADD               	clrf	postdec2,c
  4969   00118E                     
  4970                           ;usb_device.c: 314:     }
  4971   00118E  2A38               	incf	i2USBDeviceInit@i^0,f,c
  4972   001190  0E07               	movlw	7
  4973   001192  6438               	cpfsgt	i2USBDeviceInit@i^0,c
  4974   001194  EFCE  F008         	goto	i2u279_41
  4975   001198  EFD0  F008         	goto	i2u279_40
  4976   00119C                     i2u279_41:
  4977   00119C  EFBB  F008         	goto	i2l4012
  4978   0011A0                     i2u279_40:
  4979   0011A0                     
  4980                           ;usb_device.c: 317:     UCONbits.PPBRST = 1;
  4981   0011A0  8C6D               	bsf	109,6,c	;volatile
  4982                           
  4983                           ;usb_device.c: 320:     UADDR = 0x00;
  4984   0011A2  6A6E               	clrf	110,c	;volatile
  4985                           
  4986                           ;usb_device.c: 323:     UCONbits.PKTDIS = 0;
  4987   0011A4  986D               	bcf	109,4,c	;volatile
  4988                           
  4989                           ;usb_device.c: 326:     UCONbits.PPBRST = 0;
  4990   0011A6  9C6D               	bcf	109,6,c	;volatile
  4991   0011A8                     i2l4018:
  4992                           
  4993                           ;usb_device.c: 330:     {;usb_device.c: 331:         (UIR &= 0xF7);
  4994   0011A8  9668               	bcf	104,3,c	;volatile
  4995   0011AA                     
  4996                           ;usb_device.c: 333:         inPipes[0].info.Val = 0;
  4997   0011AA  6A0A               	clrf	(_inPipes+2)^0,c	;volatile
  4998   0011AC                     
  4999                           ;usb_device.c: 334:         outPipes[0].info.Val = 0;
  5000   0011AC  6A03               	clrf	(_outPipes+2)^0,c	;volatile
  5001   0011AE                     
  5002                           ;usb_device.c: 335:         outPipes[0].wCount.Val = 0;
  5003   0011AE  0E00               	movlw	0
  5004   0011B0  6E05               	movwf	(_outPipes+4)^0,c	;volatile
  5005   0011B2  0E00               	movlw	0
  5006   0011B4  6E04               	movwf	(_outPipes+3)^0,c	;volatile
  5007   0011B6                     
  5008                           ;usb_device.c: 336:     }while(UIRbits.TRNIF == 1);
  5009   0011B6  B668               	btfsc	104,3,c	;volatile
  5010   0011B8  EFE0  F008         	goto	i2u280_41
  5011   0011BC  EFE2  F008         	goto	i2u280_40
  5012   0011C0                     i2u280_41:
  5013   0011C0  EFD4  F008         	goto	i2l4018
  5014   0011C4                     i2u280_40:
  5015   0011C4                     
  5016                           ;usb_device.c: 340:     USBStatusStageEnabledFlag1 = 1;
  5017   0011C4  0E01               	movlw	1
  5018   0011C6  6E23               	movwf	_USBStatusStageEnabledFlag1^0,c	;volatile
  5019                           
  5020                           ;usb_device.c: 341:     USBStatusStageEnabledFlag2 = 1;
  5021   0011C8  0E01               	movlw	1
  5022   0011CA  6E22               	movwf	_USBStatusStageEnabledFlag2^0,c	;volatile
  5023   0011CC                     
  5024                           ;usb_device.c: 343:     USBDeferINDataStagePackets = 0;
  5025   0011CC  6A21               	clrf	_USBDeferINDataStagePackets^0,c	;volatile
  5026   0011CE                     
  5027                           ;usb_device.c: 344:     USBDeferOUTDataStagePackets = 0;
  5028   0011CE  6A20               	clrf	_USBDeferOUTDataStagePackets^0,c	;volatile
  5029   0011D0                     
  5030                           ;usb_device.c: 345:     USBBusIsSuspended = 0;
  5031   0011D0  6A28               	clrf	_USBBusIsSuspended^0,c	;volatile
  5032   0011D2                     
  5033                           ;usb_device.c: 349:     for(i = 0; i < (uint8_t)(1 +1u); i++)
  5034   0011D2  6A38               	clrf	i2USBDeviceInit@i^0,c
  5035   0011D4                     i2l4042:
  5036                           
  5037                           ;usb_device.c: 350:     {;usb_device.c: 351:         pBDTEntryIn[i] = 0u;
  5038   0011D4  5038               	movf	i2USBDeviceInit@i^0,w,c
  5039   0011D6  0D02               	mullw	2
  5040   0011D8  50F3               	movf	243,w,c
  5041   0011DA  0F0D               	addlw	low _pBDTEntryIn
  5042   0011DC  6ED9               	movwf	fsr2l,c
  5043   0011DE  6ADA               	clrf	fsr2h,c
  5044   0011E0  6ADE               	clrf	postinc2,c
  5045   0011E2  6ADD               	clrf	postdec2,c
  5046                           
  5047                           ;usb_device.c: 352:         pBDTEntryOut[i] = 0u;
  5048   0011E4  5038               	movf	i2USBDeviceInit@i^0,w,c
  5049   0011E6  0D02               	mullw	2
  5050   0011E8  50F3               	movf	243,w,c
  5051   0011EA  0F11               	addlw	low _pBDTEntryOut
  5052   0011EC  6ED9               	movwf	fsr2l,c
  5053   0011EE  6ADA               	clrf	fsr2h,c
  5054   0011F0  6ADE               	clrf	postinc2,c
  5055   0011F2  6ADD               	clrf	postdec2,c
  5056   0011F4                     
  5057                           ;usb_device.c: 353:         ep_data_in[i].Val = 0u;
  5058   0011F4  5038               	movf	i2USBDeviceInit@i^0,w,c
  5059   0011F6  0F17               	addlw	low _ep_data_in
  5060   0011F8  6ED9               	movwf	fsr2l,c
  5061   0011FA  6ADA               	clrf	fsr2h,c
  5062   0011FC  6ADF               	clrf	indf2,c
  5063   0011FE                     
  5064                           ;usb_device.c: 354:         ep_data_out[i].Val = 0u;
  5065   0011FE  5038               	movf	i2USBDeviceInit@i^0,w,c
  5066   001200  0F15               	addlw	low _ep_data_out
  5067   001202  6ED9               	movwf	fsr2l,c
  5068   001204  6ADA               	clrf	fsr2h,c
  5069   001206  6ADF               	clrf	indf2,c
  5070   001208                     
  5071                           ;usb_device.c: 355:     }
  5072   001208  2A38               	incf	i2USBDeviceInit@i^0,f,c
  5073   00120A  0E01               	movlw	1
  5074   00120C  6438               	cpfsgt	i2USBDeviceInit@i^0,c
  5075   00120E  EF0B  F009         	goto	i2u281_41
  5076   001212  EF0D  F009         	goto	i2u281_40
  5077   001216                     i2u281_41:
  5078   001216  EFEA  F008         	goto	i2l4042
  5079   00121A                     i2u281_40:
  5080   00121A                     
  5081                           ;usb_device.c: 358:     pBDTEntryIn[0] = (volatile BDT_ENTRY*)&BDT[2];
  5082   00121A  0E08               	movlw	8
  5083   00121C  6E0D               	movwf	_pBDTEntryIn^0,c
  5084   00121E  0E04               	movlw	4
  5085   001220  6E0E               	movwf	(_pBDTEntryIn+1)^0,c
  5086   001222                     
  5087                           ;usb_device.c: 360:     UEP0 = 0x06|0x10;
  5088   001222  0E16               	movlw	22
  5089   001224  6E70               	movwf	112,c	;volatile
  5090   001226                     
  5091                           ;usb_device.c: 362:     BDT[0].ADR = ((uint16_t)(&SetupPkt));
  5092   001226  0E04               	movlw	4
  5093   001228  0104               	movlb	4	; () banked
  5094   00122A  6F03               	movwf	3,b	;volatile
  5095   00122C  0E20               	movlw	32
  5096   00122E  6F02               	movwf	2,b	;volatile
  5097   001230                     
  5098                           ; BSR set to: 4
  5099                           ;usb_device.c: 363:     BDT[0].CNT = 8;
  5100   001230  0E08               	movlw	8
  5101   001232  6F01               	movwf	1,b	;volatile
  5102   001234                     
  5103                           ; BSR set to: 4
  5104                           ;usb_device.c: 364:     BDT[0].STAT.Val = 0x00|0x04;
  5105   001234  0E04               	movlw	4
  5106   001236  6F00               	movwf	0,b	;volatile
  5107   001238                     
  5108                           ; BSR set to: 4
  5109                           ;usb_device.c: 365:     BDT[0].STAT.Val |= 0x80;
  5110   001238  8F00               	bsf	0,7,b	;volatile
  5111   00123A                     
  5112                           ; BSR set to: 4
  5113                           ;usb_device.c: 368:     USBActiveConfiguration = 0;
  5114   00123A  6A2F               	clrf	_USBActiveConfiguration^0,c	;volatile
  5115   00123C                     
  5116                           ; BSR set to: 4
  5117                           ;usb_device.c: 370:     USB1msTickCount = 0;
  5118   00123C  0E00               	movlw	0
  5119   00123E  0100               	movlb	0	; () banked
  5120   001240  6F6E               	movwf	_USB1msTickCount& (0+255),b	;volatile
  5121   001242  0E00               	movlw	0
  5122   001244  6F6F               	movwf	(_USB1msTickCount+1)& (0+255),b	;volatile
  5123   001246  0E00               	movlw	0
  5124   001248  6F70               	movwf	(_USB1msTickCount+2)& (0+255),b	;volatile
  5125   00124A  0E00               	movlw	0
  5126   00124C  6F71               	movwf	(_USB1msTickCount+3)& (0+255),b	;volatile
  5127   00124E                     
  5128                           ; BSR set to: 0
  5129                           ;usb_device.c: 371:     USBTicksSinceSuspendEnd = 0;
  5130   00124E  6A1F               	clrf	_USBTicksSinceSuspendEnd^0,c	;volatile
  5131   001250                     
  5132                           ; BSR set to: 0
  5133                           ;usb_device.c: 374:     USBDeviceState = DETACHED_STATE;
  5134   001250  6A2C               	clrf	_USBDeviceState^0,c	;volatile
  5135   001252                     
  5136                           ; BSR set to: 0
  5137   001252  0012               	return		;funcret
  5138   001254                     __end_ofi2_USBDeviceInit:
  5139                           	callstack 0
  5140                           
  5141 ;; *************** function _USBWakeFromSuspend *****************
  5142 ;; Defined at:
  5143 ;;		line 2310 in file "usb_device.c"
  5144 ;; Parameters:    Size  Location     Type
  5145 ;;		None
  5146 ;; Auto vars:     Size  Location     Type
  5147 ;;		None
  5148 ;; Return value:  Size  Location     Type
  5149 ;;                  1    wreg      void 
  5150 ;; Registers used:
  5151 ;;		wreg, fsr2l, fsr2h, status,2, status,0, prodl, prodh, cstack
  5152 ;; Tracked objects:
  5153 ;;		On entry : 0/0
  5154 ;;		On exit  : 0/0
  5155 ;;		Unchanged: 0/0
  5156 ;; Data sizes:     COMRAM   BANK0   BANK1   BANK2   BANK3  BANK4h   BANK5   BANK6   BANK7
  5157 ;;      Params:         0       0       0       0       0       0       0       0       0
  5158 ;;      Locals:         0       0       0       0       0       0       0       0       0
  5159 ;;      Temps:          0       0       0       0       0       0       0       0       0
  5160 ;;      Totals:         0       0       0       0       0       0       0       0       0
  5161 ;;Total ram usage:        0 bytes
  5162 ;; Hardware stack levels used: 1
  5163 ;; Hardware stack levels required when called: 4
  5164 ;; This function calls:
  5165 ;;		_USER_USB_CALLBACK_EVENT_HANDLER
  5166 ;; This function is called by:
  5167 ;;		_USBDeviceTasks
  5168 ;; This function uses a non-reentrant model
  5169 ;;
  5170                           
  5171                           	psect	text16
  5172   002216                     __ptext16:
  5173                           	callstack 0
  5174   002216                     _USBWakeFromSuspend:
  5175                           	callstack 21
  5176   002216                     
  5177                           ;usb_device.c: 2312:     USBBusIsSuspended = 0;
  5178   002216  6A28               	clrf	_USBBusIsSuspended^0,c	;volatile
  5179   002218                     
  5180                           ;usb_device.c: 2318:     USER_USB_CALLBACK_EVENT_HANDLER((USB_EVENT)EVENT_RESUME,0,0);
  5181   002218  0E00               	movlw	0
  5182   00221A  6E3F               	movwf	(USER_USB_CALLBACK_EVENT_HANDLER@event+1)^0,c
  5183   00221C  0E74               	movlw	116
  5184   00221E  6E3E               	movwf	USER_USB_CALLBACK_EVENT_HANDLER@event^0,c
  5185   002220  0E00               	movlw	0
  5186   002222  6E40               	movwf	USER_USB_CALLBACK_EVENT_HANDLER@pdata^0,c
  5187   002224  0E00               	movlw	0
  5188   002226  6E41               	movwf	(USER_USB_CALLBACK_EVENT_HANDLER@pdata+1)^0,c
  5189   002228  0E00               	movlw	0
  5190   00222A  6E43               	movwf	(USER_USB_CALLBACK_EVENT_HANDLER@size+1)^0,c
  5191   00222C  0E00               	movlw	0
  5192   00222E  6E42               	movwf	USER_USB_CALLBACK_EVENT_HANDLER@size^0,c
  5193   002230  EC04  F00C         	call	_USER_USB_CALLBACK_EVENT_HANDLER	;wreg free
  5194   002234                     
  5195                           ;usb_device.c: 2325:         UCONbits.SUSPND = 0;
  5196   002234  926D               	bcf	109,1,c	;volatile
  5197   002236                     
  5198                           ;usb_device.c: 2330:     UIEbits.ACTVIE = 0;
  5199   002236  9469               	bcf	105,2,c	;volatile
  5200                           
  5201                           ;usb_device.c: 2348:     while(UIRbits.ACTVIF)
  5202   002238  EF1F  F011         	goto	i2l3938
  5203   00223C                     i2l3936:
  5204                           
  5205                           ;usb_device.c: 2350:     {;usb_device.c: 2351:         (UIR &= 0xFB);
  5206   00223C  9468               	bcf	104,2,c	;volatile
  5207   00223E                     i2l3938:
  5208                           
  5209                           ;usb_device.c: 2348:     while(UIRbits.ACTVIF)
  5210   00223E  B468               	btfsc	104,2,c	;volatile
  5211   002240  EF24  F011         	goto	i2u270_41
  5212   002244  EF26  F011         	goto	i2u270_40
  5213   002248                     i2u270_41:
  5214   002248  EF1E  F011         	goto	i2l3936
  5215   00224C                     i2u270_40:
  5216   00224C                     
  5217                           ;usb_device.c: 2354:     USBTicksSinceSuspendEnd = 0;
  5218   00224C  6A1F               	clrf	_USBTicksSinceSuspendEnd^0,c	;volatile
  5219   00224E  0012               	return		;funcret
  5220   002250                     __end_of_USBWakeFromSuspend:
  5221                           	callstack 0
  5222                           
  5223 ;; *************** function _USBSuspend *****************
  5224 ;; Defined at:
  5225 ;;		line 2252 in file "usb_device.c"
  5226 ;; Parameters:    Size  Location     Type
  5227 ;;		None
  5228 ;; Auto vars:     Size  Location     Type
  5229 ;;		None
  5230 ;; Return value:  Size  Location     Type
  5231 ;;                  1    wreg      void 
  5232 ;; Registers used:
  5233 ;;		wreg, fsr2l, fsr2h, status,2, status,0, prodl, prodh, cstack
  5234 ;; Tracked objects:
  5235 ;;		On entry : 0/0
  5236 ;;		On exit  : 0/0
  5237 ;;		Unchanged: 0/0
  5238 ;; Data sizes:     COMRAM   BANK0   BANK1   BANK2   BANK3  BANK4h   BANK5   BANK6   BANK7
  5239 ;;      Params:         0       0       0       0       0       0       0       0       0
  5240 ;;      Locals:         0       0       0       0       0       0       0       0       0
  5241 ;;      Temps:          0       0       0       0       0       0       0       0       0
  5242 ;;      Totals:         0       0       0       0       0       0       0       0       0
  5243 ;;Total ram usage:        0 bytes
  5244 ;; Hardware stack levels used: 1
  5245 ;; Hardware stack levels required when called: 4
  5246 ;; This function calls:
  5247 ;;		_USER_USB_CALLBACK_EVENT_HANDLER
  5248 ;; This function is called by:
  5249 ;;		_USBDeviceTasks
  5250 ;; This function uses a non-reentrant model
  5251 ;;
  5252                           
  5253                           	psect	text17
  5254   0022BC                     __ptext17:
  5255                           	callstack 0
  5256   0022BC                     _USBSuspend:
  5257                           	callstack 21
  5258   0022BC                     
  5259                           ;usb_device.c: 2277:     UIEbits.ACTVIE = 1;
  5260   0022BC  8469               	bsf	105,2,c	;volatile
  5261   0022BE                     
  5262                           ;usb_device.c: 2278:     (UIR &= 0xEF);
  5263   0022BE  9868               	bcf	104,4,c	;volatile
  5264   0022C0                     
  5265                           ;usb_device.c: 2281:         UCONbits.SUSPND = 1;
  5266   0022C0  826D               	bsf	109,1,c	;volatile
  5267   0022C2                     
  5268                           ;usb_device.c: 2284:     USBBusIsSuspended = 1;
  5269   0022C2  0E01               	movlw	1
  5270   0022C4  6E28               	movwf	_USBBusIsSuspended^0,c	;volatile
  5271   0022C6                     
  5272                           ;usb_device.c: 2285:     USBTicksSinceSuspendEnd = 0;
  5273   0022C6  6A1F               	clrf	_USBTicksSinceSuspendEnd^0,c	;volatile
  5274   0022C8                     
  5275                           ;usb_device.c: 2292:     USER_USB_CALLBACK_EVENT_HANDLER((USB_EVENT)EVENT_SUSPEND,0,0);
  5276   0022C8  0E00               	movlw	0
  5277   0022CA  6E3F               	movwf	(USER_USB_CALLBACK_EVENT_HANDLER@event+1)^0,c
  5278   0022CC  0E75               	movlw	117
  5279   0022CE  6E3E               	movwf	USER_USB_CALLBACK_EVENT_HANDLER@event^0,c
  5280   0022D0  0E00               	movlw	0
  5281   0022D2  6E40               	movwf	USER_USB_CALLBACK_EVENT_HANDLER@pdata^0,c
  5282   0022D4  0E00               	movlw	0
  5283   0022D6  6E41               	movwf	(USER_USB_CALLBACK_EVENT_HANDLER@pdata+1)^0,c
  5284   0022D8  0E00               	movlw	0
  5285   0022DA  6E43               	movwf	(USER_USB_CALLBACK_EVENT_HANDLER@size+1)^0,c
  5286   0022DC  0E00               	movlw	0
  5287   0022DE  6E42               	movwf	USER_USB_CALLBACK_EVENT_HANDLER@size^0,c
  5288   0022E0  EC04  F00C         	call	_USER_USB_CALLBACK_EVENT_HANDLER	;wreg free
  5289   0022E4  0012               	return		;funcret
  5290   0022E6                     __end_of_USBSuspend:
  5291                           	callstack 0
  5292                           
  5293 ;; *************** function _USBStallHandler *****************
  5294 ;; Defined at:
  5295 ;;		line 2209 in file "usb_device.c"
  5296 ;; Parameters:    Size  Location     Type
  5297 ;;		None
  5298 ;; Auto vars:     Size  Location     Type
  5299 ;;		None
  5300 ;; Return value:  Size  Location     Type
  5301 ;;                  1    wreg      void 
  5302 ;; Registers used:
  5303 ;;		wreg, fsr2l, fsr2h, status,2, status,0
  5304 ;; Tracked objects:
  5305 ;;		On entry : 0/0
  5306 ;;		On exit  : 0/0
  5307 ;;		Unchanged: 0/0
  5308 ;; Data sizes:     COMRAM   BANK0   BANK1   BANK2   BANK3  BANK4h   BANK5   BANK6   BANK7
  5309 ;;      Params:         0       0       0       0       0       0       0       0       0
  5310 ;;      Locals:         0       0       0       0       0       0       0       0       0
  5311 ;;      Temps:          1       0       0       0       0       0       0       0       0
  5312 ;;      Totals:         1       0       0       0       0       0       0       0       0
  5313 ;;Total ram usage:        1 bytes
  5314 ;; Hardware stack levels used: 1
  5315 ;; This function calls:
  5316 ;;		Nothing
  5317 ;; This function is called by:
  5318 ;;		_USBDeviceTasks
  5319 ;; This function uses a non-reentrant model
  5320 ;;
  5321                           
  5322                           	psect	text18
  5323   001F6A                     __ptext18:
  5324                           	callstack 0
  5325   001F6A                     _USBStallHandler:
  5326                           	callstack 25
  5327   001F6A                     
  5328                           ;usb_device.c: 2221:     if(UEP0bits.EPSTALL == 1)
  5329   001F6A  A070               	btfss	112,0,c	;volatile
  5330   001F6C  EFBA  F00F         	goto	i2u273_41
  5331   001F70  EFBC  F00F         	goto	i2u273_40
  5332   001F74                     i2u273_41:
  5333   001F74  EFE3  F00F         	goto	i2l541
  5334   001F78                     i2u273_40:
  5335   001F78                     
  5336                           ;usb_device.c: 2222:     {;usb_device.c: 2224:         if((pBDTEntryEP0OutCurrent->STAT.
      +                          Val == 0x80) && (pBDTEntryIn[0]->STAT.Val == (0x80|0x04)))
  5337   001F78  C01B  FFD9         	movff	_pBDTEntryEP0OutCurrent,fsr2l
  5338   001F7C  C01C  FFDA         	movff	_pBDTEntryEP0OutCurrent+1,fsr2h
  5339   001F80  0E80               	movlw	128
  5340   001F82  18DE               	xorwf	postinc2,w,c
  5341   001F84  A4D8               	btfss	status,2,c
  5342   001F86  EFC7  F00F         	goto	i2u274_41
  5343   001F8A  EFC9  F00F         	goto	i2u274_40
  5344   001F8E                     i2u274_41:
  5345   001F8E  EFE2  F00F         	goto	i2l3972
  5346   001F92                     i2u274_40:
  5347   001F92  C00D  FFD9         	movff	_pBDTEntryIn,fsr2l
  5348   001F96  C00E  FFDA         	movff	_pBDTEntryIn+1,fsr2h
  5349   001F9A  0E84               	movlw	132
  5350   001F9C  18DE               	xorwf	postinc2,w,c
  5351   001F9E  A4D8               	btfss	status,2,c
  5352   001FA0  EFD4  F00F         	goto	i2u275_41
  5353   001FA4  EFD6  F00F         	goto	i2u275_40
  5354   001FA8                     i2u275_41:
  5355   001FA8  EFE2  F00F         	goto	i2l3972
  5356   001FAC                     i2u275_40:
  5357   001FAC                     
  5358                           ;usb_device.c: 2225:         {;usb_device.c: 2227:             pBDTEntryEP0OutCurrent->S
      +                          TAT.Val = 0x00|(0x08 & 0x08)|0x04;
  5359   001FAC  C01B  FFD9         	movff	_pBDTEntryEP0OutCurrent,fsr2l
  5360   001FB0  C01C  FFDA         	movff	_pBDTEntryEP0OutCurrent+1,fsr2h
  5361   001FB4  0E0C               	movlw	12
  5362   001FB6  6EDF               	movwf	indf2,c
  5363   001FB8                     
  5364                           ;usb_device.c: 2228:             pBDTEntryEP0OutCurrent->STAT.Val |= 0x80;
  5365   001FB8  C01B  FFD9         	movff	_pBDTEntryEP0OutCurrent,fsr2l
  5366   001FBC  C01C  FFDA         	movff	_pBDTEntryEP0OutCurrent+1,fsr2h
  5367   001FC0  0E00               	movlw	0
  5368   001FC2  8EDB               	bsf	plusw2,7,c
  5369   001FC4                     i2l3972:
  5370                           
  5371                           ;usb_device.c: 2230:         UEP0bits.EPSTALL = 0;
  5372   001FC4  9070               	bcf	112,0,c	;volatile
  5373   001FC6                     i2l541:
  5374                           
  5375                           ;usb_device.c: 2233:     (UIR &= 0xDF);
  5376   001FC6  9A68               	bcf	104,5,c	;volatile
  5377   001FC8  0012               	return		;funcret
  5378   001FCA                     __end_of_USBStallHandler:
  5379                           	callstack 0
  5380                           
  5381 ;; *************** function _USBIncrement1msInternalTimers *****************
  5382 ;; Defined at:
  5383 ;;		line 2998 in file "usb_device.c"
  5384 ;; Parameters:    Size  Location     Type
  5385 ;;		None
  5386 ;; Auto vars:     Size  Location     Type
  5387 ;;		None
  5388 ;; Return value:  Size  Location     Type
  5389 ;;                  1    wreg      void 
  5390 ;; Registers used:
  5391 ;;		wreg, status,2, status,0
  5392 ;; Tracked objects:
  5393 ;;		On entry : 0/0
  5394 ;;		On exit  : 0/0
  5395 ;;		Unchanged: 0/0
  5396 ;; Data sizes:     COMRAM   BANK0   BANK1   BANK2   BANK3  BANK4h   BANK5   BANK6   BANK7
  5397 ;;      Params:         0       0       0       0       0       0       0       0       0
  5398 ;;      Locals:         0       0       0       0       0       0       0       0       0
  5399 ;;      Temps:          0       0       0       0       0       0       0       0       0
  5400 ;;      Totals:         0       0       0       0       0       0       0       0       0
  5401 ;;Total ram usage:        0 bytes
  5402 ;; Hardware stack levels used: 1
  5403 ;; This function calls:
  5404 ;;		Nothing
  5405 ;; This function is called by:
  5406 ;;		_USBDeviceTasks
  5407 ;; This function uses a non-reentrant model
  5408 ;;
  5409                           
  5410                           	psect	text19
  5411   002288                     __ptext19:
  5412                           	callstack 0
  5413   002288                     _USBIncrement1msInternalTimers:
  5414                           	callstack 25
  5415   002288                     
  5416                           ;usb_device.c: 3006:     USB1msTickCount++;
  5417   002288  0E01               	movlw	1
  5418   00228A  0100               	movlb	0	; () banked
  5419   00228C  276E               	addwf	_USB1msTickCount& (0+255),f,b	;volatile
  5420   00228E  0E00               	movlw	0
  5421   002290  236F               	addwfc	(_USB1msTickCount+1)& (0+255),f,b	;volatile
  5422   002292  2370               	addwfc	(_USB1msTickCount+2)& (0+255),f,b	;volatile
  5423   002294  2371               	addwfc	(_USB1msTickCount+3)& (0+255),f,b	;volatile
  5424   002296                     
  5425                           ; BSR set to: 0
  5426                           ;usb_device.c: 3007:     if(USBBusIsSuspended == 0)
  5427   002296  5028               	movf	_USBBusIsSuspended^0,w,c	;volatile
  5428   002298  A4D8               	btfss	status,2,c
  5429   00229A  EF51  F011         	goto	i2u271_41
  5430   00229E  EF53  F011         	goto	i2u271_40
  5431   0022A2                     i2u271_41:
  5432   0022A2  EF5D  F011         	goto	i2l633
  5433   0022A6                     i2u271_40:
  5434   0022A6                     
  5435                           ; BSR set to: 0
  5436                           ;usb_device.c: 3008:     {;usb_device.c: 3009:         USBTicksSinceSuspendEnd++;
  5437   0022A6  2A1F               	incf	_USBTicksSinceSuspendEnd^0,f,c	;volatile
  5438   0022A8                     
  5439                           ; BSR set to: 0
  5440                           ;usb_device.c: 3011:         if(USBTicksSinceSuspendEnd == 0)
  5441   0022A8  501F               	movf	_USBTicksSinceSuspendEnd^0,w,c	;volatile
  5442   0022AA  A4D8               	btfss	status,2,c
  5443   0022AC  EF5A  F011         	goto	i2u272_41
  5444   0022B0  EF5C  F011         	goto	i2u272_40
  5445   0022B4                     i2u272_41:
  5446   0022B4  EF5D  F011         	goto	i2l633
  5447   0022B8                     i2u272_40:
  5448   0022B8                     
  5449                           ; BSR set to: 0
  5450                           ;usb_device.c: 3012:         {;usb_device.c: 3013:             USBTicksSinceSuspendEnd =
      +                           255;
  5451   0022B8  681F               	setf	_USBTicksSinceSuspendEnd^0,c	;volatile
  5452   0022BA                     i2l633:
  5453                           
  5454                           ; BSR set to: 0
  5455   0022BA  0012               	return		;funcret
  5456   0022BC                     __end_of_USBIncrement1msInternalTimers:
  5457                           	callstack 0
  5458                           
  5459 ;; *************** function _USBCtrlEPService *****************
  5460 ;; Defined at:
  5461 ;;		line 2379 in file "usb_device.c"
  5462 ;; Parameters:    Size  Location     Type
  5463 ;;		None
  5464 ;; Auto vars:     Size  Location     Type
  5465 ;;		None
  5466 ;; Return value:  Size  Location     Type
  5467 ;;                  1    wreg      void 
  5468 ;; Registers used:
  5469 ;;		wreg, fsr1l, fsr1h, fsr2l, fsr2h, status,2, status,0, pcl, pclath, pclatu, tosl, tblptrl, tblptrh, tblptru, prodl, p
      +rodh, cstack
  5470 ;; Tracked objects:
  5471 ;;		On entry : 0/0
  5472 ;;		On exit  : 0/0
  5473 ;;		Unchanged: 0/0
  5474 ;; Data sizes:     COMRAM   BANK0   BANK1   BANK2   BANK3  BANK4h   BANK5   BANK6   BANK7
  5475 ;;      Params:         0       0       0       0       0       0       0       0       0
  5476 ;;      Locals:         0       0       0       0       0       0       0       0       0
  5477 ;;      Temps:          1       0       0       0       0       0       0       0       0
  5478 ;;      Totals:         1       0       0       0       0       0       0       0       0
  5479 ;;Total ram usage:        1 bytes
  5480 ;; Hardware stack levels used: 1
  5481 ;; Hardware stack levels required when called: 7
  5482 ;; This function calls:
  5483 ;;		_USBCtrlTrfInHandler
  5484 ;;		_USBCtrlTrfOutHandler
  5485 ;;		_USBCtrlTrfSetupHandler
  5486 ;;		_memcpy
  5487 ;; This function is called by:
  5488 ;;		_USBDeviceTasks
  5489 ;; This function uses a non-reentrant model
  5490 ;;
  5491                           
  5492                           	psect	text20
  5493   0018DC                     __ptext20:
  5494                           	callstack 0
  5495   0018DC                     _USBCtrlEPService:
  5496                           	callstack 18
  5497   0018DC                     
  5498                           ;usb_device.c: 2385:         USBStatusStageTimeoutCounter = (uint8_t)45;
  5499   0018DC  0E2D               	movlw	45
  5500   0018DE  6E25               	movwf	_USBStatusStageTimeoutCounter^0,c	;volatile
  5501   0018E0                     
  5502                           ;usb_device.c: 2389:     if((USTATcopy.Val & ~0x02) == 0x00)
  5503   0018E0  C02D  F04E         	movff	_USTATcopy,??_USBCtrlEPService	;volatile
  5504   0018E4  0EFD               	movlw	253
  5505   0018E6  164E               	andwf	??_USBCtrlEPService^0,f,c
  5506   0018E8  A4D8               	btfss	status,2,c
  5507   0018EA  EF79  F00C         	goto	i2u276_41
  5508   0018EE  EF7B  F00C         	goto	i2u276_40
  5509   0018F2                     i2u276_41:
  5510   0018F2  EFBD  F00C         	goto	i2l3992
  5511   0018F6                     i2u276_40:
  5512   0018F6                     
  5513                           ;usb_device.c: 2390:     {;usb_device.c: 2393:             pBDTEntryEP0OutCurrent = (vol
      +                          atile BDT_ENTRY*)&BDT[(USTATcopy.Val & 0x7E)>>1];
  5514   0018F6  C02D  F04E         	movff	_USTATcopy,??_USBCtrlEPService	;volatile
  5515   0018FA  90D8               	bcf	status,0,c
  5516   0018FC  324E               	rrcf	??_USBCtrlEPService^0,f,c
  5517   0018FE  0E3F               	movlw	63
  5518   001900  164E               	andwf	??_USBCtrlEPService^0,f,c
  5519   001902  504E               	movf	??_USBCtrlEPService^0,w,c
  5520   001904  0D04               	mullw	4
  5521   001906  0E00               	movlw	0
  5522   001908  24F3               	addwf	243,w,c
  5523   00190A  6E1B               	movwf	_pBDTEntryEP0OutCurrent^0,c
  5524   00190C  0E04               	movlw	4
  5525   00190E  20F4               	addwfc	prodh,w,c
  5526   001910  6E1C               	movwf	(_pBDTEntryEP0OutCurrent+1)^0,c
  5527   001912                     
  5528                           ;usb_device.c: 2401:         pBDTEntryEP0OutNext = pBDTEntryEP0OutCurrent;
  5529   001912  C01B  F019         	movff	_pBDTEntryEP0OutCurrent,_pBDTEntryEP0OutNext
  5530   001916  C01C  F01A         	movff	_pBDTEntryEP0OutCurrent+1,_pBDTEntryEP0OutNext+1
  5531   00191A                     
  5532                           ;usb_device.c: 2403:         pBDTEntryEP0OutNext = (volatile BDT_ENTRY*)(((uint16_t)pBDT
      +                          EntryEP0OutNext) ^ 0x0004);
  5533   00191A  0E04               	movlw	4
  5534   00191C  1819               	xorwf	_pBDTEntryEP0OutNext^0,w,c
  5535   00191E  6E19               	movwf	_pBDTEntryEP0OutNext^0,c
  5536   001920  501A               	movf	(_pBDTEntryEP0OutNext+1)^0,w,c
  5537   001922  6E1A               	movwf	(_pBDTEntryEP0OutNext+1)^0,c
  5538   001924                     
  5539                           ;usb_device.c: 2406:         if(pBDTEntryEP0OutCurrent->STAT.PID == 0xD)
  5540   001924  C01B  FFD9         	movff	_pBDTEntryEP0OutCurrent,fsr2l
  5541   001928  C01C  FFDA         	movff	_pBDTEntryEP0OutCurrent+1,fsr2h
  5542   00192C  30DF               	rrcf	223,w,c
  5543   00192E  32E8               	rrcf	wreg,f,c
  5544   001930  0B0F               	andlw	15
  5545   001932  0A0D               	xorlw	13
  5546   001934  A4D8               	btfss	status,2,c
  5547   001936  EF9F  F00C         	goto	i2u277_41
  5548   00193A  EFA1  F00C         	goto	i2u277_40
  5549   00193E                     i2u277_41:
  5550   00193E  EFB9  F00C         	goto	i2l3990
  5551   001942                     i2u277_40:
  5552   001942                     
  5553                           ;usb_device.c: 2407:         {;usb_device.c: 2412:             memcpy((uint8_t*)&SetupPk
      +                          t, (uint8_t*)((void *)(pBDTEntryEP0OutCurrent->ADR)), 8);
  5554   001942  0E20               	movlw	32
  5555   001944  6E30               	movwf	memcpy@d1^0,c
  5556   001946  0E04               	movlw	4
  5557   001948  6E31               	movwf	(memcpy@d1+1)^0,c
  5558   00194A  EE20 F002          	lfsr	2,2
  5559   00194E  501B               	movf	_pBDTEntryEP0OutCurrent^0,w,c
  5560   001950  26D9               	addwf	fsr2l,f,c
  5561   001952  501C               	movf	(_pBDTEntryEP0OutCurrent+1)^0,w,c
  5562   001954  22DA               	addwfc	fsr2h,f,c
  5563   001956  CFDE F032          	movff	postinc2,memcpy@s1
  5564   00195A  CFDD F033          	movff	postdec2,memcpy@s1+1
  5565   00195E  0E00               	movlw	0
  5566   001960  6E35               	movwf	(memcpy@n+1)^0,c
  5567   001962  0E08               	movlw	8
  5568   001964  6E34               	movwf	memcpy@n^0,c
  5569   001966  EC0F  F010         	call	_memcpy	;wreg free
  5570   00196A                     
  5571                           ;usb_device.c: 2415:             USBCtrlTrfSetupHandler();
  5572   00196A  EC72  F00D         	call	_USBCtrlTrfSetupHandler	;wreg free
  5573                           
  5574                           ;usb_device.c: 2416:         }
  5575   00196E  EFC9  F00C         	goto	i2l560
  5576   001972                     i2l3990:
  5577                           
  5578                           ;usb_device.c: 2418:         {;usb_device.c: 2420:             USBCtrlTrfOutHandler();
  5579   001972  ECE9  F00D         	call	_USBCtrlTrfOutHandler	;wreg free
  5580   001976  EFC9  F00C         	goto	i2l560
  5581   00197A                     i2l3992:
  5582   00197A  502D               	movf	_USTATcopy^0,w,c	;volatile
  5583   00197C  0BFD               	andlw	253
  5584   00197E  0A04               	xorlw	4
  5585   001980  A4D8               	btfss	status,2,c
  5586   001982  EFC5  F00C         	goto	i2u278_41
  5587   001986  EFC7  F00C         	goto	i2u278_40
  5588   00198A                     i2u278_41:
  5589   00198A  EFC9  F00C         	goto	i2l560
  5590   00198E                     i2u278_40:
  5591   00198E                     
  5592                           ;usb_device.c: 2424:     {;usb_device.c: 2427:         USBCtrlTrfInHandler();
  5593   00198E  EC56  F006         	call	_USBCtrlTrfInHandler	;wreg free
  5594   001992                     i2l560:
  5595   001992  0012               	return		;funcret
  5596   001994                     __end_of_USBCtrlEPService:
  5597                           	callstack 0
  5598                           
  5599 ;; *************** function _memcpy *****************
  5600 ;; Defined at:
  5601 ;;		line 4 in file "C:\Program Files\Microchip\xc8\v3.00\pic\sources\c99\common\memcpy.c"
  5602 ;; Parameters:    Size  Location     Type
  5603 ;;  d1              2    0[COMRAM] PTR void 
  5604 ;;		 -> SetupPkt(8), 
  5605 ;;  s1              2    2[COMRAM] PTR const void 
  5606 ;;		 -> RAM(2047), SetupPkt(8), CtrlTrfData(8), 
  5607 ;;  n               2    4[COMRAM] unsigned int 
  5608 ;; Auto vars:     Size  Location     Type
  5609 ;;  s               2    8[COMRAM] PTR const unsigned char 
  5610 ;;		 -> RAM(2047), SetupPkt(8), CtrlTrfData(8), 
  5611 ;;  d               2    6[COMRAM] PTR unsigned char 
  5612 ;;		 -> SetupPkt(8), 
  5613 ;;  tmp             1   10[COMRAM] unsigned char 
  5614 ;; Return value:  Size  Location     Type
  5615 ;;                  2    0[COMRAM] PTR void 
  5616 ;; Registers used:
  5617 ;;		wreg, fsr2l, fsr2h, status,2, status,0
  5618 ;; Tracked objects:
  5619 ;;		On entry : 0/0
  5620 ;;		On exit  : 0/0
  5621 ;;		Unchanged: 0/0
  5622 ;; Data sizes:     COMRAM   BANK0   BANK1   BANK2   BANK3  BANK4h   BANK5   BANK6   BANK7
  5623 ;;      Params:         6       0       0       0       0       0       0       0       0
  5624 ;;      Locals:         5       0       0       0       0       0       0       0       0
  5625 ;;      Temps:          0       0       0       0       0       0       0       0       0
  5626 ;;      Totals:        11       0       0       0       0       0       0       0       0
  5627 ;;Total ram usage:       11 bytes
  5628 ;; Hardware stack levels used: 1
  5629 ;; This function calls:
  5630 ;;		Nothing
  5631 ;; This function is called by:
  5632 ;;		_USBCtrlEPService
  5633 ;; This function uses a non-reentrant model
  5634 ;;
  5635                           
  5636                           	psect	text21
  5637   00201E                     __ptext21:
  5638                           	callstack 0
  5639   00201E                     _memcpy:
  5640                           	callstack 24
  5641   00201E  C032  F038         	movff	memcpy@s1,memcpy@s
  5642   002022  C033  F039         	movff	memcpy@s1+1,memcpy@s+1
  5643   002026  C030  F036         	movff	memcpy@d1,memcpy@d
  5644   00202A  C031  F037         	movff	memcpy@d1+1,memcpy@d+1
  5645   00202E  EF29  F010         	goto	i2l3758
  5646   002032                     i2l3750:
  5647   002032  C038  FFD9         	movff	memcpy@s,fsr2l
  5648   002036  C039  FFDA         	movff	memcpy@s+1,fsr2h
  5649   00203A  50DF               	movf	indf2,w,c
  5650   00203C  6E3A               	movwf	memcpy@tmp^0,c
  5651   00203E  4A38               	infsnz	memcpy@s^0,f,c
  5652   002040  2A39               	incf	(memcpy@s+1)^0,f,c
  5653   002042  C036  FFD9         	movff	memcpy@d,fsr2l
  5654   002046  C037  FFDA         	movff	memcpy@d+1,fsr2h
  5655   00204A  C03A  FFDF         	movff	memcpy@tmp,indf2
  5656   00204E  4A36               	infsnz	memcpy@d^0,f,c
  5657   002050  2A37               	incf	(memcpy@d+1)^0,f,c
  5658   002052                     i2l3758:
  5659   002052  0634               	decf	memcpy@n^0,f,c
  5660   002054  A0D8               	btfss	status,0,c
  5661   002056  0635               	decf	(memcpy@n+1)^0,f,c
  5662   002058  2834               	incf	memcpy@n^0,w,c
  5663   00205A  E106               	bnz	i2u250_41
  5664   00205C  2835               	incf	(memcpy@n+1)^0,w,c
  5665   00205E  A4D8               	btfss	status,2,c
  5666   002060  EF34  F010         	goto	i2u250_41
  5667   002064  EF36  F010         	goto	i2u250_40
  5668   002068                     i2u250_41:
  5669   002068  EF19  F010         	goto	i2l3750
  5670   00206C                     i2u250_40:
  5671   00206C  0012               	return		;funcret
  5672   00206E                     __end_of_memcpy:
  5673                           	callstack 0
  5674                           
  5675 ;; *************** function _USBCtrlTrfSetupHandler *****************
  5676 ;; Defined at:
  5677 ;;		line 2472 in file "usb_device.c"
  5678 ;; Parameters:    Size  Location     Type
  5679 ;;		None
  5680 ;; Auto vars:     Size  Location     Type
  5681 ;;		None
  5682 ;; Return value:  Size  Location     Type
  5683 ;;                  1    wreg      void 
  5684 ;; Registers used:
  5685 ;;		wreg, fsr1l, fsr1h, fsr2l, fsr2h, status,2, status,0, tblptrl, tblptrh, tblptru, prodl, prodh, cstack
  5686 ;; Tracked objects:
  5687 ;;		On entry : 0/0
  5688 ;;		On exit  : 0/0
  5689 ;;		Unchanged: 0/0
  5690 ;; Data sizes:     COMRAM   BANK0   BANK1   BANK2   BANK3  BANK4h   BANK5   BANK6   BANK7
  5691 ;;      Params:         0       0       0       0       0       0       0       0       0
  5692 ;;      Locals:         0       0       0       0       0       0       0       0       0
  5693 ;;      Temps:          0       0       0       0       0       0       0       0       0
  5694 ;;      Totals:         0       0       0       0       0       0       0       0       0
  5695 ;;Total ram usage:        0 bytes
  5696 ;; Hardware stack levels used: 1
  5697 ;; Hardware stack levels required when called: 6
  5698 ;; This function calls:
  5699 ;;		_USBCheckStdRequest
  5700 ;;		_USBCtrlEPServiceComplete
  5701 ;;		_USER_USB_CALLBACK_EVENT_HANDLER
  5702 ;; This function is called by:
  5703 ;;		_USBCtrlEPService
  5704 ;; This function uses a non-reentrant model
  5705 ;;
  5706                           
  5707                           	psect	text22
  5708   001AE4                     __ptext22:
  5709                           	callstack 0
  5710   001AE4                     _USBCtrlTrfSetupHandler:
  5711                           	callstack 18
  5712   001AE4                     
  5713                           ;usb_device.c: 2477:     shortPacketStatus = 0;
  5714   001AE4  6A2B               	clrf	_shortPacketStatus^0,c	;volatile
  5715                           
  5716                           ;usb_device.c: 2478:     USBDeferStatusStagePacket = 0;
  5717   001AE6  6A24               	clrf	_USBDeferStatusStagePacket^0,c	;volatile
  5718                           
  5719                           ;usb_device.c: 2479:     USBDeferINDataStagePackets = 0;
  5720   001AE8  6A21               	clrf	_USBDeferINDataStagePackets^0,c	;volatile
  5721                           
  5722                           ;usb_device.c: 2480:     USBDeferOUTDataStagePackets = 0;
  5723   001AEA  6A20               	clrf	_USBDeferOUTDataStagePackets^0,c	;volatile
  5724                           
  5725                           ;usb_device.c: 2481:     BothEP0OutUOWNsSet = 0;
  5726   001AEC  6A26               	clrf	_BothEP0OutUOWNsSet^0,c	;volatile
  5727                           
  5728                           ;usb_device.c: 2482:     controlTransferState = 0;
  5729   001AEE  6A2A               	clrf	_controlTransferState^0,c	;volatile
  5730   001AF0                     
  5731                           ;usb_device.c: 2491:     pBDTEntryIn[0]->STAT.Val &= ~(0x80);
  5732   001AF0  C00D  FFD9         	movff	_pBDTEntryIn,fsr2l
  5733   001AF4  C00E  FFDA         	movff	_pBDTEntryIn+1,fsr2h
  5734   001AF8  0E7F               	movlw	127
  5735   001AFA  16DF               	andwf	indf2,f,c
  5736   001AFC                     
  5737                           ;usb_device.c: 2493:     pBDTEntryIn[0] = (volatile BDT_ENTRY*)(((uint16_t)pBDTEntryIn[0
      +                          ]) ^ 0x0004);
  5738   001AFC  0E04               	movlw	4
  5739   001AFE  180D               	xorwf	_pBDTEntryIn^0,w,c
  5740   001B00  6E0D               	movwf	_pBDTEntryIn^0,c
  5741   001B02  500E               	movf	(_pBDTEntryIn+1)^0,w,c
  5742   001B04  6E0E               	movwf	(_pBDTEntryIn+1)^0,c
  5743   001B06                     
  5744                           ;usb_device.c: 2494:     pBDTEntryIn[0]->STAT.Val &= ~(0x80);
  5745   001B06  C00D  FFD9         	movff	_pBDTEntryIn,fsr2l
  5746   001B0A  C00E  FFDA         	movff	_pBDTEntryIn+1,fsr2h
  5747   001B0E  0E7F               	movlw	127
  5748   001B10  16DF               	andwf	indf2,f,c
  5749                           
  5750                           ;usb_device.c: 2495:     pBDTEntryIn[0] = (volatile BDT_ENTRY*)(((uint16_t)pBDTEntryIn[0
      +                          ]) ^ 0x0004);
  5751   001B12  0E04               	movlw	4
  5752   001B14  180D               	xorwf	_pBDTEntryIn^0,w,c
  5753   001B16  6E0D               	movwf	_pBDTEntryIn^0,c
  5754   001B18  500E               	movf	(_pBDTEntryIn+1)^0,w,c
  5755   001B1A  6E0E               	movwf	(_pBDTEntryIn+1)^0,c
  5756   001B1C                     
  5757                           ;usb_device.c: 2496:     pBDTEntryEP0OutNext->STAT.Val &= ~(0x80);
  5758   001B1C  C019  FFD9         	movff	_pBDTEntryEP0OutNext,fsr2l
  5759   001B20  C01A  FFDA         	movff	_pBDTEntryEP0OutNext+1,fsr2h
  5760   001B24  0E7F               	movlw	127
  5761   001B26  16DF               	andwf	indf2,f,c
  5762   001B28                     
  5763                           ;usb_device.c: 2498:     inPipes[0].info.Val = 0;
  5764   001B28  6A0A               	clrf	(_inPipes+2)^0,c	;volatile
  5765   001B2A                     
  5766                           ;usb_device.c: 2499:     inPipes[0].wCount.Val = 0;
  5767   001B2A  0E00               	movlw	0
  5768   001B2C  6E0C               	movwf	(_inPipes+4)^0,c	;volatile
  5769   001B2E  0E00               	movlw	0
  5770   001B30  6E0B               	movwf	(_inPipes+3)^0,c	;volatile
  5771   001B32                     
  5772                           ;usb_device.c: 2500:     outPipes[0].info.Val = 0;
  5773   001B32  6A03               	clrf	(_outPipes+2)^0,c	;volatile
  5774   001B34                     
  5775                           ;usb_device.c: 2501:     outPipes[0].wCount.Val = 0;
  5776   001B34  0E00               	movlw	0
  5777   001B36  6E05               	movwf	(_outPipes+4)^0,c	;volatile
  5778   001B38  0E00               	movlw	0
  5779   001B3A  6E04               	movwf	(_outPipes+3)^0,c	;volatile
  5780   001B3C                     
  5781                           ;usb_device.c: 2507:     USBCheckStdRequest();
  5782   001B3C  ECB2  F009         	call	_USBCheckStdRequest	;wreg free
  5783   001B40                     
  5784                           ;usb_device.c: 2508:     USER_USB_CALLBACK_EVENT_HANDLER((USB_EVENT)EVENT_EP0_REQUEST,0,
      +                          0);
  5785   001B40  0E00               	movlw	0
  5786   001B42  6E3F               	movwf	(USER_USB_CALLBACK_EVENT_HANDLER@event+1)^0,c
  5787   001B44  0E03               	movlw	3
  5788   001B46  6E3E               	movwf	USER_USB_CALLBACK_EVENT_HANDLER@event^0,c
  5789   001B48  0E00               	movlw	0
  5790   001B4A  6E40               	movwf	USER_USB_CALLBACK_EVENT_HANDLER@pdata^0,c
  5791   001B4C  0E00               	movlw	0
  5792   001B4E  6E41               	movwf	(USER_USB_CALLBACK_EVENT_HANDLER@pdata+1)^0,c
  5793   001B50  0E00               	movlw	0
  5794   001B52  6E43               	movwf	(USER_USB_CALLBACK_EVENT_HANDLER@size+1)^0,c
  5795   001B54  0E00               	movlw	0
  5796   001B56  6E42               	movwf	USER_USB_CALLBACK_EVENT_HANDLER@size^0,c
  5797   001B58  EC04  F00C         	call	_USER_USB_CALLBACK_EVENT_HANDLER	;wreg free
  5798   001B5C                     
  5799                           ;usb_device.c: 2521:     USBCtrlEPServiceComplete();
  5800   001B5C  ECBC  F005         	call	_USBCtrlEPServiceComplete	;wreg free
  5801   001B60  0012               	return		;funcret
  5802   001B62                     __end_of_USBCtrlTrfSetupHandler:
  5803                           	callstack 0
  5804                           
  5805 ;; *************** function _USBCtrlEPServiceComplete *****************
  5806 ;; Defined at:
  5807 ;;		line 1620 in file "usb_device.c"
  5808 ;; Parameters:    Size  Location     Type
  5809 ;;		None
  5810 ;; Auto vars:     Size  Location     Type
  5811 ;;		None
  5812 ;; Return value:  Size  Location     Type
  5813 ;;                  1    wreg      void 
  5814 ;; Registers used:
  5815 ;;		wreg, fsr1l, fsr1h, fsr2l, fsr2h, status,2, status,0, tblptrl, tblptrh, tblptru, cstack
  5816 ;; Tracked objects:
  5817 ;;		On entry : 0/0
  5818 ;;		On exit  : 0/0
  5819 ;;		Unchanged: 0/0
  5820 ;; Data sizes:     COMRAM   BANK0   BANK1   BANK2   BANK3  BANK4h   BANK5   BANK6   BANK7
  5821 ;;      Params:         0       0       0       0       0       0       0       0       0
  5822 ;;      Locals:         0       0       0       0       0       0       0       0       0
  5823 ;;      Temps:          0       0       0       0       0       0       0       0       0
  5824 ;;      Totals:         0       0       0       0       0       0       0       0       0
  5825 ;;Total ram usage:        0 bytes
  5826 ;; Hardware stack levels used: 1
  5827 ;; Hardware stack levels required when called: 2
  5828 ;; This function calls:
  5829 ;;		_USBCtrlEPAllowDataStage
  5830 ;;		_USBCtrlEPAllowStatusStage
  5831 ;; This function is called by:
  5832 ;;		_USBCtrlTrfSetupHandler
  5833 ;; This function uses a non-reentrant model
  5834 ;;
  5835                           
  5836                           	psect	text23
  5837   000B78                     __ptext23:
  5838                           	callstack 0
  5839   000B78                     _USBCtrlEPServiceComplete:
  5840                           	callstack 21
  5841   000B78                     
  5842                           ;usb_device.c: 1626:     UCONbits.PKTDIS = 0;
  5843   000B78  986D               	bcf	109,4,c	;volatile
  5844                           
  5845                           ;usb_device.c: 1632:     if(inPipes[0].info.bits.busy == 0)
  5846   000B7A  BE0A               	btfsc	(_inPipes+2)^0,7,c	;volatile
  5847   000B7C  EFC2  F005         	goto	i2u235_41
  5848   000B80  EFC4  F005         	goto	i2u235_40
  5849   000B84                     i2u235_41:
  5850   000B84  EF07  F006         	goto	i2l464
  5851   000B88                     i2u235_40:
  5852   000B88                     
  5853                           ;usb_device.c: 1633:     {;usb_device.c: 1634:         if(outPipes[0].info.bits.busy == 
      +                          1)
  5854   000B88  AE03               	btfss	(_outPipes+2)^0,7,c	;volatile
  5855   000B8A  EFC9  F005         	goto	i2u236_41
  5856   000B8E  EFCB  F005         	goto	i2u236_40
  5857   000B92                     i2u236_41:
  5858   000B92  EFDB  F005         	goto	i2l3600
  5859   000B96                     i2u236_40:
  5860   000B96                     
  5861                           ;usb_device.c: 1635:         {;usb_device.c: 1636:             controlTransferState = 2;
  5862   000B96  0E02               	movlw	2
  5863   000B98  6E2A               	movwf	_controlTransferState^0,c	;volatile
  5864                           
  5865                           ;usb_device.c: 1647:             if(USBDeferOUTDataStagePackets == 0)
  5866   000B9A  5020               	movf	_USBDeferOUTDataStagePackets^0,w,c	;volatile
  5867   000B9C  A4D8               	btfss	status,2,c
  5868   000B9E  EFD3  F005         	goto	i2u237_41
  5869   000BA2  EFD5  F005         	goto	i2u237_40
  5870   000BA6                     i2u237_41:
  5871   000BA6  EFD7  F005         	goto	i2l3596
  5872   000BAA                     i2u237_40:
  5873   000BAA                     
  5874                           ;usb_device.c: 1648:             {;usb_device.c: 1649:                 USBCtrlEPAllowDat
      +                          aStage();
  5875   000BAA  ECCA  F00C         	call	_USBCtrlEPAllowDataStage	;wreg free
  5876   000BAE                     i2l3596:
  5877                           
  5878                           ;usb_device.c: 1654:             USBStatusStageEnabledFlag2 = 0;
  5879   000BAE  6A22               	clrf	_USBStatusStageEnabledFlag2^0,c	;volatile
  5880   000BB0                     
  5881                           ;usb_device.c: 1655:             USBStatusStageEnabledFlag1 = 0;
  5882   000BB0  6A23               	clrf	_USBStatusStageEnabledFlag1^0,c	;volatile
  5883                           
  5884                           ;usb_device.c: 1656:         }
  5885   000BB2  EF55  F006         	goto	i2l474
  5886   000BB6                     i2l3600:
  5887                           
  5888                           ;usb_device.c: 1658:         {;usb_device.c: 1663:             pBDTEntryEP0OutNext->CNT 
      +                          = 8;
  5889   000BB6  EE20 F001          	lfsr	2,1
  5890   000BBA  5019               	movf	_pBDTEntryEP0OutNext^0,w,c
  5891   000BBC  26D9               	addwf	fsr2l,f,c
  5892   000BBE  501A               	movf	(_pBDTEntryEP0OutNext+1)^0,w,c
  5893   000BC0  22DA               	addwfc	fsr2h,f,c
  5894   000BC2  0E08               	movlw	8
  5895   000BC4  6EDF               	movwf	indf2,c
  5896                           
  5897                           ;usb_device.c: 1664:             pBDTEntryEP0OutNext->ADR = ((uint16_t)(&SetupPkt));
  5898   000BC6  EE20 F002          	lfsr	2,2
  5899   000BCA  5019               	movf	_pBDTEntryEP0OutNext^0,w,c
  5900   000BCC  26D9               	addwf	fsr2l,f,c
  5901   000BCE  501A               	movf	(_pBDTEntryEP0OutNext+1)^0,w,c
  5902   000BD0  22DA               	addwfc	fsr2h,f,c
  5903   000BD2  0E20               	movlw	32
  5904   000BD4  6EDE               	movwf	postinc2,c
  5905   000BD6  0E04               	movlw	4
  5906   000BD8  6EDD               	movwf	postdec2,c
  5907   000BDA                     
  5908                           ;usb_device.c: 1665:             pBDTEntryEP0OutNext->STAT.Val = 0x00|(0x08 & 0x08)|0x04
      +                          ;
  5909   000BDA  C019  FFD9         	movff	_pBDTEntryEP0OutNext,fsr2l
  5910   000BDE  C01A  FFDA         	movff	_pBDTEntryEP0OutNext+1,fsr2h
  5911   000BE2  0E0C               	movlw	12
  5912   000BE4  6EDF               	movwf	indf2,c
  5913   000BE6                     
  5914                           ;usb_device.c: 1666:             pBDTEntryEP0OutNext->STAT.Val |= 0x80;
  5915   000BE6  C019  FFD9         	movff	_pBDTEntryEP0OutNext,fsr2l
  5916   000BEA  C01A  FFDA         	movff	_pBDTEntryEP0OutNext+1,fsr2h
  5917   000BEE  0E00               	movlw	0
  5918   000BF0  8EDB               	bsf	plusw2,7,c
  5919                           
  5920                           ;usb_device.c: 1667:             pBDTEntryIn[0]->STAT.Val = 0x04;
  5921   000BF2  C00D  FFD9         	movff	_pBDTEntryIn,fsr2l
  5922   000BF6  C00E  FFDA         	movff	_pBDTEntryIn+1,fsr2h
  5923   000BFA  0E04               	movlw	4
  5924   000BFC  6EDF               	movwf	indf2,c
  5925   000BFE                     
  5926                           ;usb_device.c: 1668:             pBDTEntryIn[0]->STAT.Val |= 0x80;
  5927   000BFE  C00D  FFD9         	movff	_pBDTEntryIn,fsr2l
  5928   000C02  C00E  FFDA         	movff	_pBDTEntryIn+1,fsr2h
  5929   000C06  0E00               	movlw	0
  5930   000C08  8EDB               	bsf	plusw2,7,c
  5931   000C0A  EF55  F006         	goto	i2l474
  5932   000C0E                     i2l464:
  5933                           
  5934                           ;usb_device.c: 1672:     {;usb_device.c: 1673:   if(SetupPkt.DataDir == (0x80>>7))
  5935   000C0E  0104               	movlb	4	; () banked
  5936   000C10  AF20               	btfss	32,7,b	;volatile
  5937   000C12  EF0D  F006         	goto	i2u238_41
  5938   000C16  EF0F  F006         	goto	i2u238_40
  5939   000C1A                     i2u238_41:
  5940   000C1A  EF29  F006         	goto	i2l3620
  5941   000C1E                     i2u238_40:
  5942   000C1E                     
  5943                           ; BSR set to: 4
  5944                           ;usb_device.c: 1674:   {;usb_device.c: 1675:    controlTransferState = 1;
  5945   000C1E  0E01               	movlw	1
  5946   000C20  6E2A               	movwf	_controlTransferState^0,c	;volatile
  5947                           
  5948                           ;usb_device.c: 1689:    if(USBDeferINDataStagePackets == 0)
  5949   000C22  5021               	movf	_USBDeferINDataStagePackets^0,w,c	;volatile
  5950   000C24  A4D8               	btfss	status,2,c
  5951   000C26  EF17  F006         	goto	i2u239_41
  5952   000C2A  EF19  F006         	goto	i2u239_40
  5953   000C2E                     i2u239_41:
  5954   000C2E  EF1B  F006         	goto	i2l3612
  5955   000C32                     i2u239_40:
  5956   000C32                     
  5957                           ; BSR set to: 4
  5958                           ;usb_device.c: 1690:             {;usb_device.c: 1691:                 USBCtrlEPAllowDat
      +                          aStage();
  5959   000C32  ECCA  F00C         	call	_USBCtrlEPAllowDataStage	;wreg free
  5960   000C36                     i2l3612:
  5961                           
  5962                           ;usb_device.c: 1714:             USBStatusStageEnabledFlag2 = 0;
  5963   000C36  6A22               	clrf	_USBStatusStageEnabledFlag2^0,c	;volatile
  5964   000C38                     
  5965                           ;usb_device.c: 1715:             USBStatusStageEnabledFlag1 = 0;
  5966   000C38  6A23               	clrf	_USBStatusStageEnabledFlag1^0,c	;volatile
  5967   000C3A                     
  5968                           ;usb_device.c: 1716:             if(USBDeferStatusStagePacket == 0)
  5969   000C3A  5024               	movf	_USBDeferStatusStagePacket^0,w,c	;volatile
  5970   000C3C  A4D8               	btfss	status,2,c
  5971   000C3E  EF23  F006         	goto	i2u240_41
  5972   000C42  EF25  F006         	goto	i2u240_40
  5973   000C46                     i2u240_41:
  5974   000C46  EF55  F006         	goto	i2l474
  5975   000C4A                     i2u240_40:
  5976   000C4A                     i2l3618:
  5977                           
  5978                           ;usb_device.c: 1717:             {;usb_device.c: 1718:                 USBCtrlEPAllowSta
      +                          tusStage();
  5979   000C4A  EC24  F00B         	call	_USBCtrlEPAllowStatusStage	;wreg free
  5980   000C4E  EF55  F006         	goto	i2l474
  5981   000C52                     i2l3620:
  5982                           
  5983                           ; BSR set to: 4
  5984                           ;usb_device.c: 1722:   {;usb_device.c: 1733:    controlTransferState = 2;
  5985   000C52  0E02               	movlw	2
  5986   000C54  6E2A               	movwf	_controlTransferState^0,c	;volatile
  5987   000C56                     
  5988                           ; BSR set to: 4
  5989                           ;usb_device.c: 1736:    pBDTEntryEP0OutNext->CNT = 8;
  5990   000C56  EE20 F001          	lfsr	2,1
  5991   000C5A  5019               	movf	_pBDTEntryEP0OutNext^0,w,c
  5992   000C5C  26D9               	addwf	fsr2l,f,c
  5993   000C5E  501A               	movf	(_pBDTEntryEP0OutNext+1)^0,w,c
  5994   000C60  22DA               	addwfc	fsr2h,f,c
  5995   000C62  0E08               	movlw	8
  5996   000C64  6EDF               	movwf	indf2,c
  5997   000C66                     
  5998                           ; BSR set to: 4
  5999                           ;usb_device.c: 1737:    pBDTEntryEP0OutNext->ADR = ((uint16_t)(&SetupPkt));
  6000   000C66  EE20 F002          	lfsr	2,2
  6001   000C6A  5019               	movf	_pBDTEntryEP0OutNext^0,w,c
  6002   000C6C  26D9               	addwf	fsr2l,f,c
  6003   000C6E  501A               	movf	(_pBDTEntryEP0OutNext+1)^0,w,c
  6004   000C70  22DA               	addwfc	fsr2h,f,c
  6005   000C72  0E20               	movlw	32
  6006   000C74  6EDE               	movwf	postinc2,c
  6007   000C76  0E04               	movlw	4
  6008   000C78  6EDD               	movwf	postdec2,c
  6009   000C7A                     
  6010                           ; BSR set to: 4
  6011                           ;usb_device.c: 1738:    pBDTEntryEP0OutNext->STAT.Val = 0x04;
  6012   000C7A  C019  FFD9         	movff	_pBDTEntryEP0OutNext,fsr2l
  6013   000C7E  C01A  FFDA         	movff	_pBDTEntryEP0OutNext+1,fsr2h
  6014   000C82  0E04               	movlw	4
  6015   000C84  6EDF               	movwf	indf2,c
  6016   000C86                     
  6017                           ; BSR set to: 4
  6018                           ;usb_device.c: 1739:             pBDTEntryEP0OutNext->STAT.Val |= 0x80;
  6019   000C86  C019  FFD9         	movff	_pBDTEntryEP0OutNext,fsr2l
  6020   000C8A  C01A  FFDA         	movff	_pBDTEntryEP0OutNext+1,fsr2h
  6021   000C8E  0E00               	movlw	0
  6022   000C90  8EDB               	bsf	plusw2,7,c
  6023   000C92                     
  6024                           ; BSR set to: 4
  6025                           ;usb_device.c: 1742:             USBStatusStageEnabledFlag2 = 0;
  6026   000C92  6A22               	clrf	_USBStatusStageEnabledFlag2^0,c	;volatile
  6027   000C94                     
  6028                           ; BSR set to: 4
  6029                           ;usb_device.c: 1743:             USBStatusStageEnabledFlag1 = 0;
  6030   000C94  6A23               	clrf	_USBStatusStageEnabledFlag1^0,c	;volatile
  6031   000C96                     
  6032                           ; BSR set to: 4
  6033                           ;usb_device.c: 1744:    if(USBDeferStatusStagePacket == 0)
  6034   000C96  5024               	movf	_USBDeferStatusStagePacket^0,w,c	;volatile
  6035   000C98  A4D8               	btfss	status,2,c
  6036   000C9A  EF51  F006         	goto	i2u241_41
  6037   000C9E  EF53  F006         	goto	i2u241_40
  6038   000CA2                     i2u241_41:
  6039   000CA2  EF55  F006         	goto	i2l474
  6040   000CA6                     i2u241_40:
  6041   000CA6  EF25  F006         	goto	i2l3618
  6042   000CAA                     i2l474:
  6043   000CAA  0012               	return		;funcret
  6044   000CAC                     __end_of_USBCtrlEPServiceComplete:
  6045                           	callstack 0
  6046                           
  6047 ;; *************** function _USBCtrlEPAllowDataStage *****************
  6048 ;; Defined at:
  6049 ;;		line 1492 in file "usb_device.c"
  6050 ;; Parameters:    Size  Location     Type
  6051 ;;		None
  6052 ;; Auto vars:     Size  Location     Type
  6053 ;;		None
  6054 ;; Return value:  Size  Location     Type
  6055 ;;                  1    wreg      void 
  6056 ;; Registers used:
  6057 ;;		wreg, fsr1l, fsr1h, fsr2l, fsr2h, status,2, status,0, tblptrl, tblptrh, tblptru, cstack
  6058 ;; Tracked objects:
  6059 ;;		On entry : 0/0
  6060 ;;		On exit  : 0/0
  6061 ;;		Unchanged: 0/0
  6062 ;; Data sizes:     COMRAM   BANK0   BANK1   BANK2   BANK3  BANK4h   BANK5   BANK6   BANK7
  6063 ;;      Params:         0       0       0       0       0       0       0       0       0
  6064 ;;      Locals:         0       0       0       0       0       0       0       0       0
  6065 ;;      Temps:          0       0       0       0       0       0       0       0       0
  6066 ;;      Totals:         0       0       0       0       0       0       0       0       0
  6067 ;;Total ram usage:        0 bytes
  6068 ;; Hardware stack levels used: 1
  6069 ;; Hardware stack levels required when called: 1
  6070 ;; This function calls:
  6071 ;;		_USBCtrlTrfTxService
  6072 ;; This function is called by:
  6073 ;;		_USBCtrlEPServiceComplete
  6074 ;; This function uses a non-reentrant model
  6075 ;;
  6076                           
  6077                           	psect	text24
  6078   001994                     __ptext24:
  6079                           	callstack 0
  6080   001994                     _USBCtrlEPAllowDataStage:
  6081                           	callstack 21
  6082   001994                     
  6083                           ;usb_device.c: 1494:     USBDeferINDataStagePackets = 0;
  6084   001994  6A21               	clrf	_USBDeferINDataStagePackets^0,c	;volatile
  6085                           
  6086                           ;usb_device.c: 1495:     USBDeferOUTDataStagePackets = 0;
  6087   001996  6A20               	clrf	_USBDeferOUTDataStagePackets^0,c	;volatile
  6088   001998                     
  6089                           ;usb_device.c: 1497:     if(controlTransferState == 2)
  6090   001998  0E02               	movlw	2
  6091   00199A  182A               	xorwf	_controlTransferState^0,w,c	;volatile
  6092   00199C  A4D8               	btfss	status,2,c
  6093   00199E  EFD3  F00C         	goto	i2u201_41
  6094   0019A2  EFD5  F00C         	goto	i2u201_40
  6095   0019A6                     i2u201_41:
  6096   0019A6  EFF5  F00C         	goto	i2l3396
  6097   0019AA                     i2u201_40:
  6098   0019AA                     
  6099                           ;usb_device.c: 1498:     {;usb_device.c: 1500:         pBDTEntryEP0OutNext->CNT = 8;
  6100   0019AA  EE20 F001          	lfsr	2,1
  6101   0019AE  5019               	movf	_pBDTEntryEP0OutNext^0,w,c
  6102   0019B0  26D9               	addwf	fsr2l,f,c
  6103   0019B2  501A               	movf	(_pBDTEntryEP0OutNext+1)^0,w,c
  6104   0019B4  22DA               	addwfc	fsr2h,f,c
  6105   0019B6  0E08               	movlw	8
  6106   0019B8  6EDF               	movwf	indf2,c
  6107                           
  6108                           ;usb_device.c: 1501:         pBDTEntryEP0OutNext->ADR = ((uint16_t)(&CtrlTrfData));
  6109   0019BA  EE20 F002          	lfsr	2,2
  6110   0019BE  5019               	movf	_pBDTEntryEP0OutNext^0,w,c
  6111   0019C0  26D9               	addwf	fsr2l,f,c
  6112   0019C2  501A               	movf	(_pBDTEntryEP0OutNext+1)^0,w,c
  6113   0019C4  22DA               	addwfc	fsr2h,f,c
  6114   0019C6  0E28               	movlw	40
  6115   0019C8  6EDE               	movwf	postinc2,c
  6116   0019CA  0E04               	movlw	4
  6117   0019CC  6EDD               	movwf	postdec2,c
  6118   0019CE                     
  6119                           ;usb_device.c: 1502:         pBDTEntryEP0OutNext->STAT.Val = 0x40|(0x08 & 0x08);
  6120   0019CE  C019  FFD9         	movff	_pBDTEntryEP0OutNext,fsr2l
  6121   0019D2  C01A  FFDA         	movff	_pBDTEntryEP0OutNext+1,fsr2h
  6122   0019D6  0E48               	movlw	72
  6123   0019D8  6EDF               	movwf	indf2,c
  6124   0019DA                     
  6125                           ;usb_device.c: 1503:         pBDTEntryEP0OutNext->STAT.Val |= 0x80;
  6126   0019DA  C019  FFD9         	movff	_pBDTEntryEP0OutNext,fsr2l
  6127   0019DE  C01A  FFDA         	movff	_pBDTEntryEP0OutNext+1,fsr2h
  6128   0019E2  0E00               	movlw	0
  6129   0019E4  8EDB               	bsf	plusw2,7,c
  6130                           
  6131                           ;usb_device.c: 1504:     }
  6132   0019E6  EF1D  F00D         	goto	i2l456
  6133   0019EA                     i2l3396:
  6134                           
  6135                           ;usb_device.c: 1506:     {;usb_device.c: 1509:   if(SetupPkt.wLength < inPipes[0].wCount
      +                          .Val)
  6136   0019EA  500B               	movf	(_inPipes+3)^0,w,c	;volatile
  6137   0019EC  0104               	movlb	4	; () banked
  6138   0019EE  5D26               	subwf	38,w,b	;volatile
  6139   0019F0  500C               	movf	(_inPipes+4)^0,w,c	;volatile
  6140   0019F2  5927               	subwfb	39,w,b	;volatile
  6141   0019F4  B0D8               	btfsc	status,0,c
  6142   0019F6  EFFF  F00C         	goto	i2u202_41
  6143   0019FA  EF01  F00D         	goto	i2u202_40
  6144   0019FE                     i2u202_41:
  6145   0019FE  EF05  F00D         	goto	i2l3400
  6146   001A02                     i2u202_40:
  6147   001A02                     
  6148                           ; BSR set to: 4
  6149                           ;usb_device.c: 1510:   {;usb_device.c: 1511:    inPipes[0].wCount.Val = SetupPkt.wLength
      +                          ;
  6150   001A02  C426 F00B          	movff	1062,_inPipes+3	;volatile
  6151   001A06  C427 F00C          	movff	1063,_inPipes+4	;volatile
  6152   001A0A                     i2l3400:
  6153                           
  6154                           ; BSR set to: 4
  6155                           ;usb_device.c: 1513:   USBCtrlTrfTxService();
  6156   001A0A  EC2A  F009         	call	_USBCtrlTrfTxService	;wreg free
  6157   001A0E                     
  6158                           ;usb_device.c: 1518:   pBDTEntryIn[0]->ADR = ((uint16_t)(&CtrlTrfData));
  6159   001A0E  EE20 F002          	lfsr	2,2
  6160   001A12  500D               	movf	_pBDTEntryIn^0,w,c
  6161   001A14  26D9               	addwf	fsr2l,f,c
  6162   001A16  500E               	movf	(_pBDTEntryIn+1)^0,w,c
  6163   001A18  22DA               	addwfc	fsr2h,f,c
  6164   001A1A  0E28               	movlw	40
  6165   001A1C  6EDE               	movwf	postinc2,c
  6166   001A1E  0E04               	movlw	4
  6167   001A20  6EDD               	movwf	postdec2,c
  6168   001A22                     
  6169                           ;usb_device.c: 1519:   pBDTEntryIn[0]->STAT.Val = 0x40|(0x08 & 0x08);
  6170   001A22  C00D  FFD9         	movff	_pBDTEntryIn,fsr2l
  6171   001A26  C00E  FFDA         	movff	_pBDTEntryIn+1,fsr2h
  6172   001A2A  0E48               	movlw	72
  6173   001A2C  6EDF               	movwf	indf2,c
  6174   001A2E                     
  6175                           ;usb_device.c: 1520:         pBDTEntryIn[0]->STAT.Val |= 0x80;
  6176   001A2E  C00D  FFD9         	movff	_pBDTEntryIn,fsr2l
  6177   001A32  C00E  FFDA         	movff	_pBDTEntryIn+1,fsr2h
  6178   001A36  0E00               	movlw	0
  6179   001A38  8EDB               	bsf	plusw2,7,c
  6180   001A3A                     i2l456:
  6181   001A3A  0012               	return		;funcret
  6182   001A3C                     __end_of_USBCtrlEPAllowDataStage:
  6183                           	callstack 0
  6184                           
  6185 ;; *************** function _USBCheckStdRequest *****************
  6186 ;; Defined at:
  6187 ;;		line 2693 in file "usb_device.c"
  6188 ;; Parameters:    Size  Location     Type
  6189 ;;		None
  6190 ;; Auto vars:     Size  Location     Type
  6191 ;;		None
  6192 ;; Return value:  Size  Location     Type
  6193 ;;                  1    wreg      void 
  6194 ;; Registers used:
  6195 ;;		wreg, fsr1l, fsr1h, fsr2l, fsr2h, status,2, status,0, tblptrl, tblptrh, tblptru, prodl, prodh, cstack
  6196 ;; Tracked objects:
  6197 ;;		On entry : 0/0
  6198 ;;		On exit  : 0/0
  6199 ;;		Unchanged: 0/0
  6200 ;; Data sizes:     COMRAM   BANK0   BANK1   BANK2   BANK3  BANK4h   BANK5   BANK6   BANK7
  6201 ;;      Params:         0       0       0       0       0       0       0       0       0
  6202 ;;      Locals:         0       0       0       0       0       0       0       0       0
  6203 ;;      Temps:          1       0       0       0       0       0       0       0       0
  6204 ;;      Totals:         1       0       0       0       0       0       0       0       0
  6205 ;;Total ram usage:        1 bytes
  6206 ;; Hardware stack levels used: 1
  6207 ;; Hardware stack levels required when called: 5
  6208 ;; This function calls:
  6209 ;;		_USBStdFeatureReqHandler
  6210 ;;		_USBStdGetDscHandler
  6211 ;;		_USBStdGetStatusHandler
  6212 ;;		_USBStdSetCfgHandler
  6213 ;;		_USER_USB_CALLBACK_EVENT_HANDLER
  6214 ;; This function is called by:
  6215 ;;		_USBCtrlTrfSetupHandler
  6216 ;; This function uses a non-reentrant model
  6217 ;;
  6218                           
  6219                           	psect	text25
  6220   001364                     __ptext25:
  6221                           	callstack 0
  6222   001364                     _USBCheckStdRequest:
  6223                           	callstack 18
  6224   001364                     
  6225                           ;usb_device.c: 2695:     if(SetupPkt.RequestType != (0x00>>5)) return;
  6226   001364  0104               	movlb	4	; () banked
  6227   001366  3920               	swapf	32,w,b	;volatile
  6228   001368  32E8               	rrcf	wreg,f,c
  6229   00136A  0B03               	andlw	3
  6230   00136C  0900               	iorlw	0
  6231   00136E  B4D8               	btfsc	status,2,c
  6232   001370  EFBC  F009         	goto	i2u249_41
  6233   001374  EFBE  F009         	goto	i2u249_40
  6234   001378                     i2u249_41:
  6235   001378  EF03  F00A         	goto	i2l3722
  6236   00137C                     i2u249_40:
  6237   00137C  EF32  F00A         	goto	i2l588
  6238   001380                     i2l590:
  6239                           
  6240                           ; BSR set to: 4
  6241                           ;usb_device.c: 2700:             inPipes[0].info.bits.busy = 1;
  6242   001380  8E0A               	bsf	(_inPipes+2)^0,7,c	;volatile
  6243   001382                     
  6244                           ; BSR set to: 4
  6245                           ;usb_device.c: 2701:             USBDeviceState = ADR_PENDING_STATE;
  6246   001382  0E08               	movlw	8
  6247   001384  6E2C               	movwf	_USBDeviceState^0,c	;volatile
  6248                           
  6249                           ;usb_device.c: 2703:             break;
  6250   001386  EF32  F00A         	goto	i2l588
  6251   00138A                     i2l3692:
  6252                           
  6253                           ; BSR set to: 4
  6254                           ;usb_device.c: 2705:             USBStdGetDscHandler();
  6255   00138A  EC19  F005         	call	_USBStdGetDscHandler	;wreg free
  6256                           
  6257                           ;usb_device.c: 2706:             break;
  6258   00138E  EF32  F00A         	goto	i2l588
  6259   001392                     i2l3694:
  6260                           
  6261                           ; BSR set to: 4
  6262                           ;usb_device.c: 2708:             USBStdSetCfgHandler();
  6263   001392  EC9A  F00B         	call	_USBStdSetCfgHandler	;wreg free
  6264                           
  6265                           ;usb_device.c: 2709:             break;
  6266   001396  EF32  F00A         	goto	i2l588
  6267   00139A                     i2l3696:
  6268                           
  6269                           ; BSR set to: 4
  6270                           ;usb_device.c: 2711:             inPipes[0].pSrc.bRam = (uint8_t*)&USBActiveConfiguratio
      +                          n;
  6271   00139A  0E2F               	movlw	low _USBActiveConfiguration
  6272   00139C  6E08               	movwf	_inPipes^0,c	;volatile
  6273   00139E  6A09               	clrf	(_inPipes+1)^0,c	;volatile
  6274   0013A0                     
  6275                           ; BSR set to: 4
  6276                           ;usb_device.c: 2712:             inPipes[0].info.bits.ctrl_trf_mem = 0x01;
  6277   0013A0  800A               	bsf	(_inPipes+2)^0,0,c	;volatile
  6278   0013A2                     
  6279                           ; BSR set to: 4
  6280                           ;usb_device.c: 2713:             inPipes[0].wCount.v[0] = 1;
  6281   0013A2  0E01               	movlw	1
  6282   0013A4  6E0B               	movwf	(_inPipes+3)^0,c	;volatile
  6283   0013A6                     
  6284                           ; BSR set to: 4
  6285                           ;usb_device.c: 2714:             inPipes[0].info.bits.busy = 1;
  6286   0013A6  8E0A               	bsf	(_inPipes+2)^0,7,c	;volatile
  6287                           
  6288                           ;usb_device.c: 2715:             break;
  6289   0013A8  EF32  F00A         	goto	i2l588
  6290   0013AC                     i2l3704:
  6291                           
  6292                           ; BSR set to: 4
  6293                           ;usb_device.c: 2717:             USBStdGetStatusHandler();
  6294   0013AC  ECAD  F00A         	call	_USBStdGetStatusHandler	;wreg free
  6295                           
  6296                           ;usb_device.c: 2718:             break;
  6297   0013B0  EF32  F00A         	goto	i2l588
  6298   0013B4                     i2l3706:
  6299                           
  6300                           ; BSR set to: 4
  6301                           ;usb_device.c: 2721:             USBStdFeatureReqHandler();
  6302   0013B4  EC09  F000         	call	_USBStdFeatureReqHandler	;wreg free
  6303                           
  6304                           ;usb_device.c: 2722:             break;
  6305   0013B8  EF32  F00A         	goto	i2l588
  6306   0013BC                     i2l3708:
  6307                           
  6308                           ; BSR set to: 4
  6309                           ;usb_device.c: 2724:             inPipes[0].pSrc.bRam = (uint8_t*)&USBAlternateInterface
      +                          [SetupPkt.bIntfID];
  6310   0013BC  5124               	movf	36,w,b	;volatile
  6311   0013BE  0F2E               	addlw	low _USBAlternateInterface
  6312   0013C0  6E4D               	movwf	??_USBCheckStdRequest^0,c
  6313   0013C2  C04D  F008         	movff	??_USBCheckStdRequest,_inPipes	;volatile
  6314   0013C6  6A09               	clrf	(_inPipes+1)^0,c	;volatile
  6315   0013C8                     
  6316                           ; BSR set to: 4
  6317                           ;usb_device.c: 2725:             inPipes[0].info.bits.ctrl_trf_mem = 0x01;
  6318   0013C8  800A               	bsf	(_inPipes+2)^0,0,c	;volatile
  6319   0013CA                     
  6320                           ; BSR set to: 4
  6321                           ;usb_device.c: 2726:             inPipes[0].wCount.v[0] = 1;
  6322   0013CA  0E01               	movlw	1
  6323   0013CC  6E0B               	movwf	(_inPipes+3)^0,c	;volatile
  6324   0013CE                     
  6325                           ; BSR set to: 4
  6326                           ;usb_device.c: 2727:             inPipes[0].info.bits.busy = 1;
  6327   0013CE  8E0A               	bsf	(_inPipes+2)^0,7,c	;volatile
  6328                           
  6329                           ;usb_device.c: 2728:             break;
  6330   0013D0  EF32  F00A         	goto	i2l588
  6331   0013D4                     i2l599:
  6332                           
  6333                           ; BSR set to: 4
  6334                           ;usb_device.c: 2730:             inPipes[0].info.bits.busy = 1;
  6335   0013D4  8E0A               	bsf	(_inPipes+2)^0,7,c	;volatile
  6336   0013D6                     
  6337                           ; BSR set to: 4
  6338                           ;usb_device.c: 2731:             USBAlternateInterface[SetupPkt.bIntfID] = SetupPkt.bAlt
      +                          ID;
  6339   0013D6  5124               	movf	36,w,b	;volatile
  6340   0013D8  0F2E               	addlw	low _USBAlternateInterface
  6341   0013DA  6ED9               	movwf	fsr2l,c
  6342   0013DC  6ADA               	clrf	fsr2h,c
  6343   0013DE  C422 FFDF          	movff	1058,indf2	;volatile
  6344                           
  6345                           ;usb_device.c: 2732:             break;
  6346   0013E2  EF32  F00A         	goto	i2l588
  6347   0013E6                     i2l3718:
  6348                           
  6349                           ; BSR set to: 4
  6350                           ;usb_device.c: 2734:             USER_USB_CALLBACK_EVENT_HANDLER((USB_EVENT)EVENT_SET_DE
      +                          SCRIPTOR,0,0);
  6351   0013E6  0E00               	movlw	0
  6352   0013E8  6E3F               	movwf	(USER_USB_CALLBACK_EVENT_HANDLER@event+1)^0,c
  6353   0013EA  0E02               	movlw	2
  6354   0013EC  6E3E               	movwf	USER_USB_CALLBACK_EVENT_HANDLER@event^0,c
  6355   0013EE  0E00               	movlw	0
  6356   0013F0  6E40               	movwf	USER_USB_CALLBACK_EVENT_HANDLER@pdata^0,c
  6357   0013F2  0E00               	movlw	0
  6358   0013F4  6E41               	movwf	(USER_USB_CALLBACK_EVENT_HANDLER@pdata+1)^0,c
  6359   0013F6  0E00               	movlw	0
  6360   0013F8  6E43               	movwf	(USER_USB_CALLBACK_EVENT_HANDLER@size+1)^0,c
  6361   0013FA  0E00               	movlw	0
  6362   0013FC  6E42               	movwf	USER_USB_CALLBACK_EVENT_HANDLER@size^0,c
  6363   0013FE  EC04  F00C         	call	_USER_USB_CALLBACK_EVENT_HANDLER	;wreg free
  6364                           
  6365                           ;usb_device.c: 2735:             break;
  6366   001402  EF32  F00A         	goto	i2l588
  6367   001406                     i2l3722:
  6368                           
  6369                           ; BSR set to: 4
  6370   001406  5121               	movf	33,w,b	;volatile
  6371                           
  6372                           ; Switch size 1, requested type "simple"
  6373                           ; Number of cases is 11, Range of values is 0 to 12
  6374                           ; switch strategies available:
  6375                           ; Name         Instructions Cycles
  6376                           ; simple_byte           34    18 (average)
  6377                           ;	Chosen strategy is simple_byte
  6378   001408  0A00               	xorlw	0	; case 0
  6379   00140A  B4D8               	btfsc	status,2,c
  6380   00140C  EFD6  F009         	goto	i2l3704
  6381   001410  0A01               	xorlw	1	; case 1
  6382   001412  B4D8               	btfsc	status,2,c
  6383   001414  EFDA  F009         	goto	i2l3706
  6384   001418  0A02               	xorlw	2	; case 3
  6385   00141A  B4D8               	btfsc	status,2,c
  6386   00141C  EFDA  F009         	goto	i2l3706
  6387   001420  0A06               	xorlw	6	; case 5
  6388   001422  B4D8               	btfsc	status,2,c
  6389   001424  EFC0  F009         	goto	i2l590
  6390   001428  0A03               	xorlw	3	; case 6
  6391   00142A  B4D8               	btfsc	status,2,c
  6392   00142C  EFC5  F009         	goto	i2l3692
  6393   001430  0A01               	xorlw	1	; case 7
  6394   001432  B4D8               	btfsc	status,2,c
  6395   001434  EFF3  F009         	goto	i2l3718
  6396   001438  0A0F               	xorlw	15	; case 8
  6397   00143A  B4D8               	btfsc	status,2,c
  6398   00143C  EFCD  F009         	goto	i2l3696
  6399   001440  0A01               	xorlw	1	; case 9
  6400   001442  B4D8               	btfsc	status,2,c
  6401   001444  EFC9  F009         	goto	i2l3694
  6402   001448  0A03               	xorlw	3	; case 10
  6403   00144A  B4D8               	btfsc	status,2,c
  6404   00144C  EFDE  F009         	goto	i2l3708
  6405   001450  0A01               	xorlw	1	; case 11
  6406   001452  B4D8               	btfsc	status,2,c
  6407   001454  EFEA  F009         	goto	i2l599
  6408   001458  0A07               	xorlw	7	; case 12
  6409   00145A  B4D8               	btfsc	status,2,c
  6410   00145C  EF32  F00A         	goto	i2l588
  6411   001460  EF32  F00A         	goto	i2l588
  6412   001464                     i2l588:
  6413   001464  0012               	return		;funcret
  6414   001466                     __end_of_USBCheckStdRequest:
  6415                           	callstack 0
  6416                           
  6417 ;; *************** function _USBStdSetCfgHandler *****************
  6418 ;; Defined at:
  6419 ;;		line 1972 in file "usb_device.c"
  6420 ;; Parameters:    Size  Location     Type
  6421 ;;		None
  6422 ;; Auto vars:     Size  Location     Type
  6423 ;;  i               1   22[COMRAM] unsigned char 
  6424 ;; Return value:  Size  Location     Type
  6425 ;;                  1    wreg      void 
  6426 ;; Registers used:
  6427 ;;		wreg, fsr2l, fsr2h, status,2, status,0, prodl, prodh, cstack
  6428 ;; Tracked objects:
  6429 ;;		On entry : 0/0
  6430 ;;		On exit  : 0/0
  6431 ;;		Unchanged: 0/0
  6432 ;; Data sizes:     COMRAM   BANK0   BANK1   BANK2   BANK3  BANK4h   BANK5   BANK6   BANK7
  6433 ;;      Params:         0       0       0       0       0       0       0       0       0
  6434 ;;      Locals:         1       0       0       0       0       0       0       0       0
  6435 ;;      Temps:          0       0       0       0       0       0       0       0       0
  6436 ;;      Totals:         1       0       0       0       0       0       0       0       0
  6437 ;;Total ram usage:        1 bytes
  6438 ;; Hardware stack levels used: 1
  6439 ;; Hardware stack levels required when called: 4
  6440 ;; This function calls:
  6441 ;;		_USER_USB_CALLBACK_EVENT_HANDLER
  6442 ;;		i2_memset
  6443 ;; This function is called by:
  6444 ;;		_USBCheckStdRequest
  6445 ;; This function uses a non-reentrant model
  6446 ;;
  6447                           
  6448                           	psect	text26
  6449   001734                     __ptext26:
  6450                           	callstack 0
  6451   001734                     _USBStdSetCfgHandler:
  6452                           	callstack 18
  6453   001734                     
  6454                           ;usb_device.c: 1974:     uint8_t i;;usb_device.c: 1977:     inPipes[0].info.bits.busy = 
      +                          1;
  6455   001734  8E0A               	bsf	(_inPipes+2)^0,7,c	;volatile
  6456   001736                     
  6457                           ;usb_device.c: 1980:     memset((void*)&UEP1,0x00,(1));;
  6458   001736  0E71               	movlw	113
  6459   001738  6E30               	movwf	i2memset@dest^0,c
  6460   00173A  0E0F               	movlw	15
  6461   00173C  6E31               	movwf	(i2memset@dest+1)^0,c
  6462   00173E  0E00               	movlw	0
  6463   001740  6E33               	movwf	(i2memset@c+1)^0,c
  6464   001742  0E00               	movlw	0
  6465   001744  6E32               	movwf	i2memset@c^0,c
  6466   001746  0E00               	movlw	0
  6467   001748  6E35               	movwf	(i2memset@n+1)^0,c
  6468   00174A  0E01               	movlw	1
  6469   00174C  6E34               	movwf	i2memset@n^0,c
  6470   00174E  EC28  F011         	call	i2_memset	;wreg free
  6471                           
  6472                           ;usb_device.c: 1983:     memset((void*)&BDT[0], 0x00, sizeof(BDT));
  6473   001752  0E00               	movlw	0
  6474   001754  6E30               	movwf	i2memset@dest^0,c
  6475   001756  0E04               	movlw	4
  6476   001758  6E31               	movwf	(i2memset@dest+1)^0,c
  6477   00175A  0E00               	movlw	0
  6478   00175C  6E33               	movwf	(i2memset@c+1)^0,c
  6479   00175E  0E00               	movlw	0
  6480   001760  6E32               	movwf	i2memset@c^0,c
  6481   001762  0E00               	movlw	0
  6482   001764  6E35               	movwf	(i2memset@n+1)^0,c
  6483   001766  0E20               	movlw	32
  6484   001768  6E34               	movwf	i2memset@n^0,c
  6485   00176A  EC28  F011         	call	i2_memset	;wreg free
  6486   00176E                     
  6487                           ;usb_device.c: 1986:     UCONbits.PPBRST = 1;
  6488   00176E  8C6D               	bsf	109,6,c	;volatile
  6489   001770                     
  6490                           ;usb_device.c: 1991:  for(i = 0; i < (uint8_t)(1 +1u); i++)
  6491   001770  6A46               	clrf	USBStdSetCfgHandler@i^0,c
  6492   001772                     i2l3420:
  6493                           
  6494                           ;usb_device.c: 1992:  {;usb_device.c: 1993:   ep_data_in[i].Val = 0u;
  6495   001772  5046               	movf	USBStdSetCfgHandler@i^0,w,c
  6496   001774  0F17               	addlw	low _ep_data_in
  6497   001776  6ED9               	movwf	fsr2l,c
  6498   001778  6ADA               	clrf	fsr2h,c
  6499   00177A  6ADF               	clrf	indf2,c
  6500                           
  6501                           ;usb_device.c: 1994:         ep_data_out[i].Val = 0u;
  6502   00177C  5046               	movf	USBStdSetCfgHandler@i^0,w,c
  6503   00177E  0F15               	addlw	low _ep_data_out
  6504   001780  6ED9               	movwf	fsr2l,c
  6505   001782  6ADA               	clrf	fsr2h,c
  6506   001784  6ADF               	clrf	indf2,c
  6507   001786                     
  6508                           ;usb_device.c: 1995:  }
  6509   001786  2A46               	incf	USBStdSetCfgHandler@i^0,f,c
  6510   001788  0E01               	movlw	1
  6511   00178A  6446               	cpfsgt	USBStdSetCfgHandler@i^0,c
  6512   00178C  EFCA  F00B         	goto	i2u203_41
  6513   001790  EFCC  F00B         	goto	i2u203_40
  6514   001794                     i2u203_41:
  6515   001794  EFB9  F00B         	goto	i2l3420
  6516   001798                     i2u203_40:
  6517   001798                     
  6518                           ;usb_device.c: 1998:     memset((void*)&USBAlternateInterface,0x00,1);
  6519   001798  0E2E               	movlw	low _USBAlternateInterface
  6520   00179A  6E30               	movwf	i2memset@dest^0,c
  6521   00179C  6A31               	clrf	(i2memset@dest+1)^0,c
  6522   00179E  0E00               	movlw	0
  6523   0017A0  6E33               	movwf	(i2memset@c+1)^0,c
  6524   0017A2  0E00               	movlw	0
  6525   0017A4  6E32               	movwf	i2memset@c^0,c
  6526   0017A6  0E00               	movlw	0
  6527   0017A8  6E35               	movwf	(i2memset@n+1)^0,c
  6528   0017AA  0E01               	movlw	1
  6529   0017AC  6E34               	movwf	i2memset@n^0,c
  6530   0017AE  EC28  F011         	call	i2_memset	;wreg free
  6531   0017B2                     
  6532                           ;usb_device.c: 2001:     UCONbits.PPBRST = 0;
  6533   0017B2  9C6D               	bcf	109,6,c	;volatile
  6534   0017B4                     
  6535                           ;usb_device.c: 2003:     pBDTEntryIn[0] = (volatile BDT_ENTRY*)&BDT[2];
  6536   0017B4  0E08               	movlw	8
  6537   0017B6  6E0D               	movwf	_pBDTEntryIn^0,c
  6538   0017B8  0E04               	movlw	4
  6539   0017BA  6E0E               	movwf	(_pBDTEntryIn+1)^0,c
  6540   0017BC                     
  6541                           ;usb_device.c: 2006:     pBDTEntryEP0OutCurrent = (volatile BDT_ENTRY*)&BDT[0];
  6542   0017BC  0E00               	movlw	0
  6543   0017BE  6E1B               	movwf	_pBDTEntryEP0OutCurrent^0,c
  6544   0017C0  0E04               	movlw	4
  6545   0017C2  6E1C               	movwf	(_pBDTEntryEP0OutCurrent+1)^0,c
  6546   0017C4                     
  6547                           ;usb_device.c: 2007:     pBDTEntryEP0OutNext = pBDTEntryEP0OutCurrent;
  6548   0017C4  C01B  F019         	movff	_pBDTEntryEP0OutCurrent,_pBDTEntryEP0OutNext
  6549   0017C8  C01C  F01A         	movff	_pBDTEntryEP0OutCurrent+1,_pBDTEntryEP0OutNext+1
  6550   0017CC                     
  6551                           ;usb_device.c: 2010:     USBActiveConfiguration = SetupPkt.bConfigurationValue;
  6552   0017CC  C422 F02F          	movff	1058,_USBActiveConfiguration	;volatile
  6553   0017D0                     
  6554                           ;usb_device.c: 2013:     if(USBActiveConfiguration == 0)
  6555   0017D0  502F               	movf	_USBActiveConfiguration^0,w,c	;volatile
  6556   0017D2  A4D8               	btfss	status,2,c
  6557   0017D4  EFEE  F00B         	goto	i2u204_41
  6558   0017D8  EFF0  F00B         	goto	i2u204_40
  6559   0017DC                     i2u204_41:
  6560   0017DC  EFF4  F00B         	goto	i2l3442
  6561   0017E0                     i2u204_40:
  6562   0017E0                     
  6563                           ;usb_device.c: 2014:     {;usb_device.c: 2016:         USBDeviceState = ADDRESS_STATE;
  6564   0017E0  0E10               	movlw	16
  6565   0017E2  6E2C               	movwf	_USBDeviceState^0,c	;volatile
  6566                           
  6567                           ;usb_device.c: 2017:     }
  6568   0017E4  EF03  F00C         	goto	i2l509
  6569   0017E8                     i2l3442:
  6570                           
  6571                           ;usb_device.c: 2019:     {;usb_device.c: 2021:         USER_USB_CALLBACK_EVENT_HANDLER((
      +                          USB_EVENT)EVENT_CONFIGURED,(void*)&USBActiveConfiguration,1);
  6572   0017E8  0E00               	movlw	0
  6573   0017EA  6E3F               	movwf	(USER_USB_CALLBACK_EVENT_HANDLER@event+1)^0,c
  6574   0017EC  0E01               	movlw	1
  6575   0017EE  6E3E               	movwf	USER_USB_CALLBACK_EVENT_HANDLER@event^0,c
  6576   0017F0  0E2F               	movlw	low _USBActiveConfiguration
  6577   0017F2  6E40               	movwf	USER_USB_CALLBACK_EVENT_HANDLER@pdata^0,c
  6578   0017F4  6A41               	clrf	(USER_USB_CALLBACK_EVENT_HANDLER@pdata+1)^0,c
  6579   0017F6  0E00               	movlw	0
  6580   0017F8  6E43               	movwf	(USER_USB_CALLBACK_EVENT_HANDLER@size+1)^0,c
  6581   0017FA  0E01               	movlw	1
  6582   0017FC  6E42               	movwf	USER_USB_CALLBACK_EVENT_HANDLER@size^0,c
  6583   0017FE  EC04  F00C         	call	_USER_USB_CALLBACK_EVENT_HANDLER	;wreg free
  6584   001802                     
  6585                           ;usb_device.c: 2026:         USBDeviceState = CONFIGURED_STATE;
  6586   001802  0E20               	movlw	32
  6587   001804  6E2C               	movwf	_USBDeviceState^0,c	;volatile
  6588   001806                     i2l509:
  6589   001806  0012               	return		;funcret
  6590   001808                     __end_of_USBStdSetCfgHandler:
  6591                           	callstack 0
  6592                           
  6593 ;; *************** function i2_memset *****************
  6594 ;; Defined at:
  6595 ;;		line 3 in file "C:\Program Files\Microchip\xc8\v3.00\pic\sources\c99\common\memset.c"
  6596 ;; Parameters:    Size  Location     Type
  6597 ;;  dest            2    0[COMRAM] PTR void 
  6598 ;;		 -> USBAlternateInterface(1), BDT(32), UEP1(1), inputReport(8), 
  6599 ;;  c               2    2[COMRAM] int 
  6600 ;;  n               2    4[COMRAM] unsigned int 
  6601 ;; Auto vars:     Size  Location     Type
  6602 ;;  p               2    6[COMRAM] PTR unsigned char 
  6603 ;;		 -> USBAlternateInterface(1), BDT(32), UEP1(1), inputReport(8), 
  6604 ;; Return value:  Size  Location     Type
  6605 ;;                  2    0[COMRAM] PTR void 
  6606 ;; Registers used:
  6607 ;;		wreg, fsr2l, fsr2h, status,2, status,0
  6608 ;; Tracked objects:
  6609 ;;		On entry : 0/0
  6610 ;;		On exit  : 0/0
  6611 ;;		Unchanged: 0/0
  6612 ;; Data sizes:     COMRAM   BANK0   BANK1   BANK2   BANK3  BANK4h   BANK5   BANK6   BANK7
  6613 ;;      Params:         6       0       0       0       0       0       0       0       0
  6614 ;;      Locals:         2       0       0       0       0       0       0       0       0
  6615 ;;      Temps:          0       0       0       0       0       0       0       0       0
  6616 ;;      Totals:         8       0       0       0       0       0       0       0       0
  6617 ;;Total ram usage:        8 bytes
  6618 ;; Hardware stack levels used: 1
  6619 ;; This function calls:
  6620 ;;		Nothing
  6621 ;; This function is called by:
  6622 ;;		_USBStdSetCfgHandler
  6623 ;;		i2_USBDeviceInit
  6624 ;; This function uses a non-reentrant model
  6625 ;;
  6626                           
  6627                           	psect	text27
  6628   002250                     __ptext27:
  6629                           	callstack 0
  6630   002250                     i2_memset:
  6631                           	callstack 24
  6632   002250  C030  F036         	movff	i2memset@dest,i2memset@p
  6633   002254  C031  F037         	movff	i2memset@dest+1,i2memset@p+1
  6634   002258  EF36  F011         	goto	i2l3348
  6635   00225C                     i2l3344:
  6636   00225C  C036  FFD9         	movff	i2memset@p,fsr2l
  6637   002260  C037  FFDA         	movff	i2memset@p+1,fsr2h
  6638   002264  C032  FFDF         	movff	i2memset@c,indf2
  6639   002268  4A36               	infsnz	i2memset@p^0,f,c
  6640   00226A  2A37               	incf	(i2memset@p+1)^0,f,c
  6641   00226C                     i2l3348:
  6642   00226C  0634               	decf	i2memset@n^0,f,c
  6643   00226E  A0D8               	btfss	status,0,c
  6644   002270  0635               	decf	(i2memset@n+1)^0,f,c
  6645   002272  2834               	incf	i2memset@n^0,w,c
  6646   002274  E106               	bnz	i2u196_41
  6647   002276  2835               	incf	(i2memset@n+1)^0,w,c
  6648   002278  A4D8               	btfss	status,2,c
  6649   00227A  EF41  F011         	goto	i2u196_41
  6650   00227E  EF43  F011         	goto	i2u196_40
  6651   002282                     i2u196_41:
  6652   002282  EF2E  F011         	goto	i2l3344
  6653   002286                     i2u196_40:
  6654   002286  0012               	return		;funcret
  6655   002288                     __end_ofi2_memset:
  6656                           	callstack 0
  6657                           
  6658 ;; *************** function _USBStdGetStatusHandler *****************
  6659 ;; Defined at:
  6660 ;;		line 2133 in file "usb_device.c"
  6661 ;; Parameters:    Size  Location     Type
  6662 ;;		None
  6663 ;; Auto vars:     Size  Location     Type
  6664 ;;  p               2    0[COMRAM] PTR struct __BDT
  6665 ;;		 -> RAM(2047), BDT(32), NULL(0), 
  6666 ;; Return value:  Size  Location     Type
  6667 ;;                  1    wreg      void 
  6668 ;; Registers used:
  6669 ;;		wreg, fsr2l, fsr2h, status,2, status,0, prodl, prodh
  6670 ;; Tracked objects:
  6671 ;;		On entry : 0/0
  6672 ;;		On exit  : 0/0
  6673 ;;		Unchanged: 0/0
  6674 ;; Data sizes:     COMRAM   BANK0   BANK1   BANK2   BANK3  BANK4h   BANK5   BANK6   BANK7
  6675 ;;      Params:         0       0       0       0       0       0       0       0       0
  6676 ;;      Locals:         2       0       0       0       0       0       0       0       0
  6677 ;;      Temps:          0       0       0       0       0       0       0       0       0
  6678 ;;      Totals:         2       0       0       0       0       0       0       0       0
  6679 ;;Total ram usage:        2 bytes
  6680 ;; Hardware stack levels used: 1
  6681 ;; This function calls:
  6682 ;;		Nothing
  6683 ;; This function is called by:
  6684 ;;		_USBCheckStdRequest
  6685 ;; This function uses a non-reentrant model
  6686 ;;
  6687                           
  6688                           	psect	text28
  6689   00155A                     __ptext28:
  6690                           	callstack 0
  6691   00155A                     _USBStdGetStatusHandler:
  6692                           	callstack 22
  6693   00155A                     
  6694                           ;usb_device.c: 2135:     CtrlTrfData[0] = 0;
  6695   00155A  0104               	movlb	4	; () banked
  6696   00155C  6B28               	clrf	40,b	;volatile
  6697                           
  6698                           ;usb_device.c: 2136:     CtrlTrfData[1] = 0;
  6699   00155E  6B29               	clrf	41,b	;volatile
  6700                           
  6701                           ;usb_device.c: 2138:     switch(SetupPkt.Recipient)
  6702   001560  EF05  F00B         	goto	i2l3496
  6703   001564                     i2l527:
  6704                           
  6705                           ; BSR set to: 4
  6706                           ;usb_device.c: 2141:             inPipes[0].info.bits.busy = 1;
  6707   001564  8E0A               	bsf	(_inPipes+2)^0,7,c	;volatile
  6708   001566                     
  6709                           ; BSR set to: 4
  6710                           ;usb_device.c: 2151:             if(RemoteWakeup == 1)
  6711   001566  0429               	decf	_RemoteWakeup^0,w,c	;volatile
  6712   001568  A4D8               	btfss	status,2,c
  6713   00156A  EFB9  F00A         	goto	i2u211_41
  6714   00156E  EFBB  F00A         	goto	i2u211_40
  6715   001572                     i2u211_41:
  6716   001572  EF15  F00B         	goto	i2l530
  6717   001576                     i2u211_40:
  6718   001576                     
  6719                           ; BSR set to: 4
  6720                           ;usb_device.c: 2152:             {;usb_device.c: 2153:                 CtrlTrfData[0]|=0
      +                          x02;
  6721   001576  8328               	bsf	40,1,b	;volatile
  6722   001578  EF15  F00B         	goto	i2l530
  6723   00157C                     i2l531:
  6724                           
  6725                           ; BSR set to: 4
  6726                           ;usb_device.c: 2157:             inPipes[0].info.bits.busy = 1;
  6727   00157C  8E0A               	bsf	(_inPipes+2)^0,7,c	;volatile
  6728                           
  6729                           ;usb_device.c: 2158:             break;
  6730   00157E  EF15  F00B         	goto	i2l530
  6731   001582                     i2l532:
  6732                           
  6733                           ; BSR set to: 4
  6734                           ;usb_device.c: 2160:             inPipes[0].info.bits.busy = 1;
  6735   001582  8E0A               	bsf	(_inPipes+2)^0,7,c	;volatile
  6736   001584                     
  6737                           ; BSR set to: 4
  6738                           ;usb_device.c: 2164:             if(SetupPkt.EPNum != 0)
  6739   001584  5124               	movf	36,w,b	;volatile
  6740   001586  0B0F               	andlw	15
  6741   001588  0900               	iorlw	0
  6742   00158A  B4D8               	btfsc	status,2,c
  6743   00158C  EFCA  F00A         	goto	i2u212_41
  6744   001590  EFCC  F00A         	goto	i2u212_40
  6745   001594                     i2u212_41:
  6746   001594  EF15  F00B         	goto	i2l530
  6747   001598                     i2u212_40:
  6748   001598                     
  6749                           ; BSR set to: 4
  6750                           ;usb_device.c: 2165:             {;usb_device.c: 2166:                 BDT_ENTRY *p;;usb
      +                          _device.c: 2168:                 if(SetupPkt.EPDir == 0)
  6751   001598  BF24               	btfsc	36,7,b	;volatile
  6752   00159A  EFD1  F00A         	goto	i2u213_41
  6753   00159E  EFD3  F00A         	goto	i2u213_40
  6754   0015A2                     i2u213_41:
  6755   0015A2  EFE0  F00A         	goto	i2l3486
  6756   0015A6                     i2u213_40:
  6757   0015A6                     
  6758                           ; BSR set to: 4
  6759                           ;usb_device.c: 2169:                 {;usb_device.c: 2170:                     p = (BDT_
      +                          ENTRY*)pBDTEntryOut[SetupPkt.EPNum];
  6760   0015A6  5124               	movf	36,w,b	;volatile
  6761   0015A8  0B0F               	andlw	15
  6762   0015AA  0D02               	mullw	2
  6763   0015AC  50F3               	movf	243,w,c
  6764   0015AE  0F11               	addlw	low _pBDTEntryOut
  6765   0015B0  6ED9               	movwf	fsr2l,c
  6766   0015B2  6ADA               	clrf	fsr2h,c
  6767   0015B4  CFDE F030          	movff	postinc2,USBStdGetStatusHandler@p
  6768   0015B8  CFDD F031          	movff	postdec2,USBStdGetStatusHandler@p+1
  6769                           
  6770                           ;usb_device.c: 2171:                 }
  6771   0015BC  EFEB  F00A         	goto	i2l3488
  6772   0015C0                     i2l3486:
  6773                           
  6774                           ; BSR set to: 4
  6775                           ;usb_device.c: 2173:                 {;usb_device.c: 2174:                     p = (BDT_
      +                          ENTRY*)pBDTEntryIn[SetupPkt.EPNum];
  6776   0015C0  5124               	movf	36,w,b	;volatile
  6777   0015C2  0B0F               	andlw	15
  6778   0015C4  0D02               	mullw	2
  6779   0015C6  50F3               	movf	243,w,c
  6780   0015C8  0F0D               	addlw	low _pBDTEntryIn
  6781   0015CA  6ED9               	movwf	fsr2l,c
  6782   0015CC  6ADA               	clrf	fsr2h,c
  6783   0015CE  CFDE F030          	movff	postinc2,USBStdGetStatusHandler@p
  6784   0015D2  CFDD F031          	movff	postdec2,USBStdGetStatusHandler@p+1
  6785   0015D6                     i2l3488:
  6786                           
  6787                           ; BSR set to: 4
  6788                           ;usb_device.c: 2177:                 if((p->STAT.UOWN == 1) && (p->STAT.BSTALL == 1))
  6789   0015D6  C030  FFD9         	movff	USBStdGetStatusHandler@p,fsr2l
  6790   0015DA  C031  FFDA         	movff	USBStdGetStatusHandler@p+1,fsr2h
  6791   0015DE  AEDF               	btfss	indf2,7,c
  6792   0015E0  EFF4  F00A         	goto	i2u214_41
  6793   0015E4  EFF6  F00A         	goto	i2u214_40
  6794   0015E8                     i2u214_41:
  6795   0015E8  EF15  F00B         	goto	i2l530
  6796   0015EC                     i2u214_40:
  6797   0015EC                     
  6798                           ; BSR set to: 4
  6799   0015EC  C030  FFD9         	movff	USBStdGetStatusHandler@p,fsr2l
  6800   0015F0  C031  FFDA         	movff	USBStdGetStatusHandler@p+1,fsr2h
  6801   0015F4  A4DF               	btfss	indf2,2,c
  6802   0015F6  EFFF  F00A         	goto	i2u215_41
  6803   0015FA  EF01  F00B         	goto	i2u215_40
  6804   0015FE                     i2u215_41:
  6805   0015FE  EF15  F00B         	goto	i2l530
  6806   001602                     i2u215_40:
  6807   001602                     
  6808                           ; BSR set to: 4
  6809                           ;usb_device.c: 2178:                 {;usb_device.c: 2179:                     CtrlTrfDa
      +                          ta[0]=0x01;
  6810   001602  0E01               	movlw	1
  6811   001604  6F28               	movwf	40,b	;volatile
  6812   001606  EF15  F00B         	goto	i2l530
  6813   00160A                     i2l3496:
  6814                           
  6815                           ; BSR set to: 4
  6816   00160A  5120               	movf	32,w,b	;volatile
  6817   00160C  0B1F               	andlw	31
  6818                           
  6819                           ; Switch size 1, requested type "simple"
  6820                           ; Number of cases is 3, Range of values is 0 to 2
  6821                           ; switch strategies available:
  6822                           ; Name         Instructions Cycles
  6823                           ; simple_byte           10     6 (average)
  6824                           ;	Chosen strategy is simple_byte
  6825   00160E  0A00               	xorlw	0	; case 0
  6826   001610  B4D8               	btfsc	status,2,c
  6827   001612  EFB2  F00A         	goto	i2l527
  6828   001616  0A01               	xorlw	1	; case 1
  6829   001618  B4D8               	btfsc	status,2,c
  6830   00161A  EFBE  F00A         	goto	i2l531
  6831   00161E  0A03               	xorlw	3	; case 2
  6832   001620  B4D8               	btfsc	status,2,c
  6833   001622  EFC1  F00A         	goto	i2l532
  6834   001626  EF15  F00B         	goto	i2l530
  6835   00162A                     i2l530:
  6836                           
  6837                           ; BSR set to: 4
  6838                           ;usb_device.c: 2185:     if(inPipes[0].info.bits.busy == 1)
  6839   00162A  AE0A               	btfss	(_inPipes+2)^0,7,c	;volatile
  6840   00162C  EF1A  F00B         	goto	i2u216_41
  6841   001630  EF1C  F00B         	goto	i2u216_40
  6842   001634                     i2u216_41:
  6843   001634  EF23  F00B         	goto	i2l538
  6844   001638                     i2u216_40:
  6845   001638                     
  6846                           ; BSR set to: 4
  6847                           ;usb_device.c: 2186:     {;usb_device.c: 2187:         inPipes[0].pSrc.bRam = (uint8_t*)
      +                          &CtrlTrfData;
  6848   001638  0E28               	movlw	40
  6849   00163A  6E08               	movwf	_inPipes^0,c	;volatile
  6850   00163C  0E04               	movlw	4
  6851   00163E  6E09               	movwf	(_inPipes+1)^0,c	;volatile
  6852   001640                     
  6853                           ; BSR set to: 4
  6854                           ;usb_device.c: 2188:         inPipes[0].info.bits.ctrl_trf_mem = 0x01;
  6855   001640  800A               	bsf	(_inPipes+2)^0,0,c	;volatile
  6856   001642                     
  6857                           ; BSR set to: 4
  6858                           ;usb_device.c: 2189:         inPipes[0].wCount.v[0] = 2;
  6859   001642  0E02               	movlw	2
  6860   001644  6E0B               	movwf	(_inPipes+3)^0,c	;volatile
  6861   001646                     i2l538:
  6862                           
  6863                           ; BSR set to: 4
  6864   001646  0012               	return		;funcret
  6865   001648                     __end_of_USBStdGetStatusHandler:
  6866                           	callstack 0
  6867                           
  6868 ;; *************** function _USBStdGetDscHandler *****************
  6869 ;; Defined at:
  6870 ;;		line 2047 in file "usb_device.c"
  6871 ;; Parameters:    Size  Location     Type
  6872 ;;		None
  6873 ;; Auto vars:     Size  Location     Type
  6874 ;;		None
  6875 ;; Return value:  Size  Location     Type
  6876 ;;                  1    wreg      void 
  6877 ;; Registers used:
  6878 ;;		wreg, fsr1l, fsr1h, status,2, status,0, tblptrl, tblptrh, tblptru, prodl, prodh
  6879 ;; Tracked objects:
  6880 ;;		On entry : 0/0
  6881 ;;		On exit  : 0/0
  6882 ;;		Unchanged: 0/0
  6883 ;; Data sizes:     COMRAM   BANK0   BANK1   BANK2   BANK3  BANK4h   BANK5   BANK6   BANK7
  6884 ;;      Params:         0       0       0       0       0       0       0       0       0
  6885 ;;      Locals:         0       0       0       0       0       0       0       0       0
  6886 ;;      Temps:          2       0       0       0       0       0       0       0       0
  6887 ;;      Totals:         2       0       0       0       0       0       0       0       0
  6888 ;;Total ram usage:        2 bytes
  6889 ;; Hardware stack levels used: 1
  6890 ;; This function calls:
  6891 ;;		Nothing
  6892 ;; This function is called by:
  6893 ;;		_USBCheckStdRequest
  6894 ;; This function uses a non-reentrant model
  6895 ;;
  6896                           
  6897                           	psect	text29
  6898   000A32                     __ptext29:
  6899                           	callstack 0
  6900   000A32                     _USBStdGetDscHandler:
  6901                           	callstack 22
  6902   000A32                     
  6903                           ;usb_device.c: 2049:     if(SetupPkt.bmRequestType == 0x80)
  6904   000A32  0E80               	movlw	128
  6905   000A34  0104               	movlb	4	; () banked
  6906   000A36  1920               	xorwf	32,w,b	;volatile
  6907   000A38  A4D8               	btfss	status,2,c
  6908   000A3A  EF21  F005         	goto	i2u205_41
  6909   000A3E  EF23  F005         	goto	i2u205_40
  6910   000A42                     i2u205_41:
  6911   000A42  EFBB  F005         	goto	i2l523
  6912   000A46                     i2u205_40:
  6913   000A46                     
  6914                           ; BSR set to: 4
  6915                           ;usb_device.c: 2050:     {;usb_device.c: 2051:         inPipes[0].info.Val = 0x00 | 0x80
      +                           | 0x40;
  6916   000A46  0EC0               	movlw	192
  6917   000A48  6E0A               	movwf	(_inPipes+2)^0,c	;volatile
  6918                           
  6919                           ;usb_device.c: 2053:         switch(SetupPkt.bDescriptorType)
  6920   000A4A  EFAC  F005         	goto	i2l3470
  6921   000A4E                     i2l3450:
  6922                           
  6923                           ; BSR set to: 4
  6924                           ;usb_device.c: 2057:                     inPipes[0].pSrc.bRom = (const uint8_t*)&device_
      +                          dsc;
  6925   000A4E  0E29               	movlw	low _device_dsc
  6926   000A50  6E08               	movwf	_inPipes^0,c	;volatile
  6927   000A52  0E7D               	movlw	high _device_dsc
  6928   000A54  6E09               	movwf	(_inPipes+1)^0,c	;volatile
  6929   000A56                     
  6930                           ; BSR set to: 4
  6931                           ;usb_device.c: 2061:                 inPipes[0].wCount.Val = sizeof(device_dsc);
  6932   000A56  0E00               	movlw	0
  6933   000A58  6E0C               	movwf	(_inPipes+4)^0,c	;volatile
  6934   000A5A  0E12               	movlw	18
  6935   000A5C  6E0B               	movwf	(_inPipes+3)^0,c	;volatile
  6936                           
  6937                           ;usb_device.c: 2062:                 break;
  6938   000A5E  EFBB  F005         	goto	i2l523
  6939   000A62                     i2l3454:
  6940                           
  6941                           ; BSR set to: 4
  6942                           ;usb_device.c: 2067:                 if(SetupPkt.bDscIndex < 1)
  6943   000A62  5122               	movf	34,w,b	;volatile
  6944   000A64  A4D8               	btfss	status,2,c
  6945   000A66  EF37  F005         	goto	i2u206_41
  6946   000A6A  EF39  F005         	goto	i2u206_40
  6947   000A6E                     i2u206_41:
  6948   000A6E  EF77  F005         	goto	i2l517
  6949   000A72                     i2u206_40:
  6950   000A72                     
  6951                           ; BSR set to: 4
  6952                           ;usb_device.c: 2068:                 {;usb_device.c: 2070:                         inPip
      +                          es[0].pSrc.bRom = *(USB_CD_Ptr+SetupPkt.bDscIndex);
  6953   000A72  5122               	movf	34,w,b	;volatile
  6954   000A74  0D02               	mullw	2
  6955   000A76  0E6F               	movlw	low _USB_CD_Ptr
  6956   000A78  24F3               	addwf	243,w,c
  6957   000A7A  6EF6               	movwf	tblptrl,c
  6958   000A7C  0E7C               	movlw	high _USB_CD_Ptr
  6959   000A7E  20F4               	addwfc	244,w,c
  6960   000A80  6EF7               	movwf	tblptrh,c
  6961   000A82                     	if	0	;There are less than 3 active tblptr bytes
  6962   000A82                     	endif
  6963   000A82  0009               	tblrd		*+
  6964   000A84  CFF5 F008          	movff	tablat,_inPipes	;volatile
  6965   000A88  000A               	tblrd		*-
  6966   000A8A  CFF5 F009          	movff	tablat,_inPipes+1	;volatile
  6967   000A8E                     
  6968                           ; BSR set to: 4
  6969                           ;usb_device.c: 2078:                     inPipes[0].wCount.byte.LB = *(inPipes[0].pSrc.b
      +                          Rom+2);
  6970   000A8E  0E02               	movlw	2
  6971   000A90  2408               	addwf	_inPipes^0,w,c	;volatile
  6972   000A92  6E30               	movwf	??_USBStdGetDscHandler^0,c
  6973   000A94  0E00               	movlw	0
  6974   000A96  2009               	addwfc	(_inPipes+1)^0,w,c	;volatile
  6975   000A98  6E31               	movwf	(??_USBStdGetDscHandler+1)^0,c
  6976   000A9A  C030  FFF6         	movff	??_USBStdGetDscHandler,tblptrl
  6977   000A9E  C031  FFF7         	movff	??_USBStdGetDscHandler+1,tblptrh
  6978   000AA2  6AF8               	clrf	tblptru,c
  6979   000AA4  0E07               	movlw	(high __ramtop+-1)
  6980   000AA6  64F7               	cpfsgt	tblptrh,c
  6981   000AA8  D003               	bra	i2u207_47
  6982   000AAA  0008               	tblrd		*
  6983   000AAC  50F5               	movf	tablat,w,c
  6984   000AAE  D005               	bra	i2u207_40
  6985   000AB0                     i2u207_47:
  6986   000AB0  CFF6 FFE1          	movff	tblptrl,fsr1l
  6987   000AB4  CFF7 FFE2          	movff	tblptrh,fsr1h
  6988   000AB8  50E7               	movf	indf1,w,c
  6989   000ABA                     i2u207_40:
  6990   000ABA  6E0B               	movwf	(_inPipes+3)^0,c	;volatile
  6991   000ABC                     
  6992                           ;usb_device.c: 2079:                     inPipes[0].wCount.byte.HB = *(inPipes[0].pSrc.b
      +                          Rom+3);
  6993   000ABC  0E03               	movlw	3
  6994   000ABE  2408               	addwf	_inPipes^0,w,c	;volatile
  6995   000AC0  6E30               	movwf	??_USBStdGetDscHandler^0,c
  6996   000AC2  0E00               	movlw	0
  6997   000AC4  2009               	addwfc	(_inPipes+1)^0,w,c	;volatile
  6998   000AC6  6E31               	movwf	(??_USBStdGetDscHandler+1)^0,c
  6999   000AC8  C030  FFF6         	movff	??_USBStdGetDscHandler,tblptrl
  7000   000ACC  C031  FFF7         	movff	??_USBStdGetDscHandler+1,tblptrh
  7001   000AD0  6AF8               	clrf	tblptru,c
  7002   000AD2  0E07               	movlw	(high __ramtop+-1)
  7003   000AD4  64F7               	cpfsgt	tblptrh,c
  7004   000AD6  D003               	bra	i2u208_47
  7005   000AD8  0008               	tblrd		*
  7006   000ADA  50F5               	movf	tablat,w,c
  7007   000ADC  D005               	bra	i2u208_40
  7008   000ADE                     i2u208_47:
  7009   000ADE  CFF6 FFE1          	movff	tblptrl,fsr1l
  7010   000AE2  CFF7 FFE2          	movff	tblptrh,fsr1h
  7011   000AE6  50E7               	movf	indf1,w,c
  7012   000AE8                     i2u208_40:
  7013   000AE8  6E0C               	movwf	(_inPipes+4)^0,c	;volatile
  7014                           
  7015                           ;usb_device.c: 2080:                 }
  7016   000AEA  EFBB  F005         	goto	i2l523
  7017   000AEE                     i2l517:
  7018                           
  7019                           ; BSR set to: 4
  7020                           ;usb_device.c: 2082:     {;usb_device.c: 2083:      inPipes[0].info.Val = 0;
  7021   000AEE  6A0A               	clrf	(_inPipes+2)^0,c	;volatile
  7022   000AF0  EFBB  F005         	goto	i2l523
  7023   000AF4                     i2l3462:
  7024                           
  7025                           ; BSR set to: 4
  7026                           ;usb_device.c: 2090:                 if(SetupPkt.bDscIndex<3)
  7027   000AF4  0E03               	movlw	3
  7028   000AF6  6122               	cpfslt	34,b	;volatile
  7029   000AF8  EF80  F005         	goto	i2u209_41
  7030   000AFC  EF82  F005         	goto	i2u209_40
  7031   000B00                     i2u209_41:
  7032   000B00  EFA6  F005         	goto	i2l520
  7033   000B04                     i2u209_40:
  7034   000B04                     
  7035                           ; BSR set to: 4
  7036                           ;usb_device.c: 2091:                 {;usb_device.c: 2093:                     inPipes[0
      +                          ].pSrc.bRom = *(USB_SD_Ptr+SetupPkt.bDscIndex);
  7037   000B04  5122               	movf	34,w,b	;volatile
  7038   000B06  0D02               	mullw	2
  7039   000B08  0E69               	movlw	low _USB_SD_Ptr
  7040   000B0A  24F3               	addwf	243,w,c
  7041   000B0C  6EF6               	movwf	tblptrl,c
  7042   000B0E  0E7C               	movlw	high _USB_SD_Ptr
  7043   000B10  20F4               	addwfc	244,w,c
  7044   000B12  6EF7               	movwf	tblptrh,c
  7045   000B14                     	if	0	;There are less than 3 active tblptr bytes
  7046   000B14                     	endif
  7047   000B14  0009               	tblrd		*+
  7048   000B16  CFF5 F008          	movff	tablat,_inPipes	;volatile
  7049   000B1A  000A               	tblrd		*-
  7050   000B1C  CFF5 F009          	movff	tablat,_inPipes+1	;volatile
  7051   000B20                     
  7052                           ; BSR set to: 4
  7053                           ;usb_device.c: 2095:                     inPipes[0].wCount.Val = *inPipes[0].pSrc.bRom;
  7054   000B20  C008  FFF6         	movff	_inPipes,tblptrl	;volatile
  7055   000B24  C009  FFF7         	movff	_inPipes+1,tblptrh	;volatile
  7056   000B28  6AF8               	clrf	tblptru,c
  7057   000B2A  0E07               	movlw	(high __ramtop+-1)
  7058   000B2C  64F7               	cpfsgt	tblptrh,c
  7059   000B2E  D003               	bra	i2u210_47
  7060   000B30  0008               	tblrd		*
  7061   000B32  50F5               	movf	tablat,w,c
  7062   000B34  D005               	bra	i2u210_40
  7063   000B36                     i2u210_47:
  7064   000B36  CFF6 FFE1          	movff	tblptrl,fsr1l
  7065   000B3A  CFF7 FFE2          	movff	tblptrh,fsr1h
  7066   000B3E  50E7               	movf	indf1,w,c
  7067   000B40                     i2u210_40:
  7068   000B40  6E30               	movwf	??_USBStdGetDscHandler^0,c
  7069   000B42  5030               	movf	??_USBStdGetDscHandler^0,w,c
  7070   000B44  6E0B               	movwf	(_inPipes+3)^0,c	;volatile
  7071   000B46  6A0C               	clrf	(_inPipes+4)^0,c	;volatile
  7072                           
  7073                           ;usb_device.c: 2096:                 }
  7074   000B48  EFBB  F005         	goto	i2l523
  7075   000B4C                     i2l520:
  7076                           
  7077                           ; BSR set to: 4
  7078                           ;usb_device.c: 2107:                 {;usb_device.c: 2108:                     inPipes[0
      +                          ].info.Val = 0;
  7079   000B4C  6A0A               	clrf	(_inPipes+2)^0,c	;volatile
  7080   000B4E  EFBB  F005         	goto	i2l523
  7081   000B52                     i2l522:
  7082                           
  7083                           ; BSR set to: 4
  7084                           ;usb_device.c: 2112:                 inPipes[0].info.Val = 0;
  7085   000B52  6A0A               	clrf	(_inPipes+2)^0,c	;volatile
  7086                           
  7087                           ;usb_device.c: 2113:                 break;
  7088   000B54  EFBB  F005         	goto	i2l523
  7089   000B58                     i2l3470:
  7090                           
  7091                           ; BSR set to: 4
  7092   000B58  5123               	movf	35,w,b	;volatile
  7093                           
  7094                           ; Switch size 1, requested type "simple"
  7095                           ; Number of cases is 3, Range of values is 1 to 3
  7096                           ; switch strategies available:
  7097                           ; Name         Instructions Cycles
  7098                           ; simple_byte           10     6 (average)
  7099                           ;	Chosen strategy is simple_byte
  7100   000B5A  0A01               	xorlw	1	; case 1
  7101   000B5C  B4D8               	btfsc	status,2,c
  7102   000B5E  EF27  F005         	goto	i2l3450
  7103   000B62  0A03               	xorlw	3	; case 2
  7104   000B64  B4D8               	btfsc	status,2,c
  7105   000B66  EF31  F005         	goto	i2l3454
  7106   000B6A  0A01               	xorlw	1	; case 3
  7107   000B6C  B4D8               	btfsc	status,2,c
  7108   000B6E  EF7A  F005         	goto	i2l3462
  7109   000B72  EFA9  F005         	goto	i2l522
  7110   000B76                     i2l523:
  7111   000B76  0012               	return		;funcret
  7112   000B78                     __end_of_USBStdGetDscHandler:
  7113                           	callstack 0
  7114                           
  7115 ;; *************** function _USBStdFeatureReqHandler *****************
  7116 ;; Defined at:
  7117 ;;		line 2761 in file "usb_device.c"
  7118 ;; Parameters:    Size  Location     Type
  7119 ;;		None
  7120 ;; Auto vars:     Size  Location     Type
  7121 ;;  p               2   27[COMRAM] PTR struct __BDT
  7122 ;;		 -> RAM(2047), BDT(32), NULL(0), 
  7123 ;;  pUEP            2   24[COMRAM] PTR unsigned char 
  7124 ;;		 -> UEP0(1), 
  7125 ;;  current_ep_d    1   26[COMRAM] struct .
  7126 ;; Return value:  Size  Location     Type
  7127 ;;                  1    wreg      void 
  7128 ;; Registers used:
  7129 ;;		wreg, fsr2l, fsr2h, status,2, status,0, prodl, prodh, cstack
  7130 ;; Tracked objects:
  7131 ;;		On entry : 0/0
  7132 ;;		On exit  : 0/0
  7133 ;;		Unchanged: 0/0
  7134 ;; Data sizes:     COMRAM   BANK0   BANK1   BANK2   BANK3  BANK4h   BANK5   BANK6   BANK7
  7135 ;;      Params:         0       0       0       0       0       0       0       0       0
  7136 ;;      Locals:         5       0       0       0       0       0       0       0       0
  7137 ;;      Temps:          2       0       0       0       0       0       0       0       0
  7138 ;;      Totals:         7       0       0       0       0       0       0       0       0
  7139 ;;Total ram usage:        7 bytes
  7140 ;; Hardware stack levels used: 1
  7141 ;; Hardware stack levels required when called: 4
  7142 ;; This function calls:
  7143 ;;		_USER_USB_CALLBACK_EVENT_HANDLER
  7144 ;; This function is called by:
  7145 ;;		_USBCheckStdRequest
  7146 ;; This function uses a non-reentrant model
  7147 ;;
  7148                           
  7149                           	psect	text30
  7150   000012                     __ptext30:
  7151                           	callstack 0
  7152   000012                     _USBStdFeatureReqHandler:
  7153                           	callstack 18
  7154   000012                     
  7155                           ;usb_device.c: 2763:     BDT_ENTRY *p;;usb_device.c: 2764:     EP_STATUS current_ep_data
      +                          ;;usb_device.c: 2768:         unsigned char* pUEP;;usb_device.c: 2772:     if((SetupPkt.
      +                          bFeature == 1)&&
  7156   000012  0104               	movlb	4	; () banked
  7157   000014  0522               	decf	34,w,b	;volatile
  7158   000016  A4D8               	btfss	status,2,c
  7159   000018  EF10  F000         	goto	i2u217_41
  7160   00001C  EF12  F000         	goto	i2u217_40
  7161   000020                     i2u217_41:
  7162   000020  EF2B  F000         	goto	i2l3514
  7163   000024                     i2u217_40:
  7164   000024                     
  7165                           ; BSR set to: 4
  7166   000024  5120               	movf	32,w,b	;volatile
  7167   000026  0B1F               	andlw	31
  7168   000028  0900               	iorlw	0
  7169   00002A  A4D8               	btfss	status,2,c
  7170   00002C  EF1A  F000         	goto	i2u218_41
  7171   000030  EF1C  F000         	goto	i2u218_40
  7172   000034                     i2u218_41:
  7173   000034  EF2B  F000         	goto	i2l3514
  7174   000038                     i2u218_40:
  7175   000038                     
  7176                           ; BSR set to: 4
  7177                           ;usb_device.c: 2774:     {;usb_device.c: 2775:         inPipes[0].info.bits.busy = 1;
  7178   000038  8E0A               	bsf	(_inPipes+2)^0,7,c	;volatile
  7179   00003A                     
  7180                           ; BSR set to: 4
  7181                           ;usb_device.c: 2776:         if(SetupPkt.bRequest == 3)
  7182   00003A  0E03               	movlw	3
  7183   00003C  1921               	xorwf	33,w,b	;volatile
  7184   00003E  A4D8               	btfss	status,2,c
  7185   000040  EF24  F000         	goto	i2u219_41
  7186   000044  EF26  F000         	goto	i2u219_40
  7187   000048                     i2u219_41:
  7188   000048  EF2A  F000         	goto	i2l606
  7189   00004C                     i2u219_40:
  7190   00004C                     
  7191                           ; BSR set to: 4
  7192                           ;usb_device.c: 2777:             RemoteWakeup = 1;
  7193   00004C  0E01               	movlw	1
  7194   00004E  6E29               	movwf	_RemoteWakeup^0,c	;volatile
  7195   000050  EF2B  F000         	goto	i2l3514
  7196   000054                     i2l606:
  7197                           
  7198                           ; BSR set to: 4
  7199                           ;usb_device.c: 2779:             RemoteWakeup = 0;
  7200   000054  6A29               	clrf	_RemoteWakeup^0,c	;volatile
  7201   000056                     i2l3514:
  7202                           
  7203                           ; BSR set to: 4
  7204                           ;usb_device.c: 2783:     if((SetupPkt.bFeature == 0)&&
  7205   000056  5122               	movf	34,w,b	;volatile
  7206   000058  A4D8               	btfss	status,2,c
  7207   00005A  EF31  F000         	goto	i2u220_41
  7208   00005E  EF33  F000         	goto	i2u220_40
  7209   000062                     i2u220_41:
  7210   000062  EF8B  F001         	goto	i2l628
  7211   000066                     i2u220_40:
  7212   000066                     
  7213                           ; BSR set to: 4
  7214   000066  5120               	movf	32,w,b	;volatile
  7215   000068  0B1F               	andlw	31
  7216   00006A  0A02               	xorlw	2
  7217   00006C  A4D8               	btfss	status,2,c
  7218   00006E  EF3B  F000         	goto	i2u221_41
  7219   000072  EF3D  F000         	goto	i2u221_40
  7220   000076                     i2u221_41:
  7221   000076  EF8B  F001         	goto	i2l628
  7222   00007A                     i2u221_40:
  7223   00007A                     
  7224                           ; BSR set to: 4
  7225   00007A  5124               	movf	36,w,b	;volatile
  7226   00007C  0B0F               	andlw	15
  7227   00007E  0900               	iorlw	0
  7228   000080  B4D8               	btfsc	status,2,c
  7229   000082  EF45  F000         	goto	i2u222_41
  7230   000086  EF47  F000         	goto	i2u222_40
  7231   00008A                     i2u222_41:
  7232   00008A  EF8B  F001         	goto	i2l628
  7233   00008E                     i2u222_40:
  7234   00008E                     
  7235                           ; BSR set to: 4
  7236   00008E  5124               	movf	36,w,b	;volatile
  7237   000090  0B0F               	andlw	15
  7238   000092  6E46               	movwf	??_USBStdFeatureReqHandler^0,c
  7239   000094  0E02               	movlw	2
  7240   000096  6046               	cpfslt	??_USBStdFeatureReqHandler^0,c
  7241   000098  EF50  F000         	goto	i2u223_41
  7242   00009C  EF52  F000         	goto	i2u223_40
  7243   0000A0                     i2u223_41:
  7244   0000A0  EF8B  F001         	goto	i2l628
  7245   0000A4                     i2u223_40:
  7246   0000A4                     
  7247                           ; BSR set to: 4
  7248   0000A4  0E20               	movlw	32
  7249   0000A6  182C               	xorwf	_USBDeviceState^0,w,c	;volatile
  7250   0000A8  A4D8               	btfss	status,2,c
  7251   0000AA  EF59  F000         	goto	i2u224_41
  7252   0000AE  EF5B  F000         	goto	i2u224_40
  7253   0000B2                     i2u224_41:
  7254   0000B2  EF8B  F001         	goto	i2l628
  7255   0000B6                     i2u224_40:
  7256   0000B6                     
  7257                           ; BSR set to: 4
  7258                           ;usb_device.c: 2787:     {;usb_device.c: 2790:   inPipes[0].info.bits.busy = 1;
  7259   0000B6  8E0A               	bsf	(_inPipes+2)^0,7,c	;volatile
  7260                           
  7261                           ;usb_device.c: 2793:         if(SetupPkt.EPDir == 0)
  7262   0000B8  BF24               	btfsc	36,7,b	;volatile
  7263   0000BA  EF61  F000         	goto	i2u225_41
  7264   0000BE  EF63  F000         	goto	i2u225_40
  7265   0000C2                     i2u225_41:
  7266   0000C2  EF79  F000         	goto	i2l3530
  7267   0000C6                     i2u225_40:
  7268   0000C6                     
  7269                           ; BSR set to: 4
  7270                           ;usb_device.c: 2794:         {;usb_device.c: 2795:             p = (BDT_ENTRY*)pBDTEntry
      +                          Out[SetupPkt.EPNum];
  7271   0000C6  5124               	movf	36,w,b	;volatile
  7272   0000C8  0B0F               	andlw	15
  7273   0000CA  0D02               	mullw	2
  7274   0000CC  50F3               	movf	243,w,c
  7275   0000CE  0F11               	addlw	low _pBDTEntryOut
  7276   0000D0  6ED9               	movwf	fsr2l,c
  7277   0000D2  6ADA               	clrf	fsr2h,c
  7278   0000D4  CFDE F04B          	movff	postinc2,USBStdFeatureReqHandler@p
  7279   0000D8  CFDD F04C          	movff	postdec2,USBStdFeatureReqHandler@p+1
  7280   0000DC                     
  7281                           ; BSR set to: 4
  7282                           ;usb_device.c: 2796:             current_ep_data.Val = ep_data_out[SetupPkt.EPNum].Val;
  7283   0000DC  5124               	movf	36,w,b	;volatile
  7284   0000DE  0B0F               	andlw	15
  7285   0000E0  6E46               	movwf	??_USBStdFeatureReqHandler^0,c
  7286   0000E2  5046               	movf	??_USBStdFeatureReqHandler^0,w,c
  7287   0000E4  0F15               	addlw	low _ep_data_out
  7288   0000E6  6ED9               	movwf	fsr2l,c
  7289   0000E8  6ADA               	clrf	fsr2h,c
  7290   0000EA  50DF               	movf	indf2,w,c
  7291   0000EC  6E4A               	movwf	USBStdFeatureReqHandler@current_ep_data^0,c
  7292                           
  7293                           ;usb_device.c: 2797:         }
  7294   0000EE  EF8D  F000         	goto	i2l3534
  7295   0000F2                     i2l3530:
  7296                           
  7297                           ; BSR set to: 4
  7298                           ;usb_device.c: 2799:         {;usb_device.c: 2800:             p = (BDT_ENTRY*)pBDTEntry
      +                          In[SetupPkt.EPNum];
  7299   0000F2  5124               	movf	36,w,b	;volatile
  7300   0000F4  0B0F               	andlw	15
  7301   0000F6  0D02               	mullw	2
  7302   0000F8  50F3               	movf	243,w,c
  7303   0000FA  0F0D               	addlw	low _pBDTEntryIn
  7304   0000FC  6ED9               	movwf	fsr2l,c
  7305   0000FE  6ADA               	clrf	fsr2h,c
  7306   000100  CFDE F04B          	movff	postinc2,USBStdFeatureReqHandler@p
  7307   000104  CFDD F04C          	movff	postdec2,USBStdFeatureReqHandler@p+1
  7308   000108                     
  7309                           ; BSR set to: 4
  7310                           ;usb_device.c: 2801:             current_ep_data.Val = ep_data_in[SetupPkt.EPNum].Val;
  7311   000108  5124               	movf	36,w,b	;volatile
  7312   00010A  0B0F               	andlw	15
  7313   00010C  6E46               	movwf	??_USBStdFeatureReqHandler^0,c
  7314   00010E  5046               	movf	??_USBStdFeatureReqHandler^0,w,c
  7315   000110  0F17               	addlw	low _ep_data_in
  7316   000112  6ED9               	movwf	fsr2l,c
  7317   000114  6ADA               	clrf	fsr2h,c
  7318   000116  50DF               	movf	indf2,w,c
  7319   000118  6E4A               	movwf	USBStdFeatureReqHandler@current_ep_data^0,c
  7320   00011A                     i2l3534:
  7321                           
  7322                           ; BSR set to: 4
  7323                           ;usb_device.c: 2808:             if(current_ep_data.bits.ping_pong_state == 0)
  7324   00011A  B04A               	btfsc	USBStdFeatureReqHandler@current_ep_data^0,0,c
  7325   00011C  EF92  F000         	goto	i2u226_41
  7326   000120  EF94  F000         	goto	i2u226_40
  7327   000124                     i2u226_41:
  7328   000124  EF9C  F000         	goto	i2l3538
  7329   000128                     i2u226_40:
  7330   000128                     
  7331                           ; BSR set to: 4
  7332                           ;usb_device.c: 2809:             {;usb_device.c: 2810:                 p = (BDT_ENTRY*)(
      +                          ((uint16_t)p) & (~0x0004));
  7333   000128  0EFB               	movlw	251
  7334   00012A  144B               	andwf	USBStdFeatureReqHandler@p^0,w,c
  7335   00012C  6E4B               	movwf	USBStdFeatureReqHandler@p^0,c
  7336   00012E  0EFF               	movlw	255
  7337   000130  144C               	andwf	(USBStdFeatureReqHandler@p+1)^0,w,c
  7338   000132  6E4C               	movwf	(USBStdFeatureReqHandler@p+1)^0,c
  7339                           
  7340                           ;usb_device.c: 2811:             }
  7341   000134  EFA1  F000         	goto	i2l3540
  7342   000138                     i2l3538:
  7343                           
  7344                           ; BSR set to: 4
  7345                           ;usb_device.c: 2813:             {;usb_device.c: 2814:                 p = (BDT_ENTRY*)(
      +                          ((uint16_t)p) | 0x0004);
  7346   000138  0E04               	movlw	4
  7347   00013A  104B               	iorwf	USBStdFeatureReqHandler@p^0,w,c
  7348   00013C  6E4B               	movwf	USBStdFeatureReqHandler@p^0,c
  7349   00013E  504C               	movf	(USBStdFeatureReqHandler@p+1)^0,w,c
  7350   000140  6E4C               	movwf	(USBStdFeatureReqHandler@p+1)^0,c
  7351   000142                     i2l3540:
  7352                           
  7353                           ; BSR set to: 4
  7354                           ;usb_device.c: 2820:         if(SetupPkt.EPDir == 0)
  7355   000142  BF24               	btfsc	36,7,b	;volatile
  7356   000144  EFA6  F000         	goto	i2u227_41
  7357   000148  EFA8  F000         	goto	i2u227_40
  7358   00014C                     i2u227_41:
  7359   00014C  EFB5  F000         	goto	i2l3544
  7360   000150                     i2u227_40:
  7361   000150                     
  7362                           ; BSR set to: 4
  7363                           ;usb_device.c: 2821:         {;usb_device.c: 2822:             pBDTEntryOut[SetupPkt.EPN
      +                          um] = (volatile BDT_ENTRY *)p;
  7364   000150  5124               	movf	36,w,b	;volatile
  7365   000152  0B0F               	andlw	15
  7366   000154  0D02               	mullw	2
  7367   000156  50F3               	movf	243,w,c
  7368   000158  0F11               	addlw	low _pBDTEntryOut
  7369   00015A  6ED9               	movwf	fsr2l,c
  7370   00015C  6ADA               	clrf	fsr2h,c
  7371   00015E  C04B  FFDE         	movff	USBStdFeatureReqHandler@p,postinc2
  7372   000162  C04C  FFDD         	movff	USBStdFeatureReqHandler@p+1,postdec2
  7373                           
  7374                           ;usb_device.c: 2823:         }
  7375   000166  EFC0  F000         	goto	i2l3546
  7376   00016A                     i2l3544:
  7377                           
  7378                           ; BSR set to: 4
  7379                           ;usb_device.c: 2825:         {;usb_device.c: 2826:             pBDTEntryIn[SetupPkt.EPNu
      +                          m] = (volatile BDT_ENTRY *)p;
  7380   00016A  5124               	movf	36,w,b	;volatile
  7381   00016C  0B0F               	andlw	15
  7382   00016E  0D02               	mullw	2
  7383   000170  50F3               	movf	243,w,c
  7384   000172  0F0D               	addlw	low _pBDTEntryIn
  7385   000174  6ED9               	movwf	fsr2l,c
  7386   000176  6ADA               	clrf	fsr2h,c
  7387   000178  C04B  FFDE         	movff	USBStdFeatureReqHandler@p,postinc2
  7388   00017C  C04C  FFDD         	movff	USBStdFeatureReqHandler@p+1,postdec2
  7389   000180                     i2l3546:
  7390                           
  7391                           ; BSR set to: 4
  7392                           ;usb_device.c: 2830:         if(SetupPkt.bRequest == 3)
  7393   000180  0E03               	movlw	3
  7394   000182  1921               	xorwf	33,w,b	;volatile
  7395   000184  A4D8               	btfss	status,2,c
  7396   000186  EFC7  F000         	goto	i2u228_41
  7397   00018A  EFC9  F000         	goto	i2u228_40
  7398   00018E                     i2u228_41:
  7399   00018E  EFFB  F000         	goto	i2l3556
  7400   000192                     i2u228_40:
  7401   000192                     
  7402                           ; BSR set to: 4
  7403                           ;usb_device.c: 2831:         {;usb_device.c: 2832:             if(p->STAT.UOWN == 1)
  7404   000192  C04B  FFD9         	movff	USBStdFeatureReqHandler@p,fsr2l
  7405   000196  C04C  FFDA         	movff	USBStdFeatureReqHandler@p+1,fsr2h
  7406   00019A  AEDF               	btfss	indf2,7,c
  7407   00019C  EFD2  F000         	goto	i2u229_41
  7408   0001A0  EFD4  F000         	goto	i2u229_40
  7409   0001A4                     i2u229_41:
  7410   0001A4  EFED  F000         	goto	i2l616
  7411   0001A8                     i2u229_40:
  7412   0001A8                     
  7413                           ; BSR set to: 4
  7414                           ;usb_device.c: 2833:             {;usb_device.c: 2836:                 if(SetupPkt.EPDir
      +                           == 0)
  7415   0001A8  BF24               	btfsc	36,7,b	;volatile
  7416   0001AA  EFD9  F000         	goto	i2u230_41
  7417   0001AE  EFDB  F000         	goto	i2u230_40
  7418   0001B2                     i2u230_41:
  7419   0001B2  EFE5  F000         	goto	i2l3554
  7420   0001B6                     i2u230_40:
  7421   0001B6                     
  7422                           ; BSR set to: 4
  7423                           ;usb_device.c: 2837:                 {;usb_device.c: 2838:                     ep_data_o
      +                          ut[SetupPkt.EPNum].bits.transfer_terminated = 1;
  7424   0001B6  5124               	movf	36,w,b	;volatile
  7425   0001B8  0B0F               	andlw	15
  7426   0001BA  6E46               	movwf	??_USBStdFeatureReqHandler^0,c
  7427   0001BC  5046               	movf	??_USBStdFeatureReqHandler^0,w,c
  7428   0001BE  0F15               	addlw	low _ep_data_out
  7429   0001C0  6ED9               	movwf	fsr2l,c
  7430   0001C2  6ADA               	clrf	fsr2h,c
  7431   0001C4  82DF               	bsf	indf2,1,c
  7432                           
  7433                           ;usb_device.c: 2839:                 }
  7434   0001C6  EFED  F000         	goto	i2l616
  7435   0001CA                     i2l3554:
  7436                           
  7437                           ; BSR set to: 4
  7438                           ;usb_device.c: 2841:                 {;usb_device.c: 2842:                     ep_data_i
      +                          n[SetupPkt.EPNum].bits.transfer_terminated = 1;
  7439   0001CA  5124               	movf	36,w,b	;volatile
  7440   0001CC  0B0F               	andlw	15
  7441   0001CE  6E46               	movwf	??_USBStdFeatureReqHandler^0,c
  7442   0001D0  5046               	movf	??_USBStdFeatureReqHandler^0,w,c
  7443   0001D2  0F17               	addlw	low _ep_data_in
  7444   0001D4  6ED9               	movwf	fsr2l,c
  7445   0001D6  6ADA               	clrf	fsr2h,c
  7446   0001D8  82DF               	bsf	indf2,1,c
  7447   0001DA                     i2l616:
  7448                           
  7449                           ; BSR set to: 4
  7450                           ;usb_device.c: 2847:             p->STAT.Val |= 0x04;
  7451   0001DA  C04B  FFD9         	movff	USBStdFeatureReqHandler@p,fsr2l
  7452   0001DE  C04C  FFDA         	movff	USBStdFeatureReqHandler@p+1,fsr2h
  7453   0001E2  0E00               	movlw	0
  7454   0001E4  84DB               	bsf	plusw2,2,c
  7455                           
  7456                           ;usb_device.c: 2848:             p->STAT.Val |= 0x80;
  7457   0001E6  C04B  FFD9         	movff	USBStdFeatureReqHandler@p,fsr2l
  7458   0001EA  C04C  FFDA         	movff	USBStdFeatureReqHandler@p+1,fsr2h
  7459   0001EE  0E00               	movlw	0
  7460   0001F0  8EDB               	bsf	plusw2,7,c
  7461                           
  7462                           ;usb_device.c: 2849:         }
  7463   0001F2  EF8B  F001         	goto	i2l628
  7464   0001F6                     i2l3556:
  7465                           
  7466                           ; BSR set to: 4
  7467                           ;usb_device.c: 2851:         {;usb_device.c: 2855:                 p = (BDT_ENTRY*)(((ui
      +                          nt16_t)p) ^ 0x0004);
  7468   0001F6  0E04               	movlw	4
  7469   0001F8  184B               	xorwf	USBStdFeatureReqHandler@p^0,w,c
  7470   0001FA  6E4B               	movwf	USBStdFeatureReqHandler@p^0,c
  7471   0001FC  504C               	movf	(USBStdFeatureReqHandler@p+1)^0,w,c
  7472   0001FE  6E4C               	movwf	(USBStdFeatureReqHandler@p+1)^0,c
  7473   000200                     
  7474                           ; BSR set to: 4
  7475                           ;usb_device.c: 2857:                 if(p->STAT.UOWN == 1)
  7476   000200  C04B  FFD9         	movff	USBStdFeatureReqHandler@p,fsr2l
  7477   000204  C04C  FFDA         	movff	USBStdFeatureReqHandler@p+1,fsr2h
  7478   000208  AEDF               	btfss	indf2,7,c
  7479   00020A  EF09  F001         	goto	i2u231_41
  7480   00020E  EF0B  F001         	goto	i2u231_40
  7481   000212                     i2u231_41:
  7482   000212  EF27  F001         	goto	i2l3566
  7483   000216                     i2u231_40:
  7484   000216                     
  7485                           ; BSR set to: 4
  7486                           ;usb_device.c: 2858:                 {;usb_device.c: 2861:                     p->STAT.V
      +                          al &= (~0x80);
  7487   000216  C04B  FFD9         	movff	USBStdFeatureReqHandler@p,fsr2l
  7488   00021A  C04C  FFDA         	movff	USBStdFeatureReqHandler@p+1,fsr2h
  7489   00021E  0E7F               	movlw	127
  7490   000220  16DF               	andwf	indf2,f,c
  7491   000222                     
  7492                           ; BSR set to: 4
  7493                           ;usb_device.c: 2862:                     p->STAT.Val |= 0x40;
  7494   000222  C04B  FFD9         	movff	USBStdFeatureReqHandler@p,fsr2l
  7495   000226  C04C  FFDA         	movff	USBStdFeatureReqHandler@p+1,fsr2h
  7496   00022A  0E00               	movlw	0
  7497   00022C  8CDB               	bsf	plusw2,6,c
  7498   00022E                     
  7499                           ; BSR set to: 4
  7500                           ;usb_device.c: 2863:                     USER_USB_CALLBACK_EVENT_HANDLER((USB_EVENT)EVEN
      +                          T_TRANSFER_TERMINATED,p,sizeof(p));
  7501   00022E  0E00               	movlw	0
  7502   000230  6E3F               	movwf	(USER_USB_CALLBACK_EVENT_HANDLER@event+1)^0,c
  7503   000232  0E05               	movlw	5
  7504   000234  6E3E               	movwf	USER_USB_CALLBACK_EVENT_HANDLER@event^0,c
  7505   000236  C04B  F040         	movff	USBStdFeatureReqHandler@p,USER_USB_CALLBACK_EVENT_HANDLER@pdata
  7506   00023A  C04C  F041         	movff	USBStdFeatureReqHandler@p+1,USER_USB_CALLBACK_EVENT_HANDLER@pdata+1
  7507   00023E  0E00               	movlw	0
  7508   000240  6E43               	movwf	(USER_USB_CALLBACK_EVENT_HANDLER@size+1)^0,c
  7509   000242  0E02               	movlw	2
  7510   000244  6E42               	movwf	USER_USB_CALLBACK_EVENT_HANDLER@size^0,c
  7511   000246  EC04  F00C         	call	_USER_USB_CALLBACK_EVENT_HANDLER	;wreg free
  7512                           
  7513                           ;usb_device.c: 2864:                 }
  7514   00024A  EF2D  F001         	goto	i2l3568
  7515   00024E                     i2l3566:
  7516                           
  7517                           ; BSR set to: 4
  7518                           ;usb_device.c: 2866:                 {;usb_device.c: 2868:      p->STAT.Val |= 0x40;
  7519   00024E  C04B  FFD9         	movff	USBStdFeatureReqHandler@p,fsr2l
  7520   000252  C04C  FFDA         	movff	USBStdFeatureReqHandler@p+1,fsr2h
  7521   000256  0E00               	movlw	0
  7522   000258  8CDB               	bsf	plusw2,6,c
  7523   00025A                     i2l3568:
  7524                           
  7525                           ;usb_device.c: 2873:                 p = (BDT_ENTRY*)(((uint16_t)p) ^ 0x0004);
  7526   00025A  0E04               	movlw	4
  7527   00025C  184B               	xorwf	USBStdFeatureReqHandler@p^0,w,c
  7528   00025E  6E4B               	movwf	USBStdFeatureReqHandler@p^0,c
  7529   000260  504C               	movf	(USBStdFeatureReqHandler@p+1)^0,w,c
  7530   000262  6E4C               	movwf	(USBStdFeatureReqHandler@p+1)^0,c
  7531   000264                     
  7532                           ;usb_device.c: 2879:                 if((current_ep_data.bits.transfer_terminated != 0) 
      +                          || (p->STAT.UOWN == 1))
  7533   000264  B24A               	btfsc	USBStdFeatureReqHandler@current_ep_data^0,1,c
  7534   000266  EF37  F001         	goto	i2u232_41
  7535   00026A  EF39  F001         	goto	i2u232_40
  7536   00026E                     i2u232_41:
  7537   00026E  EF44  F001         	goto	i2l624
  7538   000272                     i2u232_40:
  7539   000272  C04B  FFD9         	movff	USBStdFeatureReqHandler@p,fsr2l
  7540   000276  C04C  FFDA         	movff	USBStdFeatureReqHandler@p+1,fsr2h
  7541   00027A  AEDF               	btfss	indf2,7,c
  7542   00027C  EF42  F001         	goto	i2u233_41
  7543   000280  EF44  F001         	goto	i2u233_40
  7544   000284                     i2u233_41:
  7545   000284  EF74  F001         	goto	i2l3582
  7546   000288                     i2u233_40:
  7547   000288                     i2l624:
  7548                           
  7549                           ;usb_device.c: 2880:                 {;usb_device.c: 2881:                     if(SetupP
      +                          kt.EPDir == 0)
  7550   000288  0104               	movlb	4	; () banked
  7551   00028A  BF24               	btfsc	36,7,b	;volatile
  7552   00028C  EF4A  F001         	goto	i2u234_41
  7553   000290  EF4C  F001         	goto	i2u234_40
  7554   000294                     i2u234_41:
  7555   000294  EF56  F001         	goto	i2l3576
  7556   000298                     i2u234_40:
  7557   000298                     
  7558                           ; BSR set to: 4
  7559                           ;usb_device.c: 2882:                     {;usb_device.c: 2883:                         e
      +                          p_data_out[SetupPkt.EPNum].bits.transfer_terminated = 0;
  7560   000298  5124               	movf	36,w,b	;volatile
  7561   00029A  0B0F               	andlw	15
  7562   00029C  6E46               	movwf	??_USBStdFeatureReqHandler^0,c
  7563   00029E  5046               	movf	??_USBStdFeatureReqHandler^0,w,c
  7564   0002A0  0F15               	addlw	low _ep_data_out
  7565   0002A2  6ED9               	movwf	fsr2l,c
  7566   0002A4  6ADA               	clrf	fsr2h,c
  7567   0002A6  92DF               	bcf	indf2,1,c
  7568                           
  7569                           ;usb_device.c: 2884:                     }
  7570   0002A8  EF5E  F001         	goto	i2l3578
  7571   0002AC                     i2l3576:
  7572                           
  7573                           ; BSR set to: 4
  7574                           ;usb_device.c: 2886:                     {;usb_device.c: 2887:                         e
      +                          p_data_in[SetupPkt.EPNum].bits.transfer_terminated = 0;
  7575   0002AC  5124               	movf	36,w,b	;volatile
  7576   0002AE  0B0F               	andlw	15
  7577   0002B0  6E46               	movwf	??_USBStdFeatureReqHandler^0,c
  7578   0002B2  5046               	movf	??_USBStdFeatureReqHandler^0,w,c
  7579   0002B4  0F17               	addlw	low _ep_data_in
  7580   0002B6  6ED9               	movwf	fsr2l,c
  7581   0002B8  6ADA               	clrf	fsr2h,c
  7582   0002BA  92DF               	bcf	indf2,1,c
  7583   0002BC                     i2l3578:
  7584                           
  7585                           ; BSR set to: 4
  7586                           ;usb_device.c: 2890:                     p->STAT.Val &= ~(0x80 | 0x40 | 0x04);
  7587   0002BC  C04B  FFD9         	movff	USBStdFeatureReqHandler@p,fsr2l
  7588   0002C0  C04C  FFDA         	movff	USBStdFeatureReqHandler@p+1,fsr2h
  7589   0002C4  0E3B               	movlw	59
  7590   0002C6  16DF               	andwf	indf2,f,c
  7591   0002C8                     
  7592                           ; BSR set to: 4
  7593                           ;usb_device.c: 2893:                     USER_USB_CALLBACK_EVENT_HANDLER((USB_EVENT)EVEN
      +                          T_TRANSFER_TERMINATED,p,sizeof(p));
  7594   0002C8  0E00               	movlw	0
  7595   0002CA  6E3F               	movwf	(USER_USB_CALLBACK_EVENT_HANDLER@event+1)^0,c
  7596   0002CC  0E05               	movlw	5
  7597   0002CE  6E3E               	movwf	USER_USB_CALLBACK_EVENT_HANDLER@event^0,c
  7598   0002D0  C04B  F040         	movff	USBStdFeatureReqHandler@p,USER_USB_CALLBACK_EVENT_HANDLER@pdata
  7599   0002D4  C04C  F041         	movff	USBStdFeatureReqHandler@p+1,USER_USB_CALLBACK_EVENT_HANDLER@pdata+1
  7600   0002D8  0E00               	movlw	0
  7601   0002DA  6E43               	movwf	(USER_USB_CALLBACK_EVENT_HANDLER@size+1)^0,c
  7602   0002DC  0E02               	movlw	2
  7603   0002DE  6E42               	movwf	USER_USB_CALLBACK_EVENT_HANDLER@size^0,c
  7604   0002E0  EC04  F00C         	call	_USER_USB_CALLBACK_EVENT_HANDLER	;wreg free
  7605                           
  7606                           ;usb_device.c: 2894:                 }
  7607   0002E4  EF7A  F001         	goto	i2l3584
  7608   0002E8                     i2l3582:
  7609                           
  7610                           ;usb_device.c: 2896:                 {;usb_device.c: 2898:                     p->STAT.V
      +                          al &= ~(0x80 | 0x40 | 0x04);
  7611   0002E8  C04B  FFD9         	movff	USBStdFeatureReqHandler@p,fsr2l
  7612   0002EC  C04C  FFDA         	movff	USBStdFeatureReqHandler@p+1,fsr2h
  7613   0002F0  0E3B               	movlw	59
  7614   0002F2  16DF               	andwf	indf2,f,c
  7615   0002F4                     i2l3584:
  7616                           
  7617                           ;usb_device.c: 2946:                 pUEP = (unsigned char*)(&UEP0+SetupPkt.EPNum);
  7618   0002F4  0104               	movlb	4	; () banked
  7619   0002F6  5124               	movf	36,w,b	;volatile
  7620   0002F8  0B0F               	andlw	15
  7621   0002FA  6E46               	movwf	??_USBStdFeatureReqHandler^0,c
  7622   0002FC  6A47               	clrf	(??_USBStdFeatureReqHandler+1)^0,c
  7623   0002FE  0E70               	movlw	112
  7624   000300  2446               	addwf	??_USBStdFeatureReqHandler^0,w,c
  7625   000302  6E48               	movwf	USBStdFeatureReqHandler@pUEP^0,c
  7626   000304  0E0F               	movlw	15
  7627   000306  2047               	addwfc	(??_USBStdFeatureReqHandler+1)^0,w,c
  7628   000308  6E49               	movwf	(USBStdFeatureReqHandler@pUEP+1)^0,c
  7629   00030A                     
  7630                           ; BSR set to: 4
  7631                           ;usb_device.c: 2950:             *pUEP &= ~0x0001;
  7632   00030A  C048  FFD9         	movff	USBStdFeatureReqHandler@pUEP,fsr2l
  7633   00030E  C049  FFDA         	movff	USBStdFeatureReqHandler@pUEP+1,fsr2h
  7634   000312  0EFE               	movlw	254
  7635   000314  16DF               	andwf	indf2,f,c
  7636   000316                     i2l628:
  7637                           
  7638                           ; BSR set to: 4
  7639   000316  0012               	return		;funcret
  7640   000318                     __end_of_USBStdFeatureReqHandler:
  7641                           	callstack 0
  7642                           
  7643 ;; *************** function _USER_USB_CALLBACK_EVENT_HANDLER *****************
  7644 ;; Defined at:
  7645 ;;		line 67 in file "usb_events.c"
  7646 ;; Parameters:    Size  Location     Type
  7647 ;;  event           2   14[COMRAM] enum E3578
  7648 ;;  pdata           2   16[COMRAM] PTR void 
  7649 ;;		 -> RAM(2047), USTATcopy(1), USBActiveConfiguration(1), BDT(32), 
  7650 ;;		 -> NULL(0), 
  7651 ;;  size            2   18[COMRAM] unsigned short 
  7652 ;; Auto vars:     Size  Location     Type
  7653 ;;		None
  7654 ;; Return value:  Size  Location     Type
  7655 ;;                  1    wreg      _Bool 
  7656 ;; Registers used:
  7657 ;;		wreg, fsr2l, fsr2h, status,2, status,0, prodl, prodh, cstack
  7658 ;; Tracked objects:
  7659 ;;		On entry : 0/0
  7660 ;;		On exit  : 0/0
  7661 ;;		Unchanged: 0/0
  7662 ;; Data sizes:     COMRAM   BANK0   BANK1   BANK2   BANK3  BANK4h   BANK5   BANK6   BANK7
  7663 ;;      Params:         6       0       0       0       0       0       0       0       0
  7664 ;;      Locals:         0       0       0       0       0       0       0       0       0
  7665 ;;      Temps:          2       0       0       0       0       0       0       0       0
  7666 ;;      Totals:         8       0       0       0       0       0       0       0       0
  7667 ;;Total ram usage:        8 bytes
  7668 ;; Hardware stack levels used: 1
  7669 ;; Hardware stack levels required when called: 3
  7670 ;; This function calls:
  7671 ;;		_APP_KeyboardInit
  7672 ;;		_APP_LEDUpdateUSBStatus
  7673 ;;		_USBCheckHIDRequest
  7674 ;;		i2_SYSTEM_Initialize
  7675 ;; This function is called by:
  7676 ;;		_USBDeviceTasks
  7677 ;;		_USBStdSetCfgHandler
  7678 ;;		_USBSuspend
  7679 ;;		_USBWakeFromSuspend
  7680 ;;		_USBCtrlTrfSetupHandler
  7681 ;;		_USBCheckStdRequest
  7682 ;;		_USBStdFeatureReqHandler
  7683 ;; This function uses a non-reentrant model
  7684 ;;
  7685                           
  7686                           	psect	text31
  7687   001808                     __ptext31:
  7688                           	callstack 0
  7689   001808                     _USER_USB_CALLBACK_EVENT_HANDLER:
  7690                           	callstack 22
  7691   001808                     
  7692                           ;usb_events.c: 67: _Bool USER_USB_CALLBACK_EVENT_HANDLER(USB_EVENT event, void *pdata, u
      +                          int16_t size);usb_events.c: 68: {;usb_events.c: 69:     switch((int)event)
  7693   001808  EF34  F00C         	goto	i2l3282
  7694   00180C                     i2l3264:
  7695                           
  7696                           ;usb_events.c: 77:             APP_LEDUpdateUSBStatus();
  7697   00180C  EC33  F00A         	call	_APP_LEDUpdateUSBStatus	;wreg free
  7698   001810                     
  7699                           ;usb_events.c: 78:             if(SOFCounter < 32767)
  7700   001810  0100               	movlb	0	; () banked
  7701   001812  297A               	incf	_SOFCounter& (0+255),w,b	;volatile
  7702   001814  E109               	bnz	i2u186_40
  7703   001816  0E7F               	movlw	127
  7704   001818  197B               	xorwf	(_SOFCounter+1)& (0+255),w,b	;volatile
  7705   00181A  B4D8               	btfsc	status,2,c
  7706   00181C  EF12  F00C         	goto	i2u186_41
  7707   001820  EF14  F00C         	goto	i2u186_40
  7708   001824                     i2u186_41:
  7709   001824  EF18  F00C         	goto	i2l3270
  7710   001828                     i2u186_40:
  7711   001828                     
  7712                           ; BSR set to: 0
  7713                           ;usb_events.c: 79:             {;usb_events.c: 80:                 SOFCounter++;
  7714   001828  4B7A               	infsnz	_SOFCounter& (0+255),f,b	;volatile
  7715   00182A  2B7B               	incf	(_SOFCounter+1)& (0+255),f,b	;volatile
  7716                           
  7717                           ;usb_events.c: 81:             }
  7718   00182C  EF6D  F00C         	goto	i2l704
  7719   001830                     i2l3270:
  7720                           
  7721                           ; BSR set to: 0
  7722                           ;usb_events.c: 83:             {;usb_events.c: 84:                 SOFCounter = 0;
  7723   001830  0E00               	movlw	0
  7724   001832  6F7B               	movwf	(_SOFCounter+1)& (0+255),b	;volatile
  7725   001834  0E00               	movlw	0
  7726   001836  6F7A               	movwf	_SOFCounter& (0+255),b	;volatile
  7727   001838  EF6D  F00C         	goto	i2l704
  7728   00183C                     i2l3272:
  7729                           
  7730                           ;usb_events.c: 90:             APP_LEDUpdateUSBStatus();
  7731   00183C  EC33  F00A         	call	_APP_LEDUpdateUSBStatus	;wreg free
  7732                           
  7733                           ;usb_events.c: 98:             SYSTEM_Initialize(SYSTEM_STATE_USB_SUSPEND);
  7734   001840  0E01               	movlw	1
  7735   001842  EC37  F010         	call	i2_SYSTEM_Initialize
  7736                           
  7737                           ;usb_events.c: 99:             break;
  7738   001846  EF6D  F00C         	goto	i2l704
  7739   00184A                     i2l3274:
  7740                           
  7741                           ;usb_events.c: 103:             APP_LEDUpdateUSBStatus();
  7742   00184A  EC33  F00A         	call	_APP_LEDUpdateUSBStatus	;wreg free
  7743                           
  7744                           ;usb_events.c: 109:             SYSTEM_Initialize(SYSTEM_STATE_USB_RESUME);
  7745   00184E  0E02               	movlw	2
  7746   001850  EC37  F010         	call	i2_SYSTEM_Initialize
  7747                           
  7748                           ;usb_events.c: 110:             break;
  7749   001854  EF6D  F00C         	goto	i2l704
  7750   001858                     i2l3276:
  7751                           
  7752                           ;usb_events.c: 115:             APP_KeyboardInit();
  7753   001858  ECEF  F00E         	call	_APP_KeyboardInit	;wreg free
  7754                           
  7755                           ;usb_events.c: 116:             break;
  7756   00185C  EF6D  F00C         	goto	i2l704
  7757   001860                     i2l3278:
  7758                           
  7759                           ;usb_events.c: 124:             USBCheckHIDRequest();
  7760   001860  EC74  F004         	call	_USBCheckHIDRequest	;wreg free
  7761                           
  7762                           ;usb_events.c: 125:             break;
  7763   001864  EF6D  F00C         	goto	i2l704
  7764   001868                     i2l3282:
  7765   001868  C03E  F044         	movff	USER_USB_CALLBACK_EVENT_HANDLER@event,??_USER_USB_CALLBACK_EVENT_HANDLER
  7766   00186C  C03F  F045         	movff	USER_USB_CALLBACK_EVENT_HANDLER@event+1,??_USER_USB_CALLBACK_EVENT_HANDLER+1
  7767                           
  7768                           ; Switch on 2 bytes has been partitioned into a top level switch of size 1, and 2 sub-sw
      +                          itches
  7769                           ; Switch size 1, requested type "simple"
  7770                           ; Number of cases is 2, Range of values is 0 to 127
  7771                           ; switch strategies available:
  7772                           ; Name         Instructions Cycles
  7773                           ; simple_byte            7     4 (average)
  7774                           ;	Chosen strategy is simple_byte
  7775   001870  5045               	movf	(??_USER_USB_CALLBACK_EVENT_HANDLER+1)^0,w,c
  7776   001872  0A00               	xorlw	0	; case 0
  7777   001874  B4D8               	btfsc	status,2,c
  7778   001876  EF43  F00C         	goto	i2l5212
  7779   00187A  0A7F               	xorlw	127	; case 127
  7780   00187C  B4D8               	btfsc	status,2,c
  7781   00187E  EF66  F00C         	goto	i2l5214
  7782   001882  EF6D  F00C         	goto	i2l704
  7783   001886                     i2l5212:
  7784                           
  7785                           ; Switch size 1, requested type "simple"
  7786                           ; Number of cases is 8, Range of values is 1 to 117
  7787                           ; switch strategies available:
  7788                           ; Name         Instructions Cycles
  7789                           ; simple_byte           25    13 (average)
  7790                           ;	Chosen strategy is simple_byte
  7791   001886  5044               	movf	??_USER_USB_CALLBACK_EVENT_HANDLER^0,w,c
  7792   001888  0A01               	xorlw	1	; case 1
  7793   00188A  B4D8               	btfsc	status,2,c
  7794   00188C  EF2C  F00C         	goto	i2l3276
  7795   001890  0A03               	xorlw	3	; case 2
  7796   001892  B4D8               	btfsc	status,2,c
  7797   001894  EF6D  F00C         	goto	i2l704
  7798   001898  0A01               	xorlw	1	; case 3
  7799   00189A  B4D8               	btfsc	status,2,c
  7800   00189C  EF30  F00C         	goto	i2l3278
  7801   0018A0  0A06               	xorlw	6	; case 5
  7802   0018A2  B4D8               	btfsc	status,2,c
  7803   0018A4  EF6D  F00C         	goto	i2l704
  7804   0018A8  0A77               	xorlw	119	; case 114
  7805   0018AA  B4D8               	btfsc	status,2,c
  7806   0018AC  EF6D  F00C         	goto	i2l704
  7807   0018B0  0A01               	xorlw	1	; case 115
  7808   0018B2  B4D8               	btfsc	status,2,c
  7809   0018B4  EF06  F00C         	goto	i2l3264
  7810   0018B8  0A07               	xorlw	7	; case 116
  7811   0018BA  B4D8               	btfsc	status,2,c
  7812   0018BC  EF25  F00C         	goto	i2l3274
  7813   0018C0  0A01               	xorlw	1	; case 117
  7814   0018C2  B4D8               	btfsc	status,2,c
  7815   0018C4  EF1E  F00C         	goto	i2l3272
  7816   0018C8  EF6D  F00C         	goto	i2l704
  7817   0018CC                     i2l5214:
  7818                           
  7819                           ; Switch size 1, requested type "simple"
  7820                           ; Number of cases is 1, Range of values is 255 to 255
  7821                           ; switch strategies available:
  7822                           ; Name         Instructions Cycles
  7823                           ; simple_byte            4     3 (average)
  7824                           ;	Chosen strategy is simple_byte
  7825   0018CC  5044               	movf	??_USER_USB_CALLBACK_EVENT_HANDLER^0,w,c
  7826   0018CE  0AFF               	xorlw	255	; case 255
  7827   0018D0  B4D8               	btfsc	status,2,c
  7828   0018D2  EF6D  F00C         	goto	i2l704
  7829   0018D6  EF6D  F00C         	goto	i2l704
  7830   0018DA                     i2l704:
  7831   0018DA  0012               	return		;funcret
  7832   0018DC                     __end_of_USER_USB_CALLBACK_EVENT_HANDLER:
  7833                           	callstack 0
  7834                           
  7835 ;; *************** function i2_SYSTEM_Initialize *****************
  7836 ;; Defined at:
  7837 ;;		line 87 in file "system.c"
  7838 ;; Parameters:    Size  Location     Type
  7839 ;;  state           1    wreg     enum E3561
  7840 ;; Auto vars:     Size  Location     Type
  7841 ;;  state           1    5[COMRAM] enum E3561
  7842 ;; Return value:  Size  Location     Type
  7843 ;;                  1    wreg      void 
  7844 ;; Registers used:
  7845 ;;		wreg, status,2, status,0, cstack
  7846 ;; Tracked objects:
  7847 ;;		On entry : 0/0
  7848 ;;		On exit  : 0/0
  7849 ;;		Unchanged: 0/0
  7850 ;; Data sizes:     COMRAM   BANK0   BANK1   BANK2   BANK3  BANK4h   BANK5   BANK6   BANK7
  7851 ;;      Params:         0       0       0       0       0       0       0       0       0
  7852 ;;      Locals:         1       0       0       0       0       0       0       0       0
  7853 ;;      Temps:          2       0       0       0       0       0       0       0       0
  7854 ;;      Totals:         3       0       0       0       0       0       0       0       0
  7855 ;;Total ram usage:        3 bytes
  7856 ;; Hardware stack levels used: 1
  7857 ;; Hardware stack levels required when called: 1
  7858 ;; This function calls:
  7859 ;;		i2_BUTTON_Enable
  7860 ;;		i2_LED_Enable
  7861 ;; This function is called by:
  7862 ;;		_USER_USB_CALLBACK_EVENT_HANDLER
  7863 ;; This function uses a non-reentrant model
  7864 ;;
  7865                           
  7866                           	psect	text32
  7867   00206E                     __ptext32:
  7868                           	callstack 0
  7869   00206E                     i2_SYSTEM_Initialize:
  7870                           	callstack 23
  7871                           
  7872                           ;incstack = 0
  7873                           ;i2SYSTEM_Initialize@state stored from wreg
  7874   00206E  6E35               	movwf	i2SYSTEM_Initialize@state^0,c
  7875   002070                     
  7876                           ;system.c: 87: void SYSTEM_Initialize( SYSTEM_STATE state );system.c: 88: {;system.c: 89
      +                          :     switch(state)
  7877   002070  EF45  F010         	goto	i2l3256
  7878   002074                     i2l3252:
  7879                           
  7880                           ;system.c: 92:             LED_Enable(LED_D1);
  7881   002074  0E01               	movlw	1
  7882   002076  EC22  F00F         	call	i2_LED_Enable
  7883                           
  7884                           ;system.c: 93:             LED_Enable(LED_D2);
  7885   00207A  0E02               	movlw	2
  7886   00207C  EC22  F00F         	call	i2_LED_Enable
  7887                           
  7888                           ;system.c: 94:             BUTTON_Enable(BUTTON_S2);
  7889   002080  0E01               	movlw	1
  7890   002082  ECAA  F010         	call	i2_BUTTON_Enable
  7891                           
  7892                           ;system.c: 95:             break;
  7893   002086  EF5E  F010         	goto	i2l234
  7894   00208A                     i2l3256:
  7895   00208A  5035               	movf	i2SYSTEM_Initialize@state^0,w,c
  7896   00208C  6E33               	movwf	??i2_SYSTEM_Initialize^0,c
  7897   00208E  6A34               	clrf	(??i2_SYSTEM_Initialize+1)^0,c
  7898                           
  7899                           ; Switch on 2 bytes has been partitioned into a top level switch of size 1, and 1 sub-sw
      +                          itches
  7900                           ; Switch size 1, requested type "simple"
  7901                           ; Number of cases is 1, Range of values is 0 to 0
  7902                           ; switch strategies available:
  7903                           ; Name         Instructions Cycles
  7904                           ; simple_byte            4     3 (average)
  7905                           ;	Chosen strategy is simple_byte
  7906   002090  5034               	movf	(??i2_SYSTEM_Initialize+1)^0,w,c
  7907   002092  0A00               	xorlw	0	; case 0
  7908   002094  B4D8               	btfsc	status,2,c
  7909   002096  EF4F  F010         	goto	i2l5216
  7910   00209A  EF5E  F010         	goto	i2l234
  7911   00209E                     i2l5216:
  7912                           
  7913                           ; Switch size 1, requested type "simple"
  7914                           ; Number of cases is 3, Range of values is 0 to 2
  7915                           ; switch strategies available:
  7916                           ; Name         Instructions Cycles
  7917                           ; simple_byte           10     6 (average)
  7918                           ;	Chosen strategy is simple_byte
  7919   00209E  5033               	movf	??i2_SYSTEM_Initialize^0,w,c
  7920   0020A0  0A00               	xorlw	0	; case 0
  7921   0020A2  B4D8               	btfsc	status,2,c
  7922   0020A4  EF3A  F010         	goto	i2l3252
  7923   0020A8  0A01               	xorlw	1	; case 1
  7924   0020AA  B4D8               	btfsc	status,2,c
  7925   0020AC  EF5E  F010         	goto	i2l234
  7926   0020B0  0A03               	xorlw	3	; case 2
  7927   0020B2  B4D8               	btfsc	status,2,c
  7928   0020B4  EF5E  F010         	goto	i2l234
  7929   0020B8  EF5E  F010         	goto	i2l234
  7930   0020BC                     i2l234:
  7931   0020BC  0012               	return		;funcret
  7932   0020BE                     __end_ofi2_SYSTEM_Initialize:
  7933                           	callstack 0
  7934                           
  7935 ;; *************** function i2_LED_Enable *****************
  7936 ;; Defined at:
  7937 ;;		line 257 in file "leds.c"
  7938 ;; Parameters:    Size  Location     Type
  7939 ;;  led             1    wreg     enum E2
  7940 ;; Auto vars:     Size  Location     Type
  7941 ;;  led             1    2[COMRAM] enum E2
  7942 ;; Return value:  Size  Location     Type
  7943 ;;                  1    wreg      void 
  7944 ;; Registers used:
  7945 ;;		wreg, status,2, status,0
  7946 ;; Tracked objects:
  7947 ;;		On entry : 0/0
  7948 ;;		On exit  : 0/0
  7949 ;;		Unchanged: 0/0
  7950 ;; Data sizes:     COMRAM   BANK0   BANK1   BANK2   BANK3  BANK4h   BANK5   BANK6   BANK7
  7951 ;;      Params:         0       0       0       0       0       0       0       0       0
  7952 ;;      Locals:         1       0       0       0       0       0       0       0       0
  7953 ;;      Temps:          2       0       0       0       0       0       0       0       0
  7954 ;;      Totals:         3       0       0       0       0       0       0       0       0
  7955 ;;Total ram usage:        3 bytes
  7956 ;; Hardware stack levels used: 1
  7957 ;; This function calls:
  7958 ;;		Nothing
  7959 ;; This function is called by:
  7960 ;;		i2_SYSTEM_Initialize
  7961 ;; This function uses a non-reentrant model
  7962 ;;
  7963                           
  7964                           	psect	text33
  7965   001E44                     __ptext33:
  7966                           	callstack 0
  7967   001E44                     i2_LED_Enable:
  7968                           	callstack 23
  7969                           
  7970                           ;incstack = 0
  7971                           ;i2LED_Enable@led stored from wreg
  7972   001E44  6E32               	movwf	i2LED_Enable@led^0,c
  7973   001E46                     
  7974                           ;leds.c: 257: void LED_Enable(LED led);leds.c: 258: {;leds.c: 259:     switch(led)
  7975   001E46  EF31  F00F         	goto	i2l3100
  7976   001E4A                     i2l198:
  7977                           
  7978                           ;leds.c: 262:             TRISDbits.TRISD3 = 0;
  7979   001E4A  9695               	bcf	149,3,c	;volatile
  7980                           
  7981                           ;leds.c: 263:             break;
  7982   001E4C  EF52  F00F         	goto	i2l204
  7983   001E50                     i2l200:
  7984                           
  7985                           ;leds.c: 266:             TRISDbits.TRISD1 = 0;
  7986   001E50  9295               	bcf	149,1,c	;volatile
  7987                           
  7988                           ;leds.c: 267:             break;
  7989   001E52  EF52  F00F         	goto	i2l204
  7990   001E56                     i2l201:
  7991                           
  7992                           ;leds.c: 270:             TRISDbits.TRISD2 = 0;
  7993   001E56  9495               	bcf	149,2,c	;volatile
  7994                           
  7995                           ;leds.c: 271:             break;
  7996   001E58  EF52  F00F         	goto	i2l204
  7997   001E5C                     i2l202:
  7998                           
  7999                           ;leds.c: 274:             TRISDbits.TRISD3 = 0;
  8000   001E5C  9695               	bcf	149,3,c	;volatile
  8001                           
  8002                           ;leds.c: 275:             break;
  8003   001E5E  EF52  F00F         	goto	i2l204
  8004   001E62                     i2l3100:
  8005   001E62  5032               	movf	i2LED_Enable@led^0,w,c
  8006   001E64  6E30               	movwf	??i2_LED_Enable^0,c
  8007   001E66  6A31               	clrf	(??i2_LED_Enable+1)^0,c
  8008                           
  8009                           ; Switch on 2 bytes has been partitioned into a top level switch of size 1, and 1 sub-sw
      +                          itches
  8010                           ; Switch size 1, requested type "simple"
  8011                           ; Number of cases is 1, Range of values is 0 to 0
  8012                           ; switch strategies available:
  8013                           ; Name         Instructions Cycles
  8014                           ; simple_byte            4     3 (average)
  8015                           ;	Chosen strategy is simple_byte
  8016   001E68  5031               	movf	(??i2_LED_Enable+1)^0,w,c
  8017   001E6A  0A00               	xorlw	0	; case 0
  8018   001E6C  B4D8               	btfsc	status,2,c
  8019   001E6E  EF3B  F00F         	goto	i2l5218
  8020   001E72  EF52  F00F         	goto	i2l204
  8021   001E76                     i2l5218:
  8022                           
  8023                           ; Switch size 1, requested type "simple"
  8024                           ; Number of cases is 5, Range of values is 0 to 4
  8025                           ; switch strategies available:
  8026                           ; Name         Instructions Cycles
  8027                           ; simple_byte           16     9 (average)
  8028                           ;	Chosen strategy is simple_byte
  8029   001E76  5030               	movf	??i2_LED_Enable^0,w,c
  8030   001E78  0A00               	xorlw	0	; case 0
  8031   001E7A  B4D8               	btfsc	status,2,c
  8032   001E7C  EF52  F00F         	goto	i2l204
  8033   001E80  0A01               	xorlw	1	; case 1
  8034   001E82  B4D8               	btfsc	status,2,c
  8035   001E84  EF25  F00F         	goto	i2l198
  8036   001E88  0A03               	xorlw	3	; case 2
  8037   001E8A  B4D8               	btfsc	status,2,c
  8038   001E8C  EF28  F00F         	goto	i2l200
  8039   001E90  0A01               	xorlw	1	; case 3
  8040   001E92  B4D8               	btfsc	status,2,c
  8041   001E94  EF2B  F00F         	goto	i2l201
  8042   001E98  0A07               	xorlw	7	; case 4
  8043   001E9A  B4D8               	btfsc	status,2,c
  8044   001E9C  EF2E  F00F         	goto	i2l202
  8045   001EA0  EF52  F00F         	goto	i2l204
  8046   001EA4                     i2l204:
  8047   001EA4  0012               	return		;funcret
  8048   001EA6                     __end_ofi2_LED_Enable:
  8049                           	callstack 0
  8050                           
  8051 ;; *************** function i2_BUTTON_Enable *****************
  8052 ;; Defined at:
  8053 ;;		line 128 in file "buttons.c"
  8054 ;; Parameters:    Size  Location     Type
  8055 ;;  button          1    wreg     enum E3343
  8056 ;; Auto vars:     Size  Location     Type
  8057 ;;  button          1    2[COMRAM] enum E3343
  8058 ;; Return value:  Size  Location     Type
  8059 ;;                  1    wreg      void 
  8060 ;; Registers used:
  8061 ;;		wreg, status,2, status,0
  8062 ;; Tracked objects:
  8063 ;;		On entry : 0/0
  8064 ;;		On exit  : 0/0
  8065 ;;		Unchanged: 0/0
  8066 ;; Data sizes:     COMRAM   BANK0   BANK1   BANK2   BANK3  BANK4h   BANK5   BANK6   BANK7
  8067 ;;      Params:         0       0       0       0       0       0       0       0       0
  8068 ;;      Locals:         1       0       0       0       0       0       0       0       0
  8069 ;;      Temps:          2       0       0       0       0       0       0       0       0
  8070 ;;      Totals:         3       0       0       0       0       0       0       0       0
  8071 ;;Total ram usage:        3 bytes
  8072 ;; Hardware stack levels used: 1
  8073 ;; This function calls:
  8074 ;;		Nothing
  8075 ;; This function is called by:
  8076 ;;		i2_SYSTEM_Initialize
  8077 ;; This function uses a non-reentrant model
  8078 ;;
  8079                           
  8080                           	psect	text34
  8081   002154                     __ptext34:
  8082                           	callstack 0
  8083   002154                     i2_BUTTON_Enable:
  8084                           	callstack 23
  8085                           
  8086                           ;incstack = 0
  8087                           ;i2BUTTON_Enable@button stored from wreg
  8088   002154  6E32               	movwf	i2BUTTON_Enable@button^0,c
  8089   002156                     
  8090                           ;buttons.c: 128: void BUTTON_Enable(BUTTON button);buttons.c: 129: {;buttons.c: 130:    
      +                           switch(button)
  8091   002156  EFB3  F010         	goto	i2l3070
  8092   00215A                     i2l146:
  8093                           
  8094                           ;buttons.c: 133:             TRISBbits.TRISB4 = 1;
  8095   00215A  8893               	bsf	147,4,c	;volatile
  8096                           
  8097                           ;buttons.c: 134:             break;
  8098   00215C  EFCC  F010         	goto	i2l150
  8099   002160                     i2l148:
  8100                           
  8101                           ;buttons.c: 137:             TRISBbits.TRISB5 = 1;
  8102   002160  8A93               	bsf	147,5,c	;volatile
  8103                           
  8104                           ;buttons.c: 138:             break;
  8105   002162  EFCC  F010         	goto	i2l150
  8106   002166                     i2l3070:
  8107   002166  5032               	movf	i2BUTTON_Enable@button^0,w,c
  8108   002168  6E30               	movwf	??i2_BUTTON_Enable^0,c
  8109   00216A  6A31               	clrf	(??i2_BUTTON_Enable+1)^0,c
  8110                           
  8111                           ; Switch on 2 bytes has been partitioned into a top level switch of size 1, and 1 sub-sw
      +                          itches
  8112                           ; Switch size 1, requested type "simple"
  8113                           ; Number of cases is 1, Range of values is 0 to 0
  8114                           ; switch strategies available:
  8115                           ; Name         Instructions Cycles
  8116                           ; simple_byte            4     3 (average)
  8117                           ;	Chosen strategy is simple_byte
  8118   00216C  5031               	movf	(??i2_BUTTON_Enable+1)^0,w,c
  8119   00216E  0A00               	xorlw	0	; case 0
  8120   002170  B4D8               	btfsc	status,2,c
  8121   002172  EFBD  F010         	goto	i2l5220
  8122   002176  EFCC  F010         	goto	i2l150
  8123   00217A                     i2l5220:
  8124                           
  8125                           ; Switch size 1, requested type "simple"
  8126                           ; Number of cases is 3, Range of values is 0 to 2
  8127                           ; switch strategies available:
  8128                           ; Name         Instructions Cycles
  8129                           ; simple_byte           10     6 (average)
  8130                           ;	Chosen strategy is simple_byte
  8131   00217A  5030               	movf	??i2_BUTTON_Enable^0,w,c
  8132   00217C  0A00               	xorlw	0	; case 0
  8133   00217E  B4D8               	btfsc	status,2,c
  8134   002180  EFCC  F010         	goto	i2l150
  8135   002184  0A01               	xorlw	1	; case 1
  8136   002186  B4D8               	btfsc	status,2,c
  8137   002188  EFAD  F010         	goto	i2l146
  8138   00218C  0A03               	xorlw	3	; case 2
  8139   00218E  B4D8               	btfsc	status,2,c
  8140   002190  EFB0  F010         	goto	i2l148
  8141   002194  EFCC  F010         	goto	i2l150
  8142   002198                     i2l150:
  8143   002198  0012               	return		;funcret
  8144   00219A                     __end_ofi2_BUTTON_Enable:
  8145                           	callstack 0
  8146                           
  8147 ;; *************** function _USBCheckHIDRequest *****************
  8148 ;; Defined at:
  8149 ;;		line 161 in file "usb_device_hid.c"
  8150 ;; Parameters:    Size  Location     Type
  8151 ;;		None
  8152 ;; Auto vars:     Size  Location     Type
  8153 ;;		None
  8154 ;; Return value:  Size  Location     Type
  8155 ;;                  1    wreg      void 
  8156 ;; Registers used:
  8157 ;;		wreg, status,2, status,0, cstack
  8158 ;; Tracked objects:
  8159 ;;		On entry : 0/0
  8160 ;;		On exit  : 0/0
  8161 ;;		Unchanged: 0/0
  8162 ;; Data sizes:     COMRAM   BANK0   BANK1   BANK2   BANK3  BANK4h   BANK5   BANK6   BANK7
  8163 ;;      Params:         0       0       0       0       0       0       0       0       0
  8164 ;;      Locals:         0       0       0       0       0       0       0       0       0
  8165 ;;      Temps:          0       0       0       0       0       0       0       0       0
  8166 ;;      Totals:         0       0       0       0       0       0       0       0       0
  8167 ;;Total ram usage:        0 bytes
  8168 ;; Hardware stack levels used: 1
  8169 ;; Hardware stack levels required when called: 1
  8170 ;; This function calls:
  8171 ;;		_USBHIDCBSetIdleRateHandler
  8172 ;;		_USBHIDCBSetReportHandler
  8173 ;; This function is called by:
  8174 ;;		_USER_USB_CALLBACK_EVENT_HANDLER
  8175 ;; This function uses a non-reentrant model
  8176 ;;
  8177                           
  8178                           	psect	text35
  8179   0008E8                     __ptext35:
  8180                           	callstack 0
  8181   0008E8                     _USBCheckHIDRequest:
  8182                           	callstack 23
  8183   0008E8                     
  8184                           ;usb_device_hid.c: 163:     if(SetupPkt.Recipient != (0x01)) return;
  8185   0008E8  0104               	movlb	4	; () banked
  8186   0008EA  5120               	movf	32,w,b	;volatile
  8187   0008EC  0B1F               	andlw	31
  8188   0008EE  06E8               	decf	wreg,f,c
  8189   0008F0  B4D8               	btfsc	status,2,c
  8190   0008F2  EF7D  F004         	goto	i2u181_41
  8191   0008F6  EF7F  F004         	goto	i2u181_40
  8192   0008FA                     i2u181_41:
  8193   0008FA  EF81  F004         	goto	i2l3192
  8194   0008FE                     i2u181_40:
  8195   0008FE  EF18  F005         	goto	i2l660
  8196   000902                     i2l3192:
  8197                           
  8198                           ; BSR set to: 4
  8199                           ;usb_device_hid.c: 164:     if(SetupPkt.bIntfID != 0x00) return;
  8200   000902  5124               	movf	36,w,b	;volatile
  8201   000904  B4D8               	btfsc	status,2,c
  8202   000906  EF87  F004         	goto	i2u182_41
  8203   00090A  EF89  F004         	goto	i2u182_40
  8204   00090E                     i2u182_41:
  8205   00090E  EF8B  F004         	goto	i2l3196
  8206   000912                     i2u182_40:
  8207   000912  EF18  F005         	goto	i2l660
  8208   000916                     i2l3196:
  8209                           
  8210                           ; BSR set to: 4
  8211                           ;usb_device_hid.c: 171:     if(SetupPkt.bRequest == 6)
  8212   000916  0E06               	movlw	6
  8213   000918  1921               	xorwf	33,w,b	;volatile
  8214   00091A  A4D8               	btfss	status,2,c
  8215   00091C  EF92  F004         	goto	i2u183_41
  8216   000920  EF94  F004         	goto	i2u183_40
  8217   000924                     i2u183_41:
  8218   000924  EFC5  F004         	goto	i2l3218
  8219   000928                     i2u183_40:
  8220   000928  EFB6  F004         	goto	i2l3216
  8221   00092C                     i2l3200:
  8222                           
  8223                           ; BSR set to: 4
  8224                           ;usb_device_hid.c: 176:                 if(USBActiveConfiguration == 1)
  8225   00092C  042F               	decf	_USBActiveConfiguration^0,w,c	;volatile
  8226   00092E  A4D8               	btfss	status,2,c
  8227   000930  EF9C  F004         	goto	i2u184_41
  8228   000934  EF9E  F004         	goto	i2u184_40
  8229   000938                     i2u184_41:
  8230   000938  EFC5  F004         	goto	i2l3218
  8231   00093C                     i2u184_40:
  8232   00093C                     
  8233                           ; BSR set to: 4
  8234                           ;usb_device_hid.c: 177:                 {;usb_device_hid.c: 178:                     { i
      +                          nPipes[0].pSrc.bRom = (const uint8_t*)&configDescriptor1 + 18; inPipes[0].wCount.Val = s
      +                          izeof(USB_HID_DSC)+3; inPipes[0].info.Val = 0x40 | 0x80 | 0x00; };
  8235   00093C  0EF6               	movlw	low (_configDescriptor1+18)
  8236   00093E  6E08               	movwf	_inPipes^0,c	;volatile
  8237   000940  0E7C               	movlw	high (_configDescriptor1+18)
  8238   000942  6E09               	movwf	(_inPipes+1)^0,c	;volatile
  8239   000944                     
  8240                           ; BSR set to: 4
  8241   000944  0E00               	movlw	0
  8242   000946  6E0C               	movwf	(_inPipes+4)^0,c	;volatile
  8243   000948  0E09               	movlw	9
  8244   00094A  6E0B               	movwf	(_inPipes+3)^0,c	;volatile
  8245   00094C                     
  8246                           ; BSR set to: 4
  8247   00094C  0EC0               	movlw	192
  8248   00094E  6E0A               	movwf	(_inPipes+2)^0,c	;volatile
  8249   000950  EFC5  F004         	goto	i2l3218
  8250   000954                     i2l3208:
  8251                           
  8252                           ; BSR set to: 4
  8253                           ;usb_device_hid.c: 186:                 {;usb_device_hid.c: 187:                     { i
      +                          nPipes[0].pSrc.bRom = (const uint8_t*)&hid_rpt01; inPipes[0].wCount.Val = 63; inPipes[0]
      +                          .info.Val = 0x40 | 0x80 | 0x00; };
  8254   000954  0E71               	movlw	low _hid_rpt01
  8255   000956  6E08               	movwf	_inPipes^0,c	;volatile
  8256   000958  0E7C               	movlw	high _hid_rpt01
  8257   00095A  6E09               	movwf	(_inPipes+1)^0,c	;volatile
  8258   00095C                     
  8259                           ; BSR set to: 4
  8260   00095C  0E00               	movlw	0
  8261   00095E  6E0C               	movwf	(_inPipes+4)^0,c	;volatile
  8262   000960  0E3F               	movlw	63
  8263   000962  6E0B               	movwf	(_inPipes+3)^0,c	;volatile
  8264   000964                     
  8265                           ; BSR set to: 4
  8266   000964  0EC0               	movlw	192
  8267   000966  6E0A               	movwf	(_inPipes+2)^0,c	;volatile
  8268                           
  8269                           ;usb_device_hid.c: 191:                 };usb_device_hid.c: 192:                 break;
  8270   000968  EFC5  F004         	goto	i2l3218
  8271   00096C                     i2l3216:
  8272                           
  8273                           ; BSR set to: 4
  8274   00096C  5123               	movf	35,w,b	;volatile
  8275                           
  8276                           ; Switch size 1, requested type "simple"
  8277                           ; Number of cases is 3, Range of values is 33 to 35
  8278                           ; switch strategies available:
  8279                           ; Name         Instructions Cycles
  8280                           ; simple_byte           10     6 (average)
  8281                           ;	Chosen strategy is simple_byte
  8282   00096E  0A21               	xorlw	33	; case 33
  8283   000970  B4D8               	btfsc	status,2,c
  8284   000972  EF96  F004         	goto	i2l3200
  8285   000976  0A03               	xorlw	3	; case 34
  8286   000978  B4D8               	btfsc	status,2,c
  8287   00097A  EFAA  F004         	goto	i2l3208
  8288   00097E  0A01               	xorlw	1	; case 35
  8289   000980  B4D8               	btfsc	status,2,c
  8290   000982  EFC5  F004         	goto	i2l3218
  8291   000986  EFC5  F004         	goto	i2l3218
  8292   00098A                     i2l3218:
  8293                           
  8294                           ; BSR set to: 4
  8295                           ;usb_device_hid.c: 209:     if(SetupPkt.RequestType != (0x20>>5))
  8296   00098A  3920               	swapf	32,w,b	;volatile
  8297   00098C  32E8               	rrcf	wreg,f,c
  8298   00098E  0B03               	andlw	3
  8299   000990  06E8               	decf	wreg,f,c
  8300   000992  B4D8               	btfsc	status,2,c
  8301   000994  EFCE  F004         	goto	i2u185_41
  8302   000998  EFD0  F004         	goto	i2u185_40
  8303   00099C                     i2u185_41:
  8304   00099C  EFFD  F004         	goto	i2l3248
  8305   0009A0                     i2u185_40:
  8306   0009A0  EF18  F005         	goto	i2l660
  8307   0009A4                     i2l3222:
  8308                           
  8309                           ; BSR set to: 4
  8310                           ;usb_device_hid.c: 223:                 USBHIDCBSetReportHandler();
  8311   0009A4  ECA8  F011         	call	_USBHIDCBSetReportHandler	;wreg free
  8312                           
  8313                           ;usb_device_hid.c: 225:             break;
  8314   0009A8  EF18  F005         	goto	i2l660
  8315   0009AC                     i2l3224:
  8316                           
  8317                           ; BSR set to: 4
  8318                           ;usb_device_hid.c: 227:             { inPipes[0].pSrc.bRam = (uint8_t*)&idle_rate; inPip
      +                          es[0].wCount.Val = 1; inPipes[0].info.Val = 0x40 | 0x80 | 0x01; };
  8319   0009AC  0E7D               	movlw	low _idle_rate
  8320   0009AE  6E08               	movwf	_inPipes^0,c	;volatile
  8321   0009B0  6A09               	clrf	(_inPipes+1)^0,c	;volatile
  8322   0009B2                     
  8323                           ; BSR set to: 4
  8324   0009B2  0E00               	movlw	0
  8325   0009B4  6E0C               	movwf	(_inPipes+4)^0,c	;volatile
  8326   0009B6  0E01               	movlw	1
  8327   0009B8  6E0B               	movwf	(_inPipes+3)^0,c	;volatile
  8328   0009BA                     
  8329                           ; BSR set to: 4
  8330   0009BA  0EC1               	movlw	193
  8331   0009BC  6E0A               	movwf	(_inPipes+2)^0,c	;volatile
  8332                           
  8333                           ;usb_device_hid.c: 231:             break;
  8334   0009BE  EF18  F005         	goto	i2l660
  8335   0009C2                     i2l3230:
  8336                           
  8337                           ; BSR set to: 4
  8338                           ;usb_device_hid.c: 233:             inPipes[0].info.Val = 0x00 | 0x80;
  8339   0009C2  0E80               	movlw	128
  8340   0009C4  6E0A               	movwf	(_inPipes+2)^0,c	;volatile
  8341   0009C6                     
  8342                           ; BSR set to: 4
  8343                           ;usb_device_hid.c: 234:             idle_rate = SetupPkt.W_Value.byte.HB;
  8344   0009C6  C423 F07D          	movff	1059,_idle_rate	;volatile
  8345   0009CA                     
  8346                           ; BSR set to: 4
  8347                           ;usb_device_hid.c: 235:             USBHIDCBSetIdleRateHandler(SetupPkt.W_Value.byte.LB,
      +                           idle_rate);
  8348   0009CA  C07D  F030         	movff	_idle_rate,USBHIDCBSetIdleRateHandler@newIdleRate
  8349   0009CE  5122               	movf	34,w,b	;volatile
  8350   0009D0  ECB6  F011         	call	_USBHIDCBSetIdleRateHandler
  8351                           
  8352                           ;usb_device_hid.c: 236:             break;
  8353   0009D4  EF18  F005         	goto	i2l660
  8354   0009D8                     i2l3236:
  8355                           
  8356                           ; BSR set to: 4
  8357                           ;usb_device_hid.c: 238:             { inPipes[0].pSrc.bRam = (uint8_t*)&active_protocol;
      +                           inPipes[0].wCount.Val = 1; inPipes[0].info.Val = 0x00 | 0x80 | 0x01; };
  8358   0009D8  0E7C               	movlw	low _active_protocol
  8359   0009DA  6E08               	movwf	_inPipes^0,c	;volatile
  8360   0009DC  6A09               	clrf	(_inPipes+1)^0,c	;volatile
  8361   0009DE                     
  8362                           ; BSR set to: 4
  8363   0009DE  0E00               	movlw	0
  8364   0009E0  6E0C               	movwf	(_inPipes+4)^0,c	;volatile
  8365   0009E2  0E01               	movlw	1
  8366   0009E4  6E0B               	movwf	(_inPipes+3)^0,c	;volatile
  8367   0009E6                     
  8368                           ; BSR set to: 4
  8369   0009E6  0E81               	movlw	129
  8370   0009E8  6E0A               	movwf	(_inPipes+2)^0,c	;volatile
  8371                           
  8372                           ;usb_device_hid.c: 242:             break;
  8373   0009EA  EF18  F005         	goto	i2l660
  8374   0009EE                     i2l3242:
  8375                           
  8376                           ; BSR set to: 4
  8377                           ;usb_device_hid.c: 244:             inPipes[0].info.Val = 0x00 | 0x80;
  8378   0009EE  0E80               	movlw	128
  8379   0009F0  6E0A               	movwf	(_inPipes+2)^0,c	;volatile
  8380   0009F2                     
  8381                           ; BSR set to: 4
  8382                           ;usb_device_hid.c: 245:             active_protocol = SetupPkt.W_Value.byte.LB;
  8383   0009F2  C422 F07C          	movff	1058,_active_protocol	;volatile
  8384                           
  8385                           ;usb_device_hid.c: 246:             break;
  8386   0009F6  EF18  F005         	goto	i2l660
  8387   0009FA                     i2l3248:
  8388                           
  8389                           ; BSR set to: 4
  8390   0009FA  5121               	movf	33,w,b	;volatile
  8391                           
  8392                           ; Switch size 1, requested type "simple"
  8393                           ; Number of cases is 6, Range of values is 1 to 11
  8394                           ; switch strategies available:
  8395                           ; Name         Instructions Cycles
  8396                           ; simple_byte           19    10 (average)
  8397                           ;	Chosen strategy is simple_byte
  8398   0009FC  0A01               	xorlw	1	; case 1
  8399   0009FE  B4D8               	btfsc	status,2,c
  8400   000A00  EF18  F005         	goto	i2l660
  8401   000A04  0A03               	xorlw	3	; case 2
  8402   000A06  B4D8               	btfsc	status,2,c
  8403   000A08  EFD6  F004         	goto	i2l3224
  8404   000A0C  0A01               	xorlw	1	; case 3
  8405   000A0E  B4D8               	btfsc	status,2,c
  8406   000A10  EFEC  F004         	goto	i2l3236
  8407   000A14  0A0A               	xorlw	10	; case 9
  8408   000A16  B4D8               	btfsc	status,2,c
  8409   000A18  EFD2  F004         	goto	i2l3222
  8410   000A1C  0A03               	xorlw	3	; case 10
  8411   000A1E  B4D8               	btfsc	status,2,c
  8412   000A20  EFE1  F004         	goto	i2l3230
  8413   000A24  0A01               	xorlw	1	; case 11
  8414   000A26  B4D8               	btfsc	status,2,c
  8415   000A28  EFF7  F004         	goto	i2l3242
  8416   000A2C  EF18  F005         	goto	i2l660
  8417   000A30                     i2l660:
  8418   000A30  0012               	return		;funcret
  8419   000A32                     __end_of_USBCheckHIDRequest:
  8420                           	callstack 0
  8421                           
  8422 ;; *************** function _USBHIDCBSetReportHandler *****************
  8423 ;; Defined at:
  8424 ;;		line 470 in file "app_device_keyboard.c"
  8425 ;; Parameters:    Size  Location     Type
  8426 ;;		None
  8427 ;; Auto vars:     Size  Location     Type
  8428 ;;		None
  8429 ;; Return value:  Size  Location     Type
  8430 ;;                  1    wreg      void 
  8431 ;; Registers used:
  8432 ;;		wreg, status,2, status,0
  8433 ;; Tracked objects:
  8434 ;;		On entry : 0/0
  8435 ;;		On exit  : 0/0
  8436 ;;		Unchanged: 0/0
  8437 ;; Data sizes:     COMRAM   BANK0   BANK1   BANK2   BANK3  BANK4h   BANK5   BANK6   BANK7
  8438 ;;      Params:         0       0       0       0       0       0       0       0       0
  8439 ;;      Locals:         0       0       0       0       0       0       0       0       0
  8440 ;;      Temps:          0       0       0       0       0       0       0       0       0
  8441 ;;      Totals:         0       0       0       0       0       0       0       0       0
  8442 ;;Total ram usage:        0 bytes
  8443 ;; Hardware stack levels used: 1
  8444 ;; This function calls:
  8445 ;;		Nothing
  8446 ;; This function is called by:
  8447 ;;		_USBCheckHIDRequest
  8448 ;; This function uses a non-reentrant model
  8449 ;;
  8450                           
  8451                           	psect	text36
  8452   002350                     __ptext36:
  8453                           	callstack 0
  8454   002350                     _USBHIDCBSetReportHandler:
  8455                           	callstack 23
  8456   002350                     
  8457                           ;app_device_keyboard.c: 475:     {outPipes[0].pDst.bRam = (uint8_t*)&CtrlTrfData;outPipe
      +                          s[0].wCount.Val = 8;outPipes[0].pFunc = USBHIDCBSetReportComplete;outPipes[0].info.bits.
      +                          busy = 1; };
  8458   002350  0E28               	movlw	40
  8459   002352  6E01               	movwf	_outPipes^0,c	;volatile
  8460   002354  0E04               	movlw	4
  8461   002356  6E02               	movwf	(_outPipes+1)^0,c	;volatile
  8462   002358  0E00               	movlw	0
  8463   00235A  6E05               	movwf	(_outPipes+4)^0,c	;volatile
  8464   00235C  0E08               	movlw	8
  8465   00235E  6E04               	movwf	(_outPipes+3)^0,c	;volatile
  8466   002360  0EA2               	movlw	low _USBHIDCBSetReportComplete
  8467   002362  6E06               	movwf	(_outPipes+5)^0,c	;volatile
  8468   002364  0E23               	movlw	high _USBHIDCBSetReportComplete
  8469   002366  6E07               	movwf	(_outPipes+6)^0,c	;volatile
  8470   002368  8E03               	bsf	(_outPipes+2)^0,7,c	;volatile
  8471   00236A  0012               	return		;funcret
  8472   00236C                     __end_of_USBHIDCBSetReportHandler:
  8473                           	callstack 0
  8474                           
  8475 ;; *************** function _USBHIDCBSetIdleRateHandler *****************
  8476 ;; Defined at:
  8477 ;;		line 481 in file "app_device_keyboard.c"
  8478 ;; Parameters:    Size  Location     Type
  8479 ;;  reportID        1    wreg     unsigned char 
  8480 ;;  newIdleRate     1    0[COMRAM] unsigned char 
  8481 ;; Auto vars:     Size  Location     Type
  8482 ;;  reportID        1    1[COMRAM] unsigned char 
  8483 ;; Return value:  Size  Location     Type
  8484 ;;                  1    wreg      void 
  8485 ;; Registers used:
  8486 ;;		wreg, status,2
  8487 ;; Tracked objects:
  8488 ;;		On entry : 0/0
  8489 ;;		On exit  : 0/0
  8490 ;;		Unchanged: 0/0
  8491 ;; Data sizes:     COMRAM   BANK0   BANK1   BANK2   BANK3  BANK4h   BANK5   BANK6   BANK7
  8492 ;;      Params:         1       0       0       0       0       0       0       0       0
  8493 ;;      Locals:         1       0       0       0       0       0       0       0       0
  8494 ;;      Temps:          0       0       0       0       0       0       0       0       0
  8495 ;;      Totals:         2       0       0       0       0       0       0       0       0
  8496 ;;Total ram usage:        2 bytes
  8497 ;; Hardware stack levels used: 1
  8498 ;; This function calls:
  8499 ;;		Nothing
  8500 ;; This function is called by:
  8501 ;;		_USBCheckHIDRequest
  8502 ;; This function uses a non-reentrant model
  8503 ;;
  8504                           
  8505                           	psect	text37
  8506   00236C                     __ptext37:
  8507                           	callstack 0
  8508   00236C                     _USBHIDCBSetIdleRateHandler:
  8509                           	callstack 23
  8510                           
  8511                           ;incstack = 0
  8512                           ;USBHIDCBSetIdleRateHandler@reportID stored from wreg
  8513   00236C  6E31               	movwf	USBHIDCBSetIdleRateHandler@reportID^0,c
  8514   00236E                     
  8515                           ;app_device_keyboard.c: 481: void USBHIDCBSetIdleRateHandler(uint8_t reportID, uint8_t n
      +                          ewIdleRate);app_device_keyboard.c: 482: {;app_device_keyboard.c: 486:     if(reportID ==
      +                           0)
  8516   00236E  5031               	movf	USBHIDCBSetIdleRateHandler@reportID^0,w,c
  8517   002370  A4D8               	btfss	status,2,c
  8518   002372  EFBD  F011         	goto	i2u169_41
  8519   002376  EFBF  F011         	goto	i2u169_40
  8520   00237A                     i2u169_41:
  8521   00237A  EFC3  F011         	goto	i2l102
  8522   00237E                     i2u169_40:
  8523   00237E                     
  8524                           ;app_device_keyboard.c: 487:     {;app_device_keyboard.c: 488:         keyboardIdleRate 
      +                          = newIdleRate;
  8525   00237E  C030  F078         	movff	USBHIDCBSetIdleRateHandler@newIdleRate,_keyboardIdleRate
  8526   002382  0100               	movlb	0	; () banked
  8527   002384  6B79               	clrf	(_keyboardIdleRate+1)& (0+255),b
  8528   002386                     i2l102:
  8529   002386  0012               	return		;funcret
  8530   002388                     __end_of_USBHIDCBSetIdleRateHandler:
  8531                           	callstack 0
  8532                           
  8533 ;; *************** function _APP_LEDUpdateUSBStatus *****************
  8534 ;; Defined at:
  8535 ;;		line 49 in file "app_led_usb_status.c"
  8536 ;; Parameters:    Size  Location     Type
  8537 ;;		None
  8538 ;; Auto vars:     Size  Location     Type
  8539 ;;		None
  8540 ;; Return value:  Size  Location     Type
  8541 ;;                  1    wreg      void 
  8542 ;; Registers used:
  8543 ;;		wreg, status,2, status,0, cstack
  8544 ;; Tracked objects:
  8545 ;;		On entry : 0/0
  8546 ;;		On exit  : 0/0
  8547 ;;		Unchanged: 0/0
  8548 ;; Data sizes:     COMRAM   BANK0   BANK1   BANK2   BANK3  BANK4h   BANK5   BANK6   BANK7
  8549 ;;      Params:         0       0       0       0       0       0       0       0       0
  8550 ;;      Locals:         0       0       0       0       0       0       0       0       0
  8551 ;;      Temps:          2       0       0       0       0       0       0       0       0
  8552 ;;      Totals:         2       0       0       0       0       0       0       0       0
  8553 ;;Total ram usage:        2 bytes
  8554 ;; Hardware stack levels used: 1
  8555 ;; Hardware stack levels required when called: 1
  8556 ;; This function calls:
  8557 ;;		i2_LED_Off
  8558 ;;		i2_LED_On
  8559 ;; This function is called by:
  8560 ;;		_USER_USB_CALLBACK_EVENT_HANDLER
  8561 ;; This function uses a non-reentrant model
  8562 ;;
  8563                           
  8564                           	psect	text38
  8565   001466                     __ptext38:
  8566                           	callstack 0
  8567   001466                     _APP_LEDUpdateUSBStatus:
  8568                           	callstack 23
  8569   001466                     
  8570                           ;app_led_usb_status.c: 51:     static uint16_t ledCount = 0;;app_led_usb_status.c: 53:  
      +                             if(UCONbits.SUSPND == 1)
  8571   001466  A26D               	btfss	109,1,c	;volatile
  8572   001468  EF38  F00A         	goto	i2u174_41
  8573   00146C  EF3A  F00A         	goto	i2u174_40
  8574   001470                     i2u174_41:
  8575   001470  EF99  F00A         	goto	i2l3180
  8576   001474                     i2u174_40:
  8577   001474                     
  8578                           ;app_led_usb_status.c: 54:     {;app_led_usb_status.c: 55:         LED_Off(LED_D1);
  8579   001474  0E01               	movlw	1
  8580   001476  EC84  F00F         	call	i2_LED_Off
  8581   00147A  EFAC  F00A         	goto	i2l116
  8582   00147E                     i2l3154:
  8583                           
  8584                           ;app_led_usb_status.c: 64:             if(ledCount == 1)
  8585   00147E  041D               	decf	APP_LEDUpdateUSBStatus@ledCount^0,w,c
  8586   001480  101E               	iorwf	(APP_LEDUpdateUSBStatus@ledCount+1)^0,w,c
  8587   001482  A4D8               	btfss	status,2,c
  8588   001484  EF46  F00A         	goto	i2u175_41
  8589   001488  EF48  F00A         	goto	i2u175_40
  8590   00148C                     i2u175_41:
  8591   00148C  EF4D  F00A         	goto	i2l3158
  8592   001490                     i2u175_40:
  8593   001490                     
  8594                           ;app_led_usb_status.c: 65:             {;app_led_usb_status.c: 66:                 LED_O
      +                          n(LED_D1);
  8595   001490  0E01               	movlw	1
  8596   001492  EC53  F00F         	call	i2_LED_On
  8597                           
  8598                           ;app_led_usb_status.c: 67:             }
  8599   001496  EFAA  F00A         	goto	i2l3182
  8600   00149A                     i2l3158:
  8601   00149A  0E4B               	movlw	75
  8602   00149C  181D               	xorwf	APP_LEDUpdateUSBStatus@ledCount^0,w,c
  8603   00149E  101E               	iorwf	(APP_LEDUpdateUSBStatus@ledCount+1)^0,w,c
  8604   0014A0  A4D8               	btfss	status,2,c
  8605   0014A2  EF55  F00A         	goto	i2u176_41
  8606   0014A6  EF57  F00A         	goto	i2u176_40
  8607   0014AA                     i2u176_41:
  8608   0014AA  EF5C  F00A         	goto	i2l3162
  8609   0014AE                     i2u176_40:
  8610   0014AE                     
  8611                           ;app_led_usb_status.c: 69:             {;app_led_usb_status.c: 70:                 LED_O
      +                          ff(LED_D1);
  8612   0014AE  0E01               	movlw	1
  8613   0014B0  EC84  F00F         	call	i2_LED_Off
  8614                           
  8615                           ;app_led_usb_status.c: 71:             }
  8616   0014B4  EFAA  F00A         	goto	i2l3182
  8617   0014B8                     i2l3162:
  8618   0014B8  501E               	movf	(APP_LEDUpdateUSBStatus@ledCount+1)^0,w,c
  8619   0014BA  E109               	bnz	i2u177_40
  8620   0014BC  0E97               	movlw	151
  8621   0014BE  5C1D               	subwf	APP_LEDUpdateUSBStatus@ledCount^0,w,c
  8622   0014C0  A0D8               	btfss	status,0,c
  8623   0014C2  EF65  F00A         	goto	i2u177_41
  8624   0014C6  EF67  F00A         	goto	i2u177_40
  8625   0014CA                     i2u177_41:
  8626   0014CA  EF6D  F00A         	goto	i2l120
  8627   0014CE                     i2u177_40:
  8628   0014CE                     i2l3164:
  8629                           
  8630                           ;app_led_usb_status.c: 73:             {;app_led_usb_status.c: 74:                 ledCo
      +                          unt = 0;
  8631   0014CE  0E00               	movlw	0
  8632   0014D0  6E1E               	movwf	(APP_LEDUpdateUSBStatus@ledCount+1)^0,c
  8633   0014D2  0E00               	movlw	0
  8634   0014D4  6E1D               	movwf	APP_LEDUpdateUSBStatus@ledCount^0,c
  8635   0014D6  EFAA  F00A         	goto	i2l3182
  8636   0014DA                     i2l120:
  8637                           
  8638                           ;app_led_usb_status.c: 76:             break;
  8639   0014DA  EFAA  F00A         	goto	i2l3182
  8640   0014DE                     i2l3166:
  8641                           
  8642                           ;app_led_usb_status.c: 81:             if(ledCount == 1)
  8643   0014DE  041D               	decf	APP_LEDUpdateUSBStatus@ledCount^0,w,c
  8644   0014E0  101E               	iorwf	(APP_LEDUpdateUSBStatus@ledCount+1)^0,w,c
  8645   0014E2  A4D8               	btfss	status,2,c
  8646   0014E4  EF76  F00A         	goto	i2u178_41
  8647   0014E8  EF78  F00A         	goto	i2u178_40
  8648   0014EC                     i2u178_41:
  8649   0014EC  EF7D  F00A         	goto	i2l3170
  8650   0014F0                     i2u178_40:
  8651   0014F0                     
  8652                           ;app_led_usb_status.c: 82:             {;app_led_usb_status.c: 83:                 LED_O
      +                          n(LED_D1);
  8653   0014F0  0E01               	movlw	1
  8654   0014F2  EC53  F00F         	call	i2_LED_On
  8655                           
  8656                           ;app_led_usb_status.c: 84:             }
  8657   0014F6  EFAA  F00A         	goto	i2l3182
  8658   0014FA                     i2l3170:
  8659   0014FA  0E32               	movlw	50
  8660   0014FC  181D               	xorwf	APP_LEDUpdateUSBStatus@ledCount^0,w,c
  8661   0014FE  101E               	iorwf	(APP_LEDUpdateUSBStatus@ledCount+1)^0,w,c
  8662   001500  A4D8               	btfss	status,2,c
  8663   001502  EF85  F00A         	goto	i2u179_41
  8664   001506  EF87  F00A         	goto	i2u179_40
  8665   00150A                     i2u179_41:
  8666   00150A  EF8C  F00A         	goto	i2l3174
  8667   00150E                     i2u179_40:
  8668   00150E                     
  8669                           ;app_led_usb_status.c: 86:             {;app_led_usb_status.c: 87:                 LED_O
      +                          ff(LED_D1);
  8670   00150E  0E01               	movlw	1
  8671   001510  EC84  F00F         	call	i2_LED_Off
  8672                           
  8673                           ;app_led_usb_status.c: 88:             }
  8674   001514  EFAA  F00A         	goto	i2l3182
  8675   001518                     i2l3174:
  8676   001518  0EB7               	movlw	183
  8677   00151A  5C1D               	subwf	APP_LEDUpdateUSBStatus@ledCount^0,w,c
  8678   00151C  0E03               	movlw	3
  8679   00151E  581E               	subwfb	(APP_LEDUpdateUSBStatus@ledCount+1)^0,w,c
  8680   001520  A0D8               	btfss	status,0,c
  8681   001522  EF95  F00A         	goto	i2u180_41
  8682   001526  EF97  F00A         	goto	i2u180_40
  8683   00152A                     i2u180_41:
  8684   00152A  EFAA  F00A         	goto	i2l3182
  8685   00152E                     i2u180_40:
  8686   00152E  EF67  F00A         	goto	i2l3164
  8687   001532                     i2l3180:
  8688   001532  502C               	movf	_USBDeviceState^0,w,c	;volatile
  8689   001534  6E33               	movwf	??_APP_LEDUpdateUSBStatus^0,c
  8690   001536  6A34               	clrf	(??_APP_LEDUpdateUSBStatus+1)^0,c
  8691                           
  8692                           ; Switch on 2 bytes has been partitioned into a top level switch of size 1, and 1 sub-sw
      +                          itches
  8693                           ; Switch size 1, requested type "simple"
  8694                           ; Number of cases is 1, Range of values is 0 to 0
  8695                           ; switch strategies available:
  8696                           ; Name         Instructions Cycles
  8697                           ; simple_byte            4     3 (average)
  8698                           ;	Chosen strategy is simple_byte
  8699   001538  5034               	movf	(??_APP_LEDUpdateUSBStatus+1)^0,w,c
  8700   00153A  0A00               	xorlw	0	; case 0
  8701   00153C  B4D8               	btfsc	status,2,c
  8702   00153E  EFA3  F00A         	goto	i2l5222
  8703   001542  EF6F  F00A         	goto	i2l3166
  8704   001546                     i2l5222:
  8705                           
  8706                           ; Switch size 1, requested type "simple"
  8707                           ; Number of cases is 1, Range of values is 32 to 32
  8708                           ; switch strategies available:
  8709                           ; Name         Instructions Cycles
  8710                           ; simple_byte            4     3 (average)
  8711                           ;	Chosen strategy is simple_byte
  8712   001546  5033               	movf	??_APP_LEDUpdateUSBStatus^0,w,c
  8713   001548  0A20               	xorlw	32	; case 32
  8714   00154A  B4D8               	btfsc	status,2,c
  8715   00154C  EF3F  F00A         	goto	i2l3154
  8716   001550  EF6F  F00A         	goto	i2l3166
  8717   001554                     i2l3182:
  8718                           
  8719                           ;app_led_usb_status.c: 97:     ledCount++;
  8720   001554  4A1D               	infsnz	APP_LEDUpdateUSBStatus@ledCount^0,f,c
  8721   001556  2A1E               	incf	(APP_LEDUpdateUSBStatus@ledCount+1)^0,f,c
  8722   001558                     i2l116:
  8723   001558  0012               	return		;funcret
  8724   00155A                     __end_of_APP_LEDUpdateUSBStatus:
  8725                           	callstack 0
  8726                           
  8727 ;; *************** function _APP_KeyboardInit *****************
  8728 ;; Defined at:
  8729 ;;		line 278 in file "app_device_keyboard.c"
  8730 ;; Parameters:    Size  Location     Type
  8731 ;;		None
  8732 ;; Auto vars:     Size  Location     Type
  8733 ;;		None
  8734 ;; Return value:  Size  Location     Type
  8735 ;;                  1    wreg      void 
  8736 ;; Registers used:
  8737 ;;		wreg, fsr2l, fsr2h, status,2, status,0, prodl, prodh, cstack
  8738 ;; Tracked objects:
  8739 ;;		On entry : 0/0
  8740 ;;		On exit  : 0/0
  8741 ;;		Unchanged: 0/0
  8742 ;; Data sizes:     COMRAM   BANK0   BANK1   BANK2   BANK3  BANK4h   BANK5   BANK6   BANK7
  8743 ;;      Params:         0       0       0       0       0       0       0       0       0
  8744 ;;      Locals:         0       0       0       0       0       0       0       0       0
  8745 ;;      Temps:          0       0       0       0       0       0       0       0       0
  8746 ;;      Totals:         0       0       0       0       0       0       0       0       0
  8747 ;;Total ram usage:        0 bytes
  8748 ;; Hardware stack levels used: 1
  8749 ;; Hardware stack levels required when called: 2
  8750 ;; This function calls:
  8751 ;;		_USBEnableEndpoint
  8752 ;;		i2_USBTransferOnePacket
  8753 ;; This function is called by:
  8754 ;;		_USER_USB_CALLBACK_EVENT_HANDLER
  8755 ;; This function uses a non-reentrant model
  8756 ;;
  8757                           
  8758                           	psect	text39
  8759   001DDE                     __ptext39:
  8760                           	callstack 0
  8761   001DDE                     _APP_KeyboardInit:
  8762                           	callstack 22
  8763   001DDE                     
  8764                           ;app_device_keyboard.c: 282:     keyboard.lastINTransmission = 0;
  8765   001DDE  0E00               	movlw	0
  8766   001DE0  0100               	movlb	0	; () banked
  8767   001DE2  6F68               	movwf	_keyboard& (0+255),b
  8768   001DE4  0E00               	movlw	0
  8769   001DE6  6F69               	movwf	(_keyboard+1)& (0+255),b
  8770   001DE8                     
  8771                           ; BSR set to: 0
  8772                           ;app_device_keyboard.c: 284:     keyboard.key = 4;
  8773   001DE8  0E04               	movlw	4
  8774   001DEA  6F6C               	movwf	(_keyboard+4)& (0+255),b
  8775   001DEC                     
  8776                           ; BSR set to: 0
  8777                           ;app_device_keyboard.c: 285:     keyboard.waitingForRelease = 0;
  8778   001DEC  6B6D               	clrf	(_keyboard+5)& (0+255),b
  8779   001DEE                     
  8780                           ; BSR set to: 0
  8781                           ;app_device_keyboard.c: 288:     keyboardIdleRate = 500;
  8782   001DEE  0E01               	movlw	1
  8783   001DF0  6F79               	movwf	(_keyboardIdleRate+1)& (0+255),b
  8784   001DF2  0EF4               	movlw	244
  8785   001DF4  6F78               	movwf	_keyboardIdleRate& (0+255),b
  8786                           
  8787                           ;app_device_keyboard.c: 293:     while(OldSOFCount != SOFCounter)
  8788   001DF6  EF01  F00F         	goto	i2l3144
  8789   001DFA                     i2l58:
  8790                           
  8791                           ; BSR set to: 0
  8792                           ;app_device_keyboard.c: 294:     {;app_device_keyboard.c: 295:         OldSOFCount = SOF
      +                          Counter;
  8793   001DFA  C07A  F074         	movff	_SOFCounter,_OldSOFCount	;volatile
  8794   001DFE  C07B  F075         	movff	_SOFCounter+1,_OldSOFCount+1	;volatile
  8795   001E02                     i2l3144:
  8796                           
  8797                           ; BSR set to: 0
  8798                           ;app_device_keyboard.c: 293:     while(OldSOFCount != SOFCounter)
  8799   001E02  517A               	movf	_SOFCounter& (0+255),w,b	;volatile
  8800   001E04  1974               	xorwf	_OldSOFCount& (0+255),w,b
  8801   001E06  E107               	bnz	i2u173_41
  8802   001E08  517B               	movf	(_SOFCounter+1)& (0+255),w,b	;volatile
  8803   001E0A  1975               	xorwf	(_OldSOFCount+1)& (0+255),w,b
  8804   001E0C  A4D8               	btfss	status,2,c
  8805   001E0E  EF0B  F00F         	goto	i2u173_41
  8806   001E12  EF0D  F00F         	goto	i2u173_40
  8807   001E16                     i2u173_41:
  8808   001E16  EFFD  F00E         	goto	i2l58
  8809   001E1A                     i2u173_40:
  8810   001E1A                     
  8811                           ; BSR set to: 0
  8812                           ;app_device_keyboard.c: 299:     USBEnableEndpoint(1, 0x02|0x04|0x10|0x08);
  8813   001E1A  0E1E               	movlw	30
  8814   001E1C  6E3A               	movwf	USBEnableEndpoint@options^0,c
  8815   001E1E  0E01               	movlw	1
  8816   001E20  EC5F  F010         	call	_USBEnableEndpoint
  8817                           
  8818                           ;app_device_keyboard.c: 302:     keyboard.lastOUTTransmission = USBTransferOnePacket(1,0
      +                          ,(uint8_t*)&outputReport,sizeof(outputReport));
  8819   001E24  0E00               	movlw	0
  8820   001E26  6E30               	movwf	i2USBTransferOnePacket@dir^0,c
  8821   001E28  0E08               	movlw	8
  8822   001E2A  6E31               	movwf	i2USBTransferOnePacket@data^0,c
  8823   001E2C  0E05               	movlw	5
  8824   001E2E  6E32               	movwf	(i2USBTransferOnePacket@data+1)^0,c
  8825   001E30  0E01               	movlw	1
  8826   001E32  6E33               	movwf	i2USBTransferOnePacket@len^0,c
  8827   001E34  0E01               	movlw	1
  8828   001E36  EC84  F007         	call	i2_USBTransferOnePacket
  8829   001E3A  C030  F06A         	movff	?i2_USBTransferOnePacket,_keyboard+2
  8830   001E3E  C031  F06B         	movff	?i2_USBTransferOnePacket+1,_keyboard+3
  8831   001E42  0012               	return		;funcret
  8832   001E44                     __end_of_APP_KeyboardInit:
  8833                           	callstack 0
  8834                           
  8835 ;; *************** function i2_USBTransferOnePacket *****************
  8836 ;; Defined at:
  8837 ;;		line 999 in file "usb_device.c"
  8838 ;; Parameters:    Size  Location     Type
  8839 ;;  ep              1    wreg     unsigned char 
  8840 ;;  dir             1    0[COMRAM] unsigned char 
  8841 ;;  data            2    1[COMRAM] PTR unsigned char 
  8842 ;;		 -> inputReport(8), outputReport(1), 
  8843 ;;  len             1    3[COMRAM] unsigned char 
  8844 ;; Auto vars:     Size  Location     Type
  8845 ;;  ep              1    8[COMRAM] unsigned char 
  8846 ;;  handle          2    9[COMRAM] PTR volatile struct __BD
  8847 ;;		 -> RAM(2047), BDT(32), NULL(0), 
  8848 ;; Return value:  Size  Location     Type
  8849 ;;                  2    0[COMRAM] PTR void 
  8850 ;; Registers used:
  8851 ;;		wreg, fsr2l, fsr2h, status,2, status,0, prodl, prodh
  8852 ;; Tracked objects:
  8853 ;;		On entry : 0/0
  8854 ;;		On exit  : 0/0
  8855 ;;		Unchanged: 0/0
  8856 ;; Data sizes:     COMRAM   BANK0   BANK1   BANK2   BANK3  BANK4h   BANK5   BANK6   BANK7
  8857 ;;      Params:         4       0       0       0       0       0       0       0       0
  8858 ;;      Locals:         3       0       0       0       0       0       0       0       0
  8859 ;;      Temps:          4       0       0       0       0       0       0       0       0
  8860 ;;      Totals:        11       0       0       0       0       0       0       0       0
  8861 ;;Total ram usage:       11 bytes
  8862 ;; Hardware stack levels used: 1
  8863 ;; This function calls:
  8864 ;;		Nothing
  8865 ;; This function is called by:
  8866 ;;		_APP_KeyboardInit
  8867 ;; This function uses a non-reentrant model
  8868 ;;
  8869                           
  8870                           	psect	text40
  8871   000F08                     __ptext40:
  8872                           	callstack 0
  8873   000F08                     i2_USBTransferOnePacket:
  8874                           	callstack 23
  8875                           
  8876                           ;incstack = 0
  8877                           ;i2USBTransferOnePacket@ep stored from wreg
  8878   000F08  6E38               	movwf	i2USBTransferOnePacket@ep^0,c
  8879   000F0A                     
  8880                           ;usb_device.c: 999: void* USBTransferOnePacket(uint8_t ep,uint8_t dir,uint8_t* data,uint
      +                          8_t len);usb_device.c: 1000: {;usb_device.c: 1001:     volatile BDT_ENTRY* handle;;usb_d
      +                          evice.c: 1004:     if(dir != 0)
  8881   000F0A  5030               	movf	i2USBTransferOnePacket@dir^0,w,c
  8882   000F0C  B4D8               	btfsc	status,2,c
  8883   000F0E  EF8B  F007         	goto	i2u170_41
  8884   000F12  EF8D  F007         	goto	i2u170_40
  8885   000F16                     i2u170_41:
  8886   000F16  EF99  F007         	goto	i2l3110
  8887   000F1A                     i2u170_40:
  8888   000F1A                     
  8889                           ;usb_device.c: 1005:     {;usb_device.c: 1007:         handle = pBDTEntryIn[ep];
  8890   000F1A  5038               	movf	i2USBTransferOnePacket@ep^0,w,c
  8891   000F1C  0D02               	mullw	2
  8892   000F1E  50F3               	movf	243,w,c
  8893   000F20  0F0D               	addlw	low _pBDTEntryIn
  8894   000F22  6ED9               	movwf	fsr2l,c
  8895   000F24  6ADA               	clrf	fsr2h,c
  8896   000F26  CFDE F039          	movff	postinc2,i2USBTransferOnePacket@handle
  8897   000F2A  CFDD F03A          	movff	postdec2,i2USBTransferOnePacket@handle+1
  8898                           
  8899                           ;usb_device.c: 1008:     }
  8900   000F2E  EFA3  F007         	goto	i2l3112
  8901   000F32                     i2l3110:
  8902                           
  8903                           ;usb_device.c: 1010:     {;usb_device.c: 1012:         handle = pBDTEntryOut[ep];
  8904   000F32  5038               	movf	i2USBTransferOnePacket@ep^0,w,c
  8905   000F34  0D02               	mullw	2
  8906   000F36  50F3               	movf	243,w,c
  8907   000F38  0F11               	addlw	low _pBDTEntryOut
  8908   000F3A  6ED9               	movwf	fsr2l,c
  8909   000F3C  6ADA               	clrf	fsr2h,c
  8910   000F3E  CFDE F039          	movff	postinc2,i2USBTransferOnePacket@handle
  8911   000F42  CFDD F03A          	movff	postdec2,i2USBTransferOnePacket@handle+1
  8912   000F46                     i2l3112:
  8913                           
  8914                           ;usb_device.c: 1017:     if(handle == 0)
  8915   000F46  5039               	movf	i2USBTransferOnePacket@handle^0,w,c
  8916   000F48  103A               	iorwf	(i2USBTransferOnePacket@handle+1)^0,w,c
  8917   000F4A  A4D8               	btfss	status,2,c
  8918   000F4C  EFAA  F007         	goto	i2u171_41
  8919   000F50  EFAC  F007         	goto	i2u171_40
  8920   000F54                     i2u171_41:
  8921   000F54  EFB2  F007         	goto	i2l3118
  8922   000F58                     i2u171_40:
  8923   000F58                     
  8924                           ;usb_device.c: 1018:     {;usb_device.c: 1019:         return 0;
  8925   000F58  0E00               	movlw	0
  8926   000F5A  6E30               	movwf	?i2_USBTransferOnePacket^0,c
  8927   000F5C  0E00               	movlw	0
  8928   000F5E  6E31               	movwf	(?i2_USBTransferOnePacket+1)^0,c
  8929   000F60  EF16  F008         	goto	i2l420
  8930   000F64                     i2l3118:
  8931                           
  8932                           ;usb_device.c: 1033:     handle->ADR = ((uint16_t)(data));
  8933   000F64  EE20 F002          	lfsr	2,2
  8934   000F68  5039               	movf	i2USBTransferOnePacket@handle^0,w,c
  8935   000F6A  26D9               	addwf	fsr2l,f,c
  8936   000F6C  503A               	movf	(i2USBTransferOnePacket@handle+1)^0,w,c
  8937   000F6E  22DA               	addwfc	fsr2h,f,c
  8938   000F70  C031  FFDE         	movff	i2USBTransferOnePacket@data,postinc2
  8939   000F74  C032  FFDD         	movff	i2USBTransferOnePacket@data+1,postdec2
  8940                           
  8941                           ;usb_device.c: 1034:     handle->CNT = len;
  8942   000F78  EE20 F001          	lfsr	2,1
  8943   000F7C  5039               	movf	i2USBTransferOnePacket@handle^0,w,c
  8944   000F7E  26D9               	addwf	fsr2l,f,c
  8945   000F80  503A               	movf	(i2USBTransferOnePacket@handle+1)^0,w,c
  8946   000F82  22DA               	addwfc	fsr2h,f,c
  8947   000F84  C033  FFDF         	movff	i2USBTransferOnePacket@len,indf2
  8948   000F88                     
  8949                           ;usb_device.c: 1035:     handle->STAT.Val &= 0x40;
  8950   000F88  C039  FFD9         	movff	i2USBTransferOnePacket@handle,fsr2l
  8951   000F8C  C03A  FFDA         	movff	i2USBTransferOnePacket@handle+1,fsr2h
  8952   000F90  0E40               	movlw	64
  8953   000F92  16DF               	andwf	indf2,f,c
  8954   000F94                     
  8955                           ;usb_device.c: 1036:     handle->STAT.Val |= (0x08 & 0x08);
  8956   000F94  C039  FFD9         	movff	i2USBTransferOnePacket@handle,fsr2l
  8957   000F98  C03A  FFDA         	movff	i2USBTransferOnePacket@handle+1,fsr2h
  8958   000F9C  0E00               	movlw	0
  8959   000F9E  86DB               	bsf	plusw2,3,c
  8960   000FA0                     
  8961                           ;usb_device.c: 1037:     handle->STAT.Val |= 0x80;
  8962   000FA0  C039  FFD9         	movff	i2USBTransferOnePacket@handle,fsr2l
  8963   000FA4  C03A  FFDA         	movff	i2USBTransferOnePacket@handle+1,fsr2h
  8964   000FA8  0E00               	movlw	0
  8965   000FAA  8EDB               	bsf	plusw2,7,c
  8966   000FAC                     
  8967                           ;usb_device.c: 1040:     if(dir != 0)
  8968   000FAC  5030               	movf	i2USBTransferOnePacket@dir^0,w,c
  8969   000FAE  B4D8               	btfsc	status,2,c
  8970   000FB0  EFDC  F007         	goto	i2u172_41
  8971   000FB4  EFDE  F007         	goto	i2u172_40
  8972   000FB8                     i2u172_41:
  8973   000FB8  EFF9  F007         	goto	i2l3130
  8974   000FBC                     i2u172_40:
  8975   000FBC                     
  8976                           ;usb_device.c: 1041:     {;usb_device.c: 1043:         pBDTEntryIn[ep] = (BDT_ENTRY*)(((
      +                          uint16_t)pBDTEntryIn[ep]) ^ 0x0004);
  8977   000FBC  5038               	movf	i2USBTransferOnePacket@ep^0,w,c
  8978   000FBE  0D02               	mullw	2
  8979   000FC0  50F3               	movf	243,w,c
  8980   000FC2  0F0D               	addlw	low _pBDTEntryIn
  8981   000FC4  6ED9               	movwf	fsr2l,c
  8982   000FC6  6ADA               	clrf	fsr2h,c
  8983   000FC8  CFDE F034          	movff	postinc2,??i2_USBTransferOnePacket
  8984   000FCC  CFDD F035          	movff	postdec2,??i2_USBTransferOnePacket+1
  8985   000FD0  0E04               	movlw	4
  8986   000FD2  1834               	xorwf	??i2_USBTransferOnePacket^0,w,c
  8987   000FD4  6E36               	movwf	(??i2_USBTransferOnePacket+2)^0,c
  8988   000FD6  5035               	movf	(??i2_USBTransferOnePacket+1)^0,w,c
  8989   000FD8  6E37               	movwf	(??i2_USBTransferOnePacket+3)^0,c
  8990   000FDA  5038               	movf	i2USBTransferOnePacket@ep^0,w,c
  8991   000FDC  0D02               	mullw	2
  8992   000FDE  50F3               	movf	243,w,c
  8993   000FE0  0F0D               	addlw	low _pBDTEntryIn
  8994   000FE2  6ED9               	movwf	fsr2l,c
  8995   000FE4  6ADA               	clrf	fsr2h,c
  8996   000FE6  C036  FFDE         	movff	??i2_USBTransferOnePacket+2,postinc2
  8997   000FEA  C037  FFDD         	movff	??i2_USBTransferOnePacket+3,postdec2
  8998                           
  8999                           ;usb_device.c: 1044:     }
  9000   000FEE  EF12  F008         	goto	i2l3132
  9001   000FF2                     i2l3130:
  9002                           
  9003                           ;usb_device.c: 1046:     {;usb_device.c: 1048:         pBDTEntryOut[ep] = (BDT_ENTRY*)((
      +                          (uint16_t)pBDTEntryOut[ep]) ^ 0x0004);
  9004   000FF2  5038               	movf	i2USBTransferOnePacket@ep^0,w,c
  9005   000FF4  0D02               	mullw	2
  9006   000FF6  50F3               	movf	243,w,c
  9007   000FF8  0F11               	addlw	low _pBDTEntryOut
  9008   000FFA  6ED9               	movwf	fsr2l,c
  9009   000FFC  6ADA               	clrf	fsr2h,c
  9010   000FFE  CFDE F034          	movff	postinc2,??i2_USBTransferOnePacket
  9011   001002  CFDD F035          	movff	postdec2,??i2_USBTransferOnePacket+1
  9012   001006  0E04               	movlw	4
  9013   001008  1834               	xorwf	??i2_USBTransferOnePacket^0,w,c
  9014   00100A  6E36               	movwf	(??i2_USBTransferOnePacket+2)^0,c
  9015   00100C  5035               	movf	(??i2_USBTransferOnePacket+1)^0,w,c
  9016   00100E  6E37               	movwf	(??i2_USBTransferOnePacket+3)^0,c
  9017   001010  5038               	movf	i2USBTransferOnePacket@ep^0,w,c
  9018   001012  0D02               	mullw	2
  9019   001014  50F3               	movf	243,w,c
  9020   001016  0F11               	addlw	low _pBDTEntryOut
  9021   001018  6ED9               	movwf	fsr2l,c
  9022   00101A  6ADA               	clrf	fsr2h,c
  9023   00101C  C036  FFDE         	movff	??i2_USBTransferOnePacket+2,postinc2
  9024   001020  C037  FFDD         	movff	??i2_USBTransferOnePacket+3,postdec2
  9025   001024                     i2l3132:
  9026                           
  9027                           ;usb_device.c: 1050:     return (void*)handle;
  9028   001024  C039  F030         	movff	i2USBTransferOnePacket@handle,?i2_USBTransferOnePacket
  9029   001028  C03A  F031         	movff	i2USBTransferOnePacket@handle+1,?i2_USBTransferOnePacket+1
  9030   00102C                     i2l420:
  9031   00102C  0012               	return		;funcret
  9032   00102E                     __end_ofi2_USBTransferOnePacket:
  9033                           	callstack 0
  9034                           
  9035 ;; *************** function _USBEnableEndpoint *****************
  9036 ;; Defined at:
  9037 ;;		line 882 in file "usb_device.c"
  9038 ;; Parameters:    Size  Location     Type
  9039 ;;  ep              1    wreg     unsigned char 
  9040 ;;  options         1   10[COMRAM] unsigned char 
  9041 ;; Auto vars:     Size  Location     Type
  9042 ;;  ep              1   13[COMRAM] unsigned char 
  9043 ;;  p               2   11[COMRAM] PTR unsigned char 
  9044 ;;		 -> UEP0(1), 
  9045 ;; Return value:  Size  Location     Type
  9046 ;;                  1    wreg      void 
  9047 ;; Registers used:
  9048 ;;		wreg, fsr2l, fsr2h, status,2, status,0, prodl, prodh, cstack
  9049 ;; Tracked objects:
  9050 ;;		On entry : 0/0
  9051 ;;		On exit  : 0/0
  9052 ;;		Unchanged: 0/0
  9053 ;; Data sizes:     COMRAM   BANK0   BANK1   BANK2   BANK3  BANK4h   BANK5   BANK6   BANK7
  9054 ;;      Params:         1       0       0       0       0       0       0       0       0
  9055 ;;      Locals:         3       0       0       0       0       0       0       0       0
  9056 ;;      Temps:          0       0       0       0       0       0       0       0       0
  9057 ;;      Totals:         4       0       0       0       0       0       0       0       0
  9058 ;;Total ram usage:        4 bytes
  9059 ;; Hardware stack levels used: 1
  9060 ;; Hardware stack levels required when called: 1
  9061 ;; This function calls:
  9062 ;;		_USBConfigureEndpoint
  9063 ;; This function is called by:
  9064 ;;		_APP_KeyboardInit
  9065 ;; This function uses a non-reentrant model
  9066 ;;
  9067                           
  9068                           	psect	text41
  9069   0020BE                     __ptext41:
  9070                           	callstack 0
  9071   0020BE                     _USBEnableEndpoint:
  9072                           	callstack 22
  9073                           
  9074                           ;incstack = 0
  9075                           ;USBEnableEndpoint@ep stored from wreg
  9076   0020BE  6E3D               	movwf	USBEnableEndpoint@ep^0,c
  9077   0020C0                     
  9078                           ;usb_device.c: 882: void USBEnableEndpoint(uint8_t ep, uint8_t options);usb_device.c: 88
      +                          3: {;usb_device.c: 884:     unsigned char* p;;usb_device.c: 888:     if(options & 0x04)
  9079   0020C0  A43A               	btfss	USBEnableEndpoint@options^0,2,c
  9080   0020C2  EF65  F010         	goto	i2u167_41
  9081   0020C6  EF67  F010         	goto	i2u167_40
  9082   0020CA                     i2u167_41:
  9083   0020CA  EF6C  F010         	goto	i2l3046
  9084   0020CE                     i2u167_40:
  9085   0020CE                     
  9086                           ;usb_device.c: 889:     {;usb_device.c: 890:         USBConfigureEndpoint(ep, 0);
  9087   0020CE  0E00               	movlw	0
  9088   0020D0  6E30               	movwf	USBConfigureEndpoint@direction^0,c
  9089   0020D2  503D               	movf	USBEnableEndpoint@ep^0,w,c
  9090   0020D4  EC1E  F00D         	call	_USBConfigureEndpoint
  9091   0020D8                     i2l3046:
  9092                           
  9093                           ;usb_device.c: 892:     if(options & 0x02)
  9094   0020D8  A23A               	btfss	USBEnableEndpoint@options^0,1,c
  9095   0020DA  EF71  F010         	goto	i2u168_41
  9096   0020DE  EF73  F010         	goto	i2u168_40
  9097   0020E2                     i2u168_41:
  9098   0020E2  EF78  F010         	goto	i2l3050
  9099   0020E6                     i2u168_40:
  9100   0020E6                     
  9101                           ;usb_device.c: 893:     {;usb_device.c: 894:         USBConfigureEndpoint(ep, 1);
  9102   0020E6  0E01               	movlw	1
  9103   0020E8  6E30               	movwf	USBConfigureEndpoint@direction^0,c
  9104   0020EA  503D               	movf	USBEnableEndpoint@ep^0,w,c
  9105   0020EC  EC1E  F00D         	call	_USBConfigureEndpoint
  9106   0020F0                     i2l3050:
  9107                           
  9108                           ;usb_device.c: 903:         p = (unsigned char*)(&UEP0+ep);
  9109   0020F0  0E70               	movlw	112
  9110   0020F2  243D               	addwf	USBEnableEndpoint@ep^0,w,c
  9111   0020F4  6E3B               	movwf	USBEnableEndpoint@p^0,c
  9112   0020F6  6A3C               	clrf	(USBEnableEndpoint@p+1)^0,c
  9113   0020F8  0E0F               	movlw	15
  9114   0020FA  223C               	addwfc	(USBEnableEndpoint@p+1)^0,f,c
  9115   0020FC                     
  9116                           ;usb_device.c: 905:     *p = options;
  9117   0020FC  C03B  FFD9         	movff	USBEnableEndpoint@p,fsr2l
  9118   002100  C03C  FFDA         	movff	USBEnableEndpoint@p+1,fsr2h
  9119   002104  C03A  FFDF         	movff	USBEnableEndpoint@options,indf2
  9120   002108  0012               	return		;funcret
  9121   00210A                     __end_of_USBEnableEndpoint:
  9122                           	callstack 0
  9123                           
  9124 ;; *************** function _USBConfigureEndpoint *****************
  9125 ;; Defined at:
  9126 ;;		line 1547 in file "usb_device.c"
  9127 ;; Parameters:    Size  Location     Type
  9128 ;;  EPNum           1    wreg     unsigned char 
  9129 ;;  direction       1    0[COMRAM] unsigned char 
  9130 ;; Auto vars:     Size  Location     Type
  9131 ;;  EPNum           1    7[COMRAM] unsigned char 
  9132 ;;  handle          2    8[COMRAM] PTR volatile struct __BD
  9133 ;;		 -> BDT(32), 
  9134 ;; Return value:  Size  Location     Type
  9135 ;;                  1    wreg      void 
  9136 ;; Registers used:
  9137 ;;		wreg, fsr2l, fsr2h, status,2, status,0, prodl, prodh
  9138 ;; Tracked objects:
  9139 ;;		On entry : 0/0
  9140 ;;		On exit  : 0/0
  9141 ;;		Unchanged: 0/0
  9142 ;; Data sizes:     COMRAM   BANK0   BANK1   BANK2   BANK3  BANK4h   BANK5   BANK6   BANK7
  9143 ;;      Params:         1       0       0       0       0       0       0       0       0
  9144 ;;      Locals:         3       0       0       0       0       0       0       0       0
  9145 ;;      Temps:          6       0       0       0       0       0       0       0       0
  9146 ;;      Totals:        10       0       0       0       0       0       0       0       0
  9147 ;;Total ram usage:       10 bytes
  9148 ;; Hardware stack levels used: 1
  9149 ;; This function calls:
  9150 ;;		Nothing
  9151 ;; This function is called by:
  9152 ;;		_USBEnableEndpoint
  9153 ;; This function uses a non-reentrant model
  9154 ;;
  9155                           
  9156                           	psect	text42
  9157   001A3C                     __ptext42:
  9158                           	callstack 0
  9159   001A3C                     _USBConfigureEndpoint:
  9160                           	callstack 22
  9161                           
  9162                           ;incstack = 0
  9163                           ;USBConfigureEndpoint@EPNum stored from wreg
  9164   001A3C  6E37               	movwf	USBConfigureEndpoint@EPNum^0,c
  9165   001A3E                     
  9166                           ;usb_device.c: 1547: static void USBConfigureEndpoint(uint8_t EPNum, uint8_t direction);
      +                          usb_device.c: 1548: {;usb_device.c: 1549:     volatile BDT_ENTRY* handle;;usb_device.c: 
      +                          1553:     handle = (volatile BDT_ENTRY*)&BDT[0];
  9167   001A3E  0E00               	movlw	0
  9168   001A40  6E38               	movwf	USBConfigureEndpoint@handle^0,c
  9169   001A42  0E04               	movlw	4
  9170   001A44  6E39               	movwf	(USBConfigureEndpoint@handle+1)^0,c
  9171   001A46                     
  9172                           ;usb_device.c: 1554:     handle += (4*EPNum+2*direction+0u);
  9173   001A46  5030               	movf	USBConfigureEndpoint@direction^0,w,c
  9174   001A48  6E31               	movwf	??_USBConfigureEndpoint^0,c
  9175   001A4A  6A32               	clrf	(??_USBConfigureEndpoint+1)^0,c
  9176   001A4C  90D8               	bcf	status,0,c
  9177   001A4E  3631               	rlcf	??_USBConfigureEndpoint^0,f,c
  9178   001A50  3632               	rlcf	(??_USBConfigureEndpoint+1)^0,f,c
  9179   001A52  5037               	movf	USBConfigureEndpoint@EPNum^0,w,c
  9180   001A54  6E33               	movwf	(??_USBConfigureEndpoint+2)^0,c
  9181   001A56  6A34               	clrf	(??_USBConfigureEndpoint+3)^0,c
  9182   001A58  90D8               	bcf	status,0,c
  9183   001A5A  3633               	rlcf	(??_USBConfigureEndpoint+2)^0,f,c
  9184   001A5C  3634               	rlcf	(??_USBConfigureEndpoint+3)^0,f,c
  9185   001A5E  90D8               	bcf	status,0,c
  9186   001A60  3633               	rlcf	(??_USBConfigureEndpoint+2)^0,f,c
  9187   001A62  3634               	rlcf	(??_USBConfigureEndpoint+3)^0,f,c
  9188   001A64  5031               	movf	??_USBConfigureEndpoint^0,w,c
  9189   001A66  2433               	addwf	(??_USBConfigureEndpoint+2)^0,w,c
  9190   001A68  6E35               	movwf	(??_USBConfigureEndpoint+4)^0,c
  9191   001A6A  5032               	movf	(??_USBConfigureEndpoint+1)^0,w,c
  9192   001A6C  2034               	addwfc	(??_USBConfigureEndpoint+3)^0,w,c
  9193   001A6E  6E36               	movwf	(??_USBConfigureEndpoint+5)^0,c
  9194   001A70  90D8               	bcf	status,0,c
  9195   001A72  3635               	rlcf	(??_USBConfigureEndpoint+4)^0,f,c
  9196   001A74  3636               	rlcf	(??_USBConfigureEndpoint+5)^0,f,c
  9197   001A76  90D8               	bcf	status,0,c
  9198   001A78  3635               	rlcf	(??_USBConfigureEndpoint+4)^0,f,c
  9199   001A7A  3636               	rlcf	(??_USBConfigureEndpoint+5)^0,f,c
  9200   001A7C  5035               	movf	(??_USBConfigureEndpoint+4)^0,w,c
  9201   001A7E  2638               	addwf	USBConfigureEndpoint@handle^0,f,c
  9202   001A80  5036               	movf	(??_USBConfigureEndpoint+5)^0,w,c
  9203   001A82  2239               	addwfc	(USBConfigureEndpoint@handle+1)^0,f,c
  9204   001A84                     
  9205                           ;usb_device.c: 1556:     handle->STAT.UOWN = 0;
  9206   001A84  C038  FFD9         	movff	USBConfigureEndpoint@handle,fsr2l
  9207   001A88  C039  FFDA         	movff	USBConfigureEndpoint@handle+1,fsr2h
  9208   001A8C  9EDF               	bcf	indf2,7,c
  9209   001A8E                     
  9210                           ;usb_device.c: 1561:     if(direction == 0)
  9211   001A8E  5030               	movf	USBConfigureEndpoint@direction^0,w,c
  9212   001A90  A4D8               	btfss	status,2,c
  9213   001A92  EF4D  F00D         	goto	i2u166_41
  9214   001A96  EF4F  F00D         	goto	i2u166_40
  9215   001A9A                     i2u166_41:
  9216   001A9A  EF5B  F00D         	goto	i2l3036
  9217   001A9E                     i2u166_40:
  9218   001A9E                     
  9219                           ;usb_device.c: 1562:     {;usb_device.c: 1563:         pBDTEntryOut[EPNum] = handle;
  9220   001A9E  5037               	movf	USBConfigureEndpoint@EPNum^0,w,c
  9221   001AA0  0D02               	mullw	2
  9222   001AA2  50F3               	movf	243,w,c
  9223   001AA4  0F11               	addlw	low _pBDTEntryOut
  9224   001AA6  6ED9               	movwf	fsr2l,c
  9225   001AA8  6ADA               	clrf	fsr2h,c
  9226   001AAA  C038  FFDE         	movff	USBConfigureEndpoint@handle,postinc2
  9227   001AAE  C039  FFDD         	movff	USBConfigureEndpoint@handle+1,postdec2
  9228                           
  9229                           ;usb_device.c: 1564:     }
  9230   001AB2  EF65  F00D         	goto	i2l3038
  9231   001AB6                     i2l3036:
  9232                           
  9233                           ;usb_device.c: 1566:     {;usb_device.c: 1567:         pBDTEntryIn[EPNum] = handle;
  9234   001AB6  5037               	movf	USBConfigureEndpoint@EPNum^0,w,c
  9235   001AB8  0D02               	mullw	2
  9236   001ABA  50F3               	movf	243,w,c
  9237   001ABC  0F0D               	addlw	low _pBDTEntryIn
  9238   001ABE  6ED9               	movwf	fsr2l,c
  9239   001AC0  6ADA               	clrf	fsr2h,c
  9240   001AC2  C038  FFDE         	movff	USBConfigureEndpoint@handle,postinc2
  9241   001AC6  C039  FFDD         	movff	USBConfigureEndpoint@handle+1,postdec2
  9242   001ACA                     i2l3038:
  9243                           
  9244                           ;usb_device.c: 1571:         handle->STAT.DTS = 0;
  9245   001ACA  C038  FFD9         	movff	USBConfigureEndpoint@handle,fsr2l
  9246   001ACE  C039  FFDA         	movff	USBConfigureEndpoint@handle+1,fsr2h
  9247   001AD2  9CDF               	bcf	indf2,6,c
  9248   001AD4                     
  9249                           ;usb_device.c: 1572:         (handle+1)->STAT.DTS = 1;
  9250   001AD4  EE20 F004          	lfsr	2,4
  9251   001AD8  5038               	movf	USBConfigureEndpoint@handle^0,w,c
  9252   001ADA  26D9               	addwf	fsr2l,f,c
  9253   001ADC  5039               	movf	(USBConfigureEndpoint@handle+1)^0,w,c
  9254   001ADE  22DA               	addwfc	fsr2h,f,c
  9255   001AE0  8CDF               	bsf	indf2,6,c
  9256   001AE2  0012               	return		;funcret
  9257   001AE4                     __end_of_USBConfigureEndpoint:
  9258                           	callstack 0
  9259                           
  9260 ;; *************** function _USBCtrlTrfOutHandler *****************
  9261 ;; Defined at:
  9262 ;;		line 2545 in file "usb_device.c"
  9263 ;; Parameters:    Size  Location     Type
  9264 ;;		None
  9265 ;; Auto vars:     Size  Location     Type
  9266 ;;		None
  9267 ;; Return value:  Size  Location     Type
  9268 ;;                  1    wreg      void 
  9269 ;; Registers used:
  9270 ;;		wreg, fsr1l, fsr1h, fsr2l, fsr2h, status,2, status,0, pcl, pclath, pclatu, tosl, cstack
  9271 ;; Tracked objects:
  9272 ;;		On entry : 0/0
  9273 ;;		On exit  : 0/0
  9274 ;;		Unchanged: 0/0
  9275 ;; Data sizes:     COMRAM   BANK0   BANK1   BANK2   BANK3  BANK4h   BANK5   BANK6   BANK7
  9276 ;;      Params:         0       0       0       0       0       0       0       0       0
  9277 ;;      Locals:         0       0       0       0       0       0       0       0       0
  9278 ;;      Temps:          0       0       0       0       0       0       0       0       0
  9279 ;;      Totals:         0       0       0       0       0       0       0       0       0
  9280 ;;Total ram usage:        0 bytes
  9281 ;; Hardware stack levels used: 1
  9282 ;; Hardware stack levels required when called: 4
  9283 ;; This function calls:
  9284 ;;		_USBCtrlTrfRxService
  9285 ;; This function is called by:
  9286 ;;		_USBCtrlEPService
  9287 ;; This function uses a non-reentrant model
  9288 ;;
  9289                           
  9290                           	psect	text43
  9291   001BD2                     __ptext43:
  9292                           	callstack 0
  9293   001BD2                     _USBCtrlTrfOutHandler:
  9294                           	callstack 20
  9295   001BD2                     
  9296                           ;usb_device.c: 2547:     if(controlTransferState == 2)
  9297   001BD2  0E02               	movlw	2
  9298   001BD4  182A               	xorwf	_controlTransferState^0,w,c	;volatile
  9299   001BD6  A4D8               	btfss	status,2,c
  9300   001BD8  EFF0  F00D         	goto	i2u251_41
  9301   001BDC  EFF2  F00D         	goto	i2u251_40
  9302   001BE0                     i2u251_41:
  9303   001BE0  EFF6  F00D         	goto	i2l566
  9304   001BE4                     i2u251_40:
  9305   001BE4                     
  9306                           ;usb_device.c: 2548:     {;usb_device.c: 2549:         USBCtrlTrfRxService();
  9307   001BE4  ECBC  F003         	call	_USBCtrlTrfRxService	;wreg free
  9308                           
  9309                           ;usb_device.c: 2550:     }
  9310   001BE8  EF20  F00E         	goto	i2l570
  9311   001BEC                     i2l566:
  9312                           
  9313                           ;usb_device.c: 2552:     {;usb_device.c: 2555:         controlTransferState = 0;
  9314   001BEC  6A2A               	clrf	_controlTransferState^0,c	;volatile
  9315   001BEE                     
  9316                           ;usb_device.c: 2562:         if(BothEP0OutUOWNsSet == 0)
  9317   001BEE  5026               	movf	_BothEP0OutUOWNsSet^0,w,c	;volatile
  9318   001BF0  A4D8               	btfss	status,2,c
  9319   001BF2  EFFD  F00D         	goto	i2u252_41
  9320   001BF6  EFFF  F00D         	goto	i2u252_40
  9321   001BFA                     i2u252_41:
  9322   001BFA  EF1F  F00E         	goto	i2l568
  9323   001BFE                     i2u252_40:
  9324   001BFE                     
  9325                           ;usb_device.c: 2563:         {;usb_device.c: 2564:             pBDTEntryEP0OutNext->CNT 
      +                          = 8;
  9326   001BFE  EE20 F001          	lfsr	2,1
  9327   001C02  5019               	movf	_pBDTEntryEP0OutNext^0,w,c
  9328   001C04  26D9               	addwf	fsr2l,f,c
  9329   001C06  501A               	movf	(_pBDTEntryEP0OutNext+1)^0,w,c
  9330   001C08  22DA               	addwfc	fsr2h,f,c
  9331   001C0A  0E08               	movlw	8
  9332   001C0C  6EDF               	movwf	indf2,c
  9333                           
  9334                           ;usb_device.c: 2565:             pBDTEntryEP0OutNext->ADR = ((uint16_t)(&SetupPkt));
  9335   001C0E  EE20 F002          	lfsr	2,2
  9336   001C12  5019               	movf	_pBDTEntryEP0OutNext^0,w,c
  9337   001C14  26D9               	addwf	fsr2l,f,c
  9338   001C16  501A               	movf	(_pBDTEntryEP0OutNext+1)^0,w,c
  9339   001C18  22DA               	addwfc	fsr2h,f,c
  9340   001C1A  0E20               	movlw	32
  9341   001C1C  6EDE               	movwf	postinc2,c
  9342   001C1E  0E04               	movlw	4
  9343   001C20  6EDD               	movwf	postdec2,c
  9344   001C22                     
  9345                           ;usb_device.c: 2566:             pBDTEntryEP0OutNext->STAT.Val = 0x00|(0x08 & 0x08)|0x04
      +                          ;
  9346   001C22  C019  FFD9         	movff	_pBDTEntryEP0OutNext,fsr2l
  9347   001C26  C01A  FFDA         	movff	_pBDTEntryEP0OutNext+1,fsr2h
  9348   001C2A  0E0C               	movlw	12
  9349   001C2C  6EDF               	movwf	indf2,c
  9350   001C2E                     
  9351                           ;usb_device.c: 2567:             pBDTEntryEP0OutNext->STAT.Val |= 0x80;
  9352   001C2E  C019  FFD9         	movff	_pBDTEntryEP0OutNext,fsr2l
  9353   001C32  C01A  FFDA         	movff	_pBDTEntryEP0OutNext+1,fsr2h
  9354   001C36  0E00               	movlw	0
  9355   001C38  8EDB               	bsf	plusw2,7,c
  9356                           
  9357                           ;usb_device.c: 2568:         }
  9358   001C3A  EF20  F00E         	goto	i2l570
  9359   001C3E                     i2l568:
  9360                           
  9361                           ;usb_device.c: 2570:         {;usb_device.c: 2571:             BothEP0OutUOWNsSet = 0;
  9362   001C3E  6A26               	clrf	_BothEP0OutUOWNsSet^0,c	;volatile
  9363   001C40                     i2l570:
  9364   001C40  0012               	return		;funcret
  9365   001C42                     __end_of_USBCtrlTrfOutHandler:
  9366                           	callstack 0
  9367                           
  9368 ;; *************** function _USBCtrlTrfRxService *****************
  9369 ;; Defined at:
  9370 ;;		line 1856 in file "usb_device.c"
  9371 ;; Parameters:    Size  Location     Type
  9372 ;;		None
  9373 ;; Auto vars:     Size  Location     Type
  9374 ;;  byteToRead      1    4[COMRAM] unsigned char 
  9375 ;;  i               1    3[COMRAM] unsigned char 
  9376 ;; Return value:  Size  Location     Type
  9377 ;;                  1    wreg      void 
  9378 ;; Registers used:
  9379 ;;		wreg, fsr1l, fsr1h, fsr2l, fsr2h, status,2, status,0, pcl, pclath, pclatu, tosl, cstack
  9380 ;; Tracked objects:
  9381 ;;		On entry : 0/0
  9382 ;;		On exit  : 0/0
  9383 ;;		Unchanged: 0/0
  9384 ;; Data sizes:     COMRAM   BANK0   BANK1   BANK2   BANK3  BANK4h   BANK5   BANK6   BANK7
  9385 ;;      Params:         0       0       0       0       0       0       0       0       0
  9386 ;;      Locals:         2       0       0       0       0       0       0       0       0
  9387 ;;      Temps:          0       0       0       0       0       0       0       0       0
  9388 ;;      Totals:         2       0       0       0       0       0       0       0       0
  9389 ;;Total ram usage:        2 bytes
  9390 ;; Hardware stack levels used: 1
  9391 ;; Hardware stack levels required when called: 3
  9392 ;; This function calls:
  9393 ;;		_USBCtrlEPAllowStatusStage
  9394 ;;		_USBHIDCBSetReportComplete
  9395 ;; This function is called by:
  9396 ;;		_USBCtrlTrfOutHandler
  9397 ;; This function uses a non-reentrant model
  9398 ;;
  9399                           
  9400                           	psect	text44
  9401   000778                     __ptext44:
  9402                           	callstack 0
  9403   000778                     _USBCtrlTrfRxService:
  9404                           	callstack 20
  9405   000778                     
  9406                           ;usb_device.c: 1858:     uint8_t byteToRead;;usb_device.c: 1859:     uint8_t i;;usb_devi
      +                          ce.c: 1863:     byteToRead = pBDTEntryEP0OutCurrent->CNT;
  9407   000778  EE20 F001          	lfsr	2,1
  9408   00077C  501B               	movf	_pBDTEntryEP0OutCurrent^0,w,c
  9409   00077E  26D9               	addwf	fsr2l,f,c
  9410   000780  501C               	movf	(_pBDTEntryEP0OutCurrent+1)^0,w,c
  9411   000782  22DA               	addwfc	fsr2h,f,c
  9412   000784  50DF               	movf	indf2,w,c
  9413   000786  6E34               	movwf	USBCtrlTrfRxService@byteToRead^0,c
  9414   000788                     
  9415                           ;usb_device.c: 1869:     if(byteToRead > outPipes[0].wCount.Val)
  9416   000788  5034               	movf	USBCtrlTrfRxService@byteToRead^0,w,c
  9417   00078A  5C04               	subwf	(_outPipes+3)^0,w,c	;volatile
  9418   00078C  0E00               	movlw	0
  9419   00078E  5805               	subwfb	(_outPipes+4)^0,w,c	;volatile
  9420   000790  B0D8               	btfsc	status,0,c
  9421   000792  EFCD  F003         	goto	i2u242_41
  9422   000796  EFCF  F003         	goto	i2u242_40
  9423   00079A                     i2u242_41:
  9424   00079A  EFD1  F003         	goto	i2l3644
  9425   00079E                     i2u242_40:
  9426   00079E                     
  9427                           ;usb_device.c: 1870:     {;usb_device.c: 1871:         byteToRead = outPipes[0].wCount.V
      +                          al;
  9428   00079E  C004  F034         	movff	_outPipes+3,USBCtrlTrfRxService@byteToRead	;volatile
  9429   0007A2                     i2l3644:
  9430                           
  9431                           ;usb_device.c: 1874:     outPipes[0].wCount.Val -= byteToRead;
  9432   0007A2  5034               	movf	USBCtrlTrfRxService@byteToRead^0,w,c
  9433   0007A4  5E04               	subwf	(_outPipes+3)^0,f,c	;volatile
  9434   0007A6  0E00               	movlw	0
  9435   0007A8  5A05               	subwfb	(_outPipes+4)^0,f,c	;volatile
  9436   0007AA                     
  9437                           ;usb_device.c: 1878:     for(i=0;i<byteToRead;i++)
  9438   0007AA  6A33               	clrf	USBCtrlTrfRxService@i^0,c
  9439   0007AC  EFE7  F003         	goto	i2l3654
  9440   0007B0                     i2l3648:
  9441                           
  9442                           ;usb_device.c: 1879:     {;usb_device.c: 1880:         *outPipes[0].pDst.bRam++ = CtrlTr
      +                          fData[i];
  9443   0007B0  0E28               	movlw	40
  9444   0007B2  2433               	addwf	USBCtrlTrfRxService@i^0,w,c
  9445   0007B4  6ED9               	movwf	fsr2l,c
  9446   0007B6  6ADA               	clrf	fsr2h,c
  9447   0007B8  0E04               	movlw	4
  9448   0007BA  22DA               	addwfc	fsr2h,f,c
  9449   0007BC  C001  FFE1         	movff	_outPipes,fsr1l	;volatile
  9450   0007C0  C002  FFE2         	movff	_outPipes+1,fsr1h	;volatile
  9451   0007C4  CFDF FFE7          	movff	indf2,indf1
  9452   0007C8  4A01               	infsnz	_outPipes^0,f,c	;volatile
  9453   0007CA  2A02               	incf	(_outPipes+1)^0,f,c	;volatile
  9454   0007CC                     
  9455                           ;usb_device.c: 1881:     }
  9456   0007CC  2A33               	incf	USBCtrlTrfRxService@i^0,f,c
  9457   0007CE                     i2l3654:
  9458   0007CE  5034               	movf	USBCtrlTrfRxService@byteToRead^0,w,c
  9459   0007D0  5C33               	subwf	USBCtrlTrfRxService@i^0,w,c
  9460   0007D2  A0D8               	btfss	status,0,c
  9461   0007D4  EFEE  F003         	goto	i2u243_41
  9462   0007D8  EFF0  F003         	goto	i2u243_40
  9463   0007DC                     i2u243_41:
  9464   0007DC  EFD8  F003         	goto	i2l3648
  9465   0007E0                     i2u243_40:
  9466   0007E0                     
  9467                           ;usb_device.c: 1885:     if(outPipes[0].wCount.Val > 0)
  9468   0007E0  5004               	movf	(_outPipes+3)^0,w,c	;volatile
  9469   0007E2  1005               	iorwf	(_outPipes+4)^0,w,c	;volatile
  9470   0007E4  B4D8               	btfsc	status,2,c
  9471   0007E6  EFF7  F003         	goto	i2u244_41
  9472   0007EA  EFF9  F003         	goto	i2u244_40
  9473   0007EE                     i2u244_41:
  9474   0007EE  EF32  F004         	goto	i2l3670
  9475   0007F2                     i2u244_40:
  9476   0007F2                     
  9477                           ;usb_device.c: 1886:     {;usb_device.c: 1887:         pBDTEntryEP0OutNext->CNT = 8;
  9478   0007F2  EE20 F001          	lfsr	2,1
  9479   0007F6  5019               	movf	_pBDTEntryEP0OutNext^0,w,c
  9480   0007F8  26D9               	addwf	fsr2l,f,c
  9481   0007FA  501A               	movf	(_pBDTEntryEP0OutNext+1)^0,w,c
  9482   0007FC  22DA               	addwfc	fsr2h,f,c
  9483   0007FE  0E08               	movlw	8
  9484   000800  6EDF               	movwf	indf2,c
  9485                           
  9486                           ;usb_device.c: 1888:         pBDTEntryEP0OutNext->ADR = ((uint16_t)(&CtrlTrfData));
  9487   000802  EE20 F002          	lfsr	2,2
  9488   000806  5019               	movf	_pBDTEntryEP0OutNext^0,w,c
  9489   000808  26D9               	addwf	fsr2l,f,c
  9490   00080A  501A               	movf	(_pBDTEntryEP0OutNext+1)^0,w,c
  9491   00080C  22DA               	addwfc	fsr2h,f,c
  9492   00080E  0E28               	movlw	40
  9493   000810  6EDE               	movwf	postinc2,c
  9494   000812  0E04               	movlw	4
  9495   000814  6EDD               	movwf	postdec2,c
  9496   000816                     
  9497                           ;usb_device.c: 1889:         if(pBDTEntryEP0OutCurrent->STAT.DTS == 0)
  9498   000816  C01B  FFD9         	movff	_pBDTEntryEP0OutCurrent,fsr2l
  9499   00081A  C01C  FFDA         	movff	_pBDTEntryEP0OutCurrent+1,fsr2h
  9500   00081E  BCDF               	btfsc	indf2,6,c
  9501   000820  EF14  F004         	goto	i2u245_41
  9502   000824  EF16  F004         	goto	i2u245_40
  9503   000828                     i2u245_41:
  9504   000828  EF24  F004         	goto	i2l3666
  9505   00082C                     i2u245_40:
  9506   00082C                     
  9507                           ;usb_device.c: 1890:         {;usb_device.c: 1891:             pBDTEntryEP0OutNext->STAT
      +                          .Val = 0x40|(0x08 & 0x08);
  9508   00082C  C019  FFD9         	movff	_pBDTEntryEP0OutNext,fsr2l
  9509   000830  C01A  FFDA         	movff	_pBDTEntryEP0OutNext+1,fsr2h
  9510   000834  0E48               	movlw	72
  9511   000836  6EDF               	movwf	indf2,c
  9512   000838                     
  9513                           ;usb_device.c: 1892:             pBDTEntryEP0OutNext->STAT.Val |= 0x80;
  9514   000838  C019  FFD9         	movff	_pBDTEntryEP0OutNext,fsr2l
  9515   00083C  C01A  FFDA         	movff	_pBDTEntryEP0OutNext+1,fsr2h
  9516   000840  0E00               	movlw	0
  9517   000842  8EDB               	bsf	plusw2,7,c
  9518                           
  9519                           ;usb_device.c: 1893:         }
  9520   000844  EF73  F004         	goto	i2l502
  9521   000848                     i2l3666:
  9522                           
  9523                           ;usb_device.c: 1895:         {;usb_device.c: 1896:             pBDTEntryEP0OutNext->STAT
      +                          .Val = 0x00|(0x08 & 0x08);
  9524   000848  C019  FFD9         	movff	_pBDTEntryEP0OutNext,fsr2l
  9525   00084C  C01A  FFDA         	movff	_pBDTEntryEP0OutNext+1,fsr2h
  9526   000850  0E08               	movlw	8
  9527   000852  6EDF               	movwf	indf2,c
  9528   000854                     
  9529                           ;usb_device.c: 1897:             pBDTEntryEP0OutNext->STAT.Val |= 0x80;
  9530   000854  C019  FFD9         	movff	_pBDTEntryEP0OutNext,fsr2l
  9531   000858  C01A  FFDA         	movff	_pBDTEntryEP0OutNext+1,fsr2h
  9532   00085C  0E00               	movlw	0
  9533   00085E  8EDB               	bsf	plusw2,7,c
  9534   000860  EF73  F004         	goto	i2l502
  9535   000864                     i2l3670:
  9536                           
  9537                           ;usb_device.c: 1901:     {;usb_device.c: 1905:         pBDTEntryEP0OutNext->CNT = 8;
  9538   000864  EE20 F001          	lfsr	2,1
  9539   000868  5019               	movf	_pBDTEntryEP0OutNext^0,w,c
  9540   00086A  26D9               	addwf	fsr2l,f,c
  9541   00086C  501A               	movf	(_pBDTEntryEP0OutNext+1)^0,w,c
  9542   00086E  22DA               	addwfc	fsr2h,f,c
  9543   000870  0E08               	movlw	8
  9544   000872  6EDF               	movwf	indf2,c
  9545                           
  9546                           ;usb_device.c: 1906:         pBDTEntryEP0OutNext->ADR = ((uint16_t)(&SetupPkt));
  9547   000874  EE20 F002          	lfsr	2,2
  9548   000878  5019               	movf	_pBDTEntryEP0OutNext^0,w,c
  9549   00087A  26D9               	addwf	fsr2l,f,c
  9550   00087C  501A               	movf	(_pBDTEntryEP0OutNext+1)^0,w,c
  9551   00087E  22DA               	addwfc	fsr2h,f,c
  9552   000880  0E20               	movlw	32
  9553   000882  6EDE               	movwf	postinc2,c
  9554   000884  0E04               	movlw	4
  9555   000886  6EDD               	movwf	postdec2,c
  9556   000888                     
  9557                           ;usb_device.c: 1910:         pBDTEntryEP0OutNext->STAT.Val = 0x04;
  9558   000888  C019  FFD9         	movff	_pBDTEntryEP0OutNext,fsr2l
  9559   00088C  C01A  FFDA         	movff	_pBDTEntryEP0OutNext+1,fsr2h
  9560   000890  0E04               	movlw	4
  9561   000892  6EDF               	movwf	indf2,c
  9562   000894                     
  9563                           ;usb_device.c: 1911:         pBDTEntryEP0OutNext->STAT.Val |= 0x80;
  9564   000894  C019  FFD9         	movff	_pBDTEntryEP0OutNext,fsr2l
  9565   000898  C01A  FFDA         	movff	_pBDTEntryEP0OutNext+1,fsr2h
  9566   00089C  0E00               	movlw	0
  9567   00089E  8EDB               	bsf	plusw2,7,c
  9568   0008A0                     
  9569                           ;usb_device.c: 1918:         if(outPipes[0].pFunc != ((void*)0))
  9570   0008A0  5006               	movf	(_outPipes+5)^0,w,c	;volatile
  9571   0008A2  1007               	iorwf	(_outPipes+6)^0,w,c	;volatile
  9572   0008A4  B4D8               	btfsc	status,2,c
  9573   0008A6  EF57  F004         	goto	i2u246_41
  9574   0008AA  EF59  F004         	goto	i2u246_40
  9575   0008AE                     i2u246_41:
  9576   0008AE  EF68  F004         	goto	i2l3680
  9577   0008B2                     i2u246_40:
  9578   0008B2                     
  9579                           ;usb_device.c: 1919:         {
  9580   0008B2  EE20  F006         	lfsr	2,_outPipes+5	;volatile
  9581   0008B6  D802               	call	i2u247_48
  9582   0008B8  EF68  F004         	goto	i2u247_49
  9583   0008BC                     i2u247_48:
  9584   0008BC  0005               	push	
  9585   0008BE  6EFA               	movwf	pclath,c
  9586   0008C0  50DE               	movf	postinc2,w,c
  9587   0008C2  6EFD               	movwf	tosl,c
  9588   0008C4  50DE               	movf	postinc2,w,c
  9589   0008C6  6EFE               	movwf	tosh,c
  9590   0008C8  50F8               	movf	tblptru,w,c
  9591   0008CA  6EFF               	movwf	tosu,c
  9592   0008CC  50FA               	movf	pclath,w,c
  9593   0008CE  0012               	return		;indir
  9594   0008D0                     i2u247_49:
  9595   0008D0                     i2l3680:
  9596   0008D0  9E03               	bcf	(_outPipes+2)^0,7,c	;volatile
  9597   0008D2                     
  9598                           ;usb_device.c: 1945:         if(USBDeferStatusStagePacket == 0)
  9599   0008D2  5024               	movf	_USBDeferStatusStagePacket^0,w,c	;volatile
  9600   0008D4  A4D8               	btfss	status,2,c
  9601   0008D6  EF6F  F004         	goto	i2u248_41
  9602   0008DA  EF71  F004         	goto	i2u248_40
  9603   0008DE                     i2u248_41:
  9604   0008DE  EF73  F004         	goto	i2l502
  9605   0008E2                     i2u248_40:
  9606   0008E2                     
  9607                           ;usb_device.c: 1946:         {;usb_device.c: 1947:             USBCtrlEPAllowStatusStage
      +                          ();
  9608   0008E2  EC24  F00B         	call	_USBCtrlEPAllowStatusStage	;wreg free
  9609   0008E6                     i2l502:
  9610   0008E6  0012               	return		;funcret
  9611   0008E8                     __end_of_USBCtrlTrfRxService:
  9612                           	callstack 0
  9613                           
  9614 ;; *************** function _USBCtrlEPAllowStatusStage *****************
  9615 ;; Defined at:
  9616 ;;		line 1420 in file "usb_device.c"
  9617 ;; Parameters:    Size  Location     Type
  9618 ;;		None
  9619 ;; Auto vars:     Size  Location     Type
  9620 ;;		None
  9621 ;; Return value:  Size  Location     Type
  9622 ;;                  1    wreg      void 
  9623 ;; Registers used:
  9624 ;;		wreg, fsr2l, fsr2h, status,2, status,0
  9625 ;; Tracked objects:
  9626 ;;		On entry : 0/0
  9627 ;;		On exit  : 0/0
  9628 ;;		Unchanged: 0/0
  9629 ;; Data sizes:     COMRAM   BANK0   BANK1   BANK2   BANK3  BANK4h   BANK5   BANK6   BANK7
  9630 ;;      Params:         0       0       0       0       0       0       0       0       0
  9631 ;;      Locals:         0       0       0       0       0       0       0       0       0
  9632 ;;      Temps:          0       0       0       0       0       0       0       0       0
  9633 ;;      Totals:         0       0       0       0       0       0       0       0       0
  9634 ;;Total ram usage:        0 bytes
  9635 ;; Hardware stack levels used: 1
  9636 ;; This function calls:
  9637 ;;		Nothing
  9638 ;; This function is called by:
  9639 ;;		_USBDeviceTasks
  9640 ;;		_USBCtrlEPServiceComplete
  9641 ;;		_USBCtrlTrfRxService
  9642 ;; This function uses a non-reentrant model
  9643 ;;
  9644                           
  9645                           	psect	text45
  9646   001648                     __ptext45:
  9647                           	callstack 0
  9648   001648                     _USBCtrlEPAllowStatusStage:
  9649                           	callstack 22
  9650   001648                     
  9651                           ;usb_device.c: 1427:     if(USBStatusStageEnabledFlag1 == 0)
  9652   001648  5023               	movf	_USBStatusStageEnabledFlag1^0,w,c	;volatile
  9653   00164A  A4D8               	btfss	status,2,c
  9654   00164C  EF2A  F00B         	goto	i2u197_41
  9655   001650  EF2C  F00B         	goto	i2u197_40
  9656   001654                     i2u197_41:
  9657   001654  EF99  F00B         	goto	i2l450
  9658   001658                     i2u197_40:
  9659   001658                     
  9660                           ;usb_device.c: 1428:     {;usb_device.c: 1429:         USBStatusStageEnabledFlag1 = 1;
  9661   001658  0E01               	movlw	1
  9662   00165A  6E23               	movwf	_USBStatusStageEnabledFlag1^0,c	;volatile
  9663                           
  9664                           ;usb_device.c: 1430:         if(USBStatusStageEnabledFlag2 == 0)
  9665   00165C  5022               	movf	_USBStatusStageEnabledFlag2^0,w,c	;volatile
  9666   00165E  A4D8               	btfss	status,2,c
  9667   001660  EF34  F00B         	goto	i2u198_41
  9668   001664  EF36  F00B         	goto	i2u198_40
  9669   001668                     i2u198_41:
  9670   001668  EF99  F00B         	goto	i2l450
  9671   00166C                     i2u198_40:
  9672   00166C                     
  9673                           ;usb_device.c: 1431:         {;usb_device.c: 1432:             USBStatusStageEnabledFlag
      +                          2 = 1;
  9674   00166C  0E01               	movlw	1
  9675   00166E  6E22               	movwf	_USBStatusStageEnabledFlag2^0,c	;volatile
  9676   001670                     
  9677                           ;usb_device.c: 1436:             if(controlTransferState == 2)
  9678   001670  0E02               	movlw	2
  9679   001672  182A               	xorwf	_controlTransferState^0,w,c	;volatile
  9680   001674  A4D8               	btfss	status,2,c
  9681   001676  EF3F  F00B         	goto	i2u199_41
  9682   00167A  EF41  F00B         	goto	i2u199_40
  9683   00167E                     i2u199_41:
  9684   00167E  EF56  F00B         	goto	i2l3368
  9685   001682                     i2u199_40:
  9686   001682                     
  9687                           ;usb_device.c: 1437:             {;usb_device.c: 1438:                 pBDTEntryIn[0]->C
      +                          NT = 0;
  9688   001682  EE20 F001          	lfsr	2,1
  9689   001686  500D               	movf	_pBDTEntryIn^0,w,c
  9690   001688  26D9               	addwf	fsr2l,f,c
  9691   00168A  500E               	movf	(_pBDTEntryIn+1)^0,w,c
  9692   00168C  22DA               	addwfc	fsr2h,f,c
  9693   00168E  6ADF               	clrf	indf2,c
  9694   001690                     
  9695                           ;usb_device.c: 1439:                 pBDTEntryIn[0]->STAT.Val = 0x40|(0x08 & 0x08);
  9696   001690  C00D  FFD9         	movff	_pBDTEntryIn,fsr2l
  9697   001694  C00E  FFDA         	movff	_pBDTEntryIn+1,fsr2h
  9698   001698  0E48               	movlw	72
  9699   00169A  6EDF               	movwf	indf2,c
  9700   00169C                     
  9701                           ;usb_device.c: 1440:                 pBDTEntryIn[0]->STAT.Val |= 0x80;
  9702   00169C  C00D  FFD9         	movff	_pBDTEntryIn,fsr2l
  9703   0016A0  C00E  FFDA         	movff	_pBDTEntryIn+1,fsr2h
  9704   0016A4  0E00               	movlw	0
  9705   0016A6  8EDB               	bsf	plusw2,7,c
  9706                           
  9707                           ;usb_device.c: 1441:             }
  9708   0016A8  EF99  F00B         	goto	i2l450
  9709   0016AC                     i2l3368:
  9710   0016AC  042A               	decf	_controlTransferState^0,w,c	;volatile
  9711   0016AE  A4D8               	btfss	status,2,c
  9712   0016B0  EF5C  F00B         	goto	i2u200_41
  9713   0016B4  EF5E  F00B         	goto	i2u200_40
  9714   0016B8                     i2u200_41:
  9715   0016B8  EF99  F00B         	goto	i2l446
  9716   0016BC                     i2u200_40:
  9717   0016BC                     
  9718                           ;usb_device.c: 1443:             {;usb_device.c: 1444:                 BothEP0OutUOWNsSe
      +                          t = 0;
  9719   0016BC  6A26               	clrf	_BothEP0OutUOWNsSet^0,c	;volatile
  9720   0016BE                     
  9721                           ;usb_device.c: 1449:                     pBDTEntryEP0OutCurrent->CNT = 8;
  9722   0016BE  EE20 F001          	lfsr	2,1
  9723   0016C2  501B               	movf	_pBDTEntryEP0OutCurrent^0,w,c
  9724   0016C4  26D9               	addwf	fsr2l,f,c
  9725   0016C6  501C               	movf	(_pBDTEntryEP0OutCurrent+1)^0,w,c
  9726   0016C8  22DA               	addwfc	fsr2h,f,c
  9727   0016CA  0E08               	movlw	8
  9728   0016CC  6EDF               	movwf	indf2,c
  9729                           
  9730                           ;usb_device.c: 1450:                     pBDTEntryEP0OutCurrent->ADR = ((uint16_t)(&Setu
      +                          pPkt));
  9731   0016CE  EE20 F002          	lfsr	2,2
  9732   0016D2  501B               	movf	_pBDTEntryEP0OutCurrent^0,w,c
  9733   0016D4  26D9               	addwf	fsr2l,f,c
  9734   0016D6  501C               	movf	(_pBDTEntryEP0OutCurrent+1)^0,w,c
  9735   0016D8  22DA               	addwfc	fsr2h,f,c
  9736   0016DA  0E20               	movlw	32
  9737   0016DC  6EDE               	movwf	postinc2,c
  9738   0016DE  0E04               	movlw	4
  9739   0016E0  6EDD               	movwf	postdec2,c
  9740   0016E2                     
  9741                           ;usb_device.c: 1451:                     pBDTEntryEP0OutCurrent->STAT.Val = 0x04;
  9742   0016E2  C01B  FFD9         	movff	_pBDTEntryEP0OutCurrent,fsr2l
  9743   0016E6  C01C  FFDA         	movff	_pBDTEntryEP0OutCurrent+1,fsr2h
  9744   0016EA  0E04               	movlw	4
  9745   0016EC  6EDF               	movwf	indf2,c
  9746   0016EE                     
  9747                           ;usb_device.c: 1452:                     pBDTEntryEP0OutCurrent->STAT.Val |= 0x80;
  9748   0016EE  C01B  FFD9         	movff	_pBDTEntryEP0OutCurrent,fsr2l
  9749   0016F2  C01C  FFDA         	movff	_pBDTEntryEP0OutCurrent+1,fsr2h
  9750   0016F6  0E00               	movlw	0
  9751   0016F8  8EDB               	bsf	plusw2,7,c
  9752   0016FA                     
  9753                           ;usb_device.c: 1453:                     BothEP0OutUOWNsSet = 1;
  9754   0016FA  0E01               	movlw	1
  9755   0016FC  6E26               	movwf	_BothEP0OutUOWNsSet^0,c	;volatile
  9756   0016FE                     
  9757                           ;usb_device.c: 1457:                 pBDTEntryEP0OutNext->CNT = 8;
  9758   0016FE  EE20 F001          	lfsr	2,1
  9759   001702  5019               	movf	_pBDTEntryEP0OutNext^0,w,c
  9760   001704  26D9               	addwf	fsr2l,f,c
  9761   001706  501A               	movf	(_pBDTEntryEP0OutNext+1)^0,w,c
  9762   001708  22DA               	addwfc	fsr2h,f,c
  9763   00170A  0E08               	movlw	8
  9764   00170C  6EDF               	movwf	indf2,c
  9765   00170E                     
  9766                           ;usb_device.c: 1458:                 pBDTEntryEP0OutNext->ADR = ((uint16_t)(&SetupPkt));
  9767   00170E  EE20 F002          	lfsr	2,2
  9768   001712  5019               	movf	_pBDTEntryEP0OutNext^0,w,c
  9769   001714  26D9               	addwf	fsr2l,f,c
  9770   001716  501A               	movf	(_pBDTEntryEP0OutNext+1)^0,w,c
  9771   001718  22DA               	addwfc	fsr2h,f,c
  9772   00171A  0E20               	movlw	32
  9773   00171C  6EDE               	movwf	postinc2,c
  9774   00171E  0E04               	movlw	4
  9775   001720  6EDD               	movwf	postdec2,c
  9776   001722                     
  9777                           ;usb_device.c: 1459:                 pBDTEntryEP0OutNext->STAT.Val = 0x80;
  9778   001722  C019  FFD9         	movff	_pBDTEntryEP0OutNext,fsr2l
  9779   001726  C01A  FFDA         	movff	_pBDTEntryEP0OutNext+1,fsr2h
  9780   00172A  0E80               	movlw	128
  9781   00172C  6EDF               	movwf	indf2,c
  9782   00172E  EF99  F00B         	goto	i2l450
  9783   001732                     i2l446:
  9784   001732                     i2l450:
  9785   001732  0012               	return		;funcret
  9786   001734                     __end_of_USBCtrlEPAllowStatusStage:
  9787                           	callstack 0
  9788                           
  9789 ;; *************** function _USBCtrlTrfInHandler *****************
  9790 ;; Defined at:
  9791 ;;		line 2599 in file "usb_device.c"
  9792 ;; Parameters:    Size  Location     Type
  9793 ;;		None
  9794 ;; Auto vars:     Size  Location     Type
  9795 ;;  lastDTS         1    3[COMRAM] unsigned char 
  9796 ;; Return value:  Size  Location     Type
  9797 ;;                  1    wreg      void 
  9798 ;; Registers used:
  9799 ;;		wreg, fsr1l, fsr1h, fsr2l, fsr2h, status,2, status,0, pcl, pclath, pclatu, tosl, tblptrl, tblptrh, tblptru, cstack
  9800 ;; Tracked objects:
  9801 ;;		On entry : 0/0
  9802 ;;		On exit  : 0/0
  9803 ;;		Unchanged: 0/0
  9804 ;; Data sizes:     COMRAM   BANK0   BANK1   BANK2   BANK3  BANK4h   BANK5   BANK6   BANK7
  9805 ;;      Params:         0       0       0       0       0       0       0       0       0
  9806 ;;      Locals:         1       0       0       0       0       0       0       0       0
  9807 ;;      Temps:          0       0       0       0       0       0       0       0       0
  9808 ;;      Totals:         1       0       0       0       0       0       0       0       0
  9809 ;;Total ram usage:        1 bytes
  9810 ;; Hardware stack levels used: 1
  9811 ;; Hardware stack levels required when called: 3
  9812 ;; This function calls:
  9813 ;;		_USBCtrlTrfTxService
  9814 ;;		_USBHIDCBSetReportComplete
  9815 ;; This function is called by:
  9816 ;;		_USBCtrlEPService
  9817 ;; This function uses a non-reentrant model
  9818 ;;
  9819                           
  9820                           	psect	text46
  9821   000CAC                     __ptext46:
  9822                           	callstack 0
  9823   000CAC                     _USBCtrlTrfInHandler:
  9824                           	callstack 21
  9825   000CAC                     
  9826                           ;usb_device.c: 2601:     uint8_t lastDTS;;usb_device.c: 2603:     lastDTS = pBDTEntryIn[
      +                          0]->STAT.DTS;
  9827   000CAC  C00D  FFD9         	movff	_pBDTEntryIn,fsr2l
  9828   000CB0  C00E  FFDA         	movff	_pBDTEntryIn+1,fsr2h
  9829   000CB4  0E00               	movlw	0
  9830   000CB6  BCDF               	btfsc	indf2,6,c
  9831   000CB8  0E01               	movlw	1
  9832   000CBA  6E33               	movwf	USBCtrlTrfInHandler@lastDTS^0,c
  9833   000CBC                     
  9834                           ;usb_device.c: 2606:     pBDTEntryIn[0] = (volatile BDT_ENTRY*)(((uint16_t)pBDTEntryIn[0
      +                          ]) ^ 0x0004);
  9835   000CBC  0E04               	movlw	4
  9836   000CBE  180D               	xorwf	_pBDTEntryIn^0,w,c
  9837   000CC0  6E0D               	movwf	_pBDTEntryIn^0,c
  9838   000CC2  500E               	movf	(_pBDTEntryIn+1)^0,w,c
  9839   000CC4  6E0E               	movwf	(_pBDTEntryIn+1)^0,c
  9840   000CC6                     
  9841                           ;usb_device.c: 2611:     if(USBDeviceState == ADR_PENDING_STATE)
  9842   000CC6  0E08               	movlw	8
  9843   000CC8  182C               	xorwf	_USBDeviceState^0,w,c	;volatile
  9844   000CCA  A4D8               	btfss	status,2,c
  9845   000CCC  EF6A  F006         	goto	i2u253_41
  9846   000CD0  EF6C  F006         	goto	i2u253_40
  9847   000CD4                     i2u253_41:
  9848   000CD4  EF7E  F006         	goto	i2l3810
  9849   000CD8                     i2u253_40:
  9850   000CD8                     
  9851                           ;usb_device.c: 2612:     {;usb_device.c: 2613:         UADDR = (SetupPkt.bDevADR & 0x7F)
      +                          ;
  9852   000CD8  0104               	movlb	4	; () banked
  9853   000CDA  5122               	movf	34,w,b	;volatile
  9854   000CDC  0B7F               	andlw	127
  9855   000CDE  6E6E               	movwf	110,c	;volatile
  9856   000CE0                     
  9857                           ; BSR set to: 4
  9858                           ;usb_device.c: 2614:         if(UADDR != 0u)
  9859   000CE0  506E               	movf	110,w,c	;volatile
  9860   000CE2  B4D8               	btfsc	status,2,c
  9861   000CE4  EF76  F006         	goto	i2u254_41
  9862   000CE8  EF78  F006         	goto	i2u254_40
  9863   000CEC                     i2u254_41:
  9864   000CEC  EF7C  F006         	goto	i2l3808
  9865   000CF0                     i2u254_40:
  9866   000CF0                     
  9867                           ; BSR set to: 4
  9868                           ;usb_device.c: 2615:         {;usb_device.c: 2616:             USBDeviceState=ADDRESS_ST
      +                          ATE;
  9869   000CF0  0E10               	movlw	16
  9870   000CF2  6E2C               	movwf	_USBDeviceState^0,c	;volatile
  9871                           
  9872                           ;usb_device.c: 2617:         }
  9873   000CF4  EF7E  F006         	goto	i2l3810
  9874   000CF8                     i2l3808:
  9875                           
  9876                           ; BSR set to: 4
  9877                           ;usb_device.c: 2619:         {;usb_device.c: 2620:             USBDeviceState=DEFAULT_ST
      +                          ATE;
  9878   000CF8  0E04               	movlw	4
  9879   000CFA  6E2C               	movwf	_USBDeviceState^0,c	;volatile
  9880   000CFC                     i2l3810:
  9881                           
  9882                           ;usb_device.c: 2625:     if(controlTransferState == 1)
  9883   000CFC  042A               	decf	_controlTransferState^0,w,c	;volatile
  9884   000CFE  A4D8               	btfss	status,2,c
  9885   000D00  EF84  F006         	goto	i2u255_41
  9886   000D04  EF86  F006         	goto	i2u255_40
  9887   000D08                     i2u255_41:
  9888   000D08  EFCD  F006         	goto	i2l576
  9889   000D0C                     i2u255_40:
  9890   000D0C                     
  9891                           ;usb_device.c: 2626:     {;usb_device.c: 2627:         pBDTEntryIn[0]->ADR = ((uint16_t)
      +                          (CtrlTrfData));
  9892   000D0C  EE20 F002          	lfsr	2,2
  9893   000D10  500D               	movf	_pBDTEntryIn^0,w,c
  9894   000D12  26D9               	addwf	fsr2l,f,c
  9895   000D14  500E               	movf	(_pBDTEntryIn+1)^0,w,c
  9896   000D16  22DA               	addwfc	fsr2h,f,c
  9897   000D18  0E28               	movlw	40
  9898   000D1A  6EDE               	movwf	postinc2,c
  9899   000D1C  0E04               	movlw	4
  9900   000D1E  6EDD               	movwf	postdec2,c
  9901   000D20                     
  9902                           ;usb_device.c: 2628:         USBCtrlTrfTxService();
  9903   000D20  EC2A  F009         	call	_USBCtrlTrfTxService	;wreg free
  9904   000D24                     
  9905                           ;usb_device.c: 2634:         if(shortPacketStatus == 2)
  9906   000D24  0E02               	movlw	2
  9907   000D26  182B               	xorwf	_shortPacketStatus^0,w,c	;volatile
  9908   000D28  A4D8               	btfss	status,2,c
  9909   000D2A  EF99  F006         	goto	i2u256_41
  9910   000D2E  EF9B  F006         	goto	i2u256_40
  9911   000D32                     i2u256_41:
  9912   000D32  EFA9  F006         	goto	i2l3822
  9913   000D36                     i2u256_40:
  9914   000D36                     
  9915                           ;usb_device.c: 2635:         {;usb_device.c: 2638:             pBDTEntryIn[0]->STAT.Val 
      +                          = 0x04;
  9916   000D36  C00D  FFD9         	movff	_pBDTEntryIn,fsr2l
  9917   000D3A  C00E  FFDA         	movff	_pBDTEntryIn+1,fsr2h
  9918   000D3E  0E04               	movlw	4
  9919   000D40  6EDF               	movwf	indf2,c
  9920   000D42                     
  9921                           ;usb_device.c: 2639:             pBDTEntryIn[0]->STAT.Val |= 0x80;
  9922   000D42  C00D  FFD9         	movff	_pBDTEntryIn,fsr2l
  9923   000D46  C00E  FFDA         	movff	_pBDTEntryIn+1,fsr2h
  9924   000D4A  0E00               	movlw	0
  9925   000D4C  8EDB               	bsf	plusw2,7,c
  9926                           
  9927                           ;usb_device.c: 2640:         }
  9928   000D4E  EFEE  F006         	goto	i2l584
  9929   000D52                     i2l3822:
  9930                           
  9931                           ;usb_device.c: 2642:         {;usb_device.c: 2643:             if(lastDTS == 0)
  9932   000D52  5033               	movf	USBCtrlTrfInHandler@lastDTS^0,w,c
  9933   000D54  A4D8               	btfss	status,2,c
  9934   000D56  EFAF  F006         	goto	i2u257_41
  9935   000D5A  EFB1  F006         	goto	i2u257_40
  9936   000D5E                     i2u257_41:
  9937   000D5E  EFBF  F006         	goto	i2l3828
  9938   000D62                     i2u257_40:
  9939   000D62                     
  9940                           ;usb_device.c: 2644:             {;usb_device.c: 2645:                 pBDTEntryIn[0]->S
      +                          TAT.Val = 0x40|(0x08 & 0x08);
  9941   000D62  C00D  FFD9         	movff	_pBDTEntryIn,fsr2l
  9942   000D66  C00E  FFDA         	movff	_pBDTEntryIn+1,fsr2h
  9943   000D6A  0E48               	movlw	72
  9944   000D6C  6EDF               	movwf	indf2,c
  9945   000D6E                     
  9946                           ;usb_device.c: 2646:                 pBDTEntryIn[0]->STAT.Val |= 0x80;
  9947   000D6E  C00D  FFD9         	movff	_pBDTEntryIn,fsr2l
  9948   000D72  C00E  FFDA         	movff	_pBDTEntryIn+1,fsr2h
  9949   000D76  0E00               	movlw	0
  9950   000D78  8EDB               	bsf	plusw2,7,c
  9951                           
  9952                           ;usb_device.c: 2647:             }
  9953   000D7A  EFEE  F006         	goto	i2l584
  9954   000D7E                     i2l3828:
  9955                           
  9956                           ;usb_device.c: 2649:             {;usb_device.c: 2650:                 pBDTEntryIn[0]->S
      +                          TAT.Val = 0x00|(0x08 & 0x08);
  9957   000D7E  C00D  FFD9         	movff	_pBDTEntryIn,fsr2l
  9958   000D82  C00E  FFDA         	movff	_pBDTEntryIn+1,fsr2h
  9959   000D86  0E08               	movlw	8
  9960   000D88  6EDF               	movwf	indf2,c
  9961   000D8A                     
  9962                           ;usb_device.c: 2651:                 pBDTEntryIn[0]->STAT.Val |= 0x80;
  9963   000D8A  C00D  FFD9         	movff	_pBDTEntryIn,fsr2l
  9964   000D8E  C00E  FFDA         	movff	_pBDTEntryIn+1,fsr2h
  9965   000D92  0E00               	movlw	0
  9966   000D94  8EDB               	bsf	plusw2,7,c
  9967   000D96  EFEE  F006         	goto	i2l584
  9968   000D9A                     i2l576:
  9969                           
  9970                           ;usb_device.c: 2656:  {;usb_device.c: 2660:         if(outPipes[0].info.bits.busy == 1)
  9971   000D9A  AE03               	btfss	(_outPipes+2)^0,7,c	;volatile
  9972   000D9C  EFD2  F006         	goto	i2u258_41
  9973   000DA0  EFD4  F006         	goto	i2u258_40
  9974   000DA4                     i2u258_41:
  9975   000DA4  EFED  F006         	goto	i2l3838
  9976   000DA8                     i2u258_40:
  9977   000DA8                     
  9978                           ;usb_device.c: 2661:         {;usb_device.c: 2662:             if(outPipes[0].pFunc != (
      +                          (void*)0))
  9979   000DA8  5006               	movf	(_outPipes+5)^0,w,c	;volatile
  9980   000DAA  1007               	iorwf	(_outPipes+6)^0,w,c	;volatile
  9981   000DAC  B4D8               	btfsc	status,2,c
  9982   000DAE  EFDB  F006         	goto	i2u259_41
  9983   000DB2  EFDD  F006         	goto	i2u259_40
  9984   000DB6                     i2u259_41:
  9985   000DB6  EFEC  F006         	goto	i2l3836
  9986   000DBA                     i2u259_40:
  9987   000DBA                     
  9988                           ;usb_device.c: 2663:             {;usb_device.c: 2664:                 outPipes[0].pFunc
      +                          ();
  9989   000DBA  EE20  F006         	lfsr	2,_outPipes+5	;volatile
  9990   000DBE  D802               	call	i2u260_48
  9991   000DC0  EFEC  F006         	goto	i2u260_49
  9992   000DC4                     i2u260_48:
  9993   000DC4  0005               	push	
  9994   000DC6  6EFA               	movwf	pclath,c
  9995   000DC8  50DE               	movf	postinc2,w,c
  9996   000DCA  6EFD               	movwf	tosl,c
  9997   000DCC  50DE               	movf	postinc2,w,c
  9998   000DCE  6EFE               	movwf	tosh,c
  9999   000DD0  50F8               	movf	tblptru,w,c
 10000   000DD2  6EFF               	movwf	tosu,c
 10001   000DD4  50FA               	movf	pclath,w,c
 10002   000DD6  0012               	return		;indir
 10003   000DD8                     i2u260_49:
 10004   000DD8                     i2l3836:
 10005                           
 10006                           ;usb_device.c: 2666:             outPipes[0].info.bits.busy = 0;
 10007   000DD8  9E03               	bcf	(_outPipes+2)^0,7,c	;volatile
 10008   000DDA                     i2l3838:
 10009                           
 10010                           ;usb_device.c: 2669:         controlTransferState = 0;
 10011   000DDA  6A2A               	clrf	_controlTransferState^0,c	;volatile
 10012   000DDC                     i2l584:
 10013   000DDC  0012               	return		;funcret
 10014   000DDE                     __end_of_USBCtrlTrfInHandler:
 10015                           	callstack 0
 10016                           
 10017 ;; *************** function _USBHIDCBSetReportComplete *****************
 10018 ;; Defined at:
 10019 ;;		line 460 in file "app_device_keyboard.c"
 10020 ;; Parameters:    Size  Location     Type
 10021 ;;		None
 10022 ;; Auto vars:     Size  Location     Type
 10023 ;;		None
 10024 ;; Return value:  Size  Location     Type
 10025 ;;                  1    wreg      void 
 10026 ;; Registers used:
 10027 ;;		wreg, status,2, status,0, cstack
 10028 ;; Tracked objects:
 10029 ;;		On entry : 0/0
 10030 ;;		On exit  : 0/0
 10031 ;;		Unchanged: 0/0
 10032 ;; Data sizes:     COMRAM   BANK0   BANK1   BANK2   BANK3  BANK4h   BANK5   BANK6   BANK7
 10033 ;;      Params:         0       0       0       0       0       0       0       0       0
 10034 ;;      Locals:         0       0       0       0       0       0       0       0       0
 10035 ;;      Temps:          0       0       0       0       0       0       0       0       0
 10036 ;;      Totals:         0       0       0       0       0       0       0       0       0
 10037 ;;Total ram usage:        0 bytes
 10038 ;; Hardware stack levels used: 1
 10039 ;; Hardware stack levels required when called: 2
 10040 ;; This function calls:
 10041 ;;		i2_APP_KeyboardProcessOutputReport
 10042 ;; This function is called by:
 10043 ;;		_USBHIDCBSetReportHandler
 10044 ;;		_USBCtrlTrfRxService
 10045 ;;		_USBCtrlTrfInHandler
 10046 ;; This function uses a non-reentrant model
 10047 ;;
 10048                           
 10049                           	psect	text47
 10050   0023A2                     __ptext47:
 10051                           	callstack 0
 10052   0023A2                     _USBHIDCBSetReportComplete:
 10053                           	callstack 20
 10054   0023A2                     
 10055                           ;app_device_keyboard.c: 464:     outputReport.value = CtrlTrfData[0];
 10056   0023A2  C428 F508          	movff	1064,1288	;volatile
 10057   0023A6                     
 10058                           ;app_device_keyboard.c: 467:     APP_KeyboardProcessOutputReport();
 10059   0023A6  EC97  F011         	call	i2_APP_KeyboardProcessOutputReport	;wreg free
 10060   0023AA  0012               	return		;funcret
 10061   0023AC                     __end_of_USBHIDCBSetReportComplete:
 10062                           	callstack 0
 10063                           
 10064 ;; *************** function i2_APP_KeyboardProcessOutputReport *****************
 10065 ;; Defined at:
 10066 ;;		line 448 in file "app_device_keyboard.c"
 10067 ;; Parameters:    Size  Location     Type
 10068 ;;		None
 10069 ;; Auto vars:     Size  Location     Type
 10070 ;;		None
 10071 ;; Return value:  Size  Location     Type
 10072 ;;                  1    wreg      void 
 10073 ;; Registers used:
 10074 ;;		wreg, status,2, status,0, cstack
 10075 ;; Tracked objects:
 10076 ;;		On entry : 0/0
 10077 ;;		On exit  : 0/0
 10078 ;;		Unchanged: 0/0
 10079 ;; Data sizes:     COMRAM   BANK0   BANK1   BANK2   BANK3  BANK4h   BANK5   BANK6   BANK7
 10080 ;;      Params:         0       0       0       0       0       0       0       0       0
 10081 ;;      Locals:         0       0       0       0       0       0       0       0       0
 10082 ;;      Temps:          0       0       0       0       0       0       0       0       0
 10083 ;;      Totals:         0       0       0       0       0       0       0       0       0
 10084 ;;Total ram usage:        0 bytes
 10085 ;; Hardware stack levels used: 1
 10086 ;; Hardware stack levels required when called: 1
 10087 ;; This function calls:
 10088 ;;		i2_LED_Off
 10089 ;;		i2_LED_On
 10090 ;; This function is called by:
 10091 ;;		_USBHIDCBSetReportComplete
 10092 ;; This function uses a non-reentrant model
 10093 ;;
 10094                           
 10095                           	psect	text48
 10096   00232E                     __ptext48:
 10097                           	callstack 0
 10098   00232E                     i2_APP_KeyboardProcessOutputReport:
 10099                           	callstack 20
 10100   00232E                     
 10101                           ;app_device_keyboard.c: 450:     if(outputReport.leds.capsLock)
 10102   00232E  0105               	movlb	5	; () banked
 10103   002330  A308               	btfss	8,1,b	;volatile
 10104   002332  EF9D  F011         	goto	i2u195_41
 10105   002336  EF9F  F011         	goto	i2u195_40
 10106   00233A                     i2u195_41:
 10107   00233A  EFA4  F011         	goto	i2l3340
 10108   00233E                     i2u195_40:
 10109   00233E                     
 10110                           ; BSR set to: 5
 10111                           ;app_device_keyboard.c: 451:     {;app_device_keyboard.c: 452:         LED_On(LED_D2);
 10112   00233E  0E02               	movlw	2
 10113   002340  EC53  F00F         	call	i2_LED_On
 10114                           
 10115                           ;app_device_keyboard.c: 453:     }
 10116   002344  EFA7  F011         	goto	i2l92
 10117   002348                     i2l3340:
 10118                           
 10119                           ; BSR set to: 5
 10120                           ;app_device_keyboard.c: 455:     {;app_device_keyboard.c: 456:         LED_Off(LED_D2);
 10121   002348  0E02               	movlw	2
 10122   00234A  EC84  F00F         	call	i2_LED_Off
 10123   00234E                     i2l92:
 10124   00234E  0012               	return		;funcret
 10125   002350                     __end_ofi2_APP_KeyboardProcessOutputReport:
 10126                           	callstack 0
 10127                           
 10128 ;; *************** function i2_LED_On *****************
 10129 ;; Defined at:
 10130 ;;		line 96 in file "leds.c"
 10131 ;; Parameters:    Size  Location     Type
 10132 ;;  led             1    wreg     enum E2
 10133 ;; Auto vars:     Size  Location     Type
 10134 ;;  led             1    2[COMRAM] enum E2
 10135 ;; Return value:  Size  Location     Type
 10136 ;;                  1    wreg      void 
 10137 ;; Registers used:
 10138 ;;		wreg, status,2, status,0
 10139 ;; Tracked objects:
 10140 ;;		On entry : 0/0
 10141 ;;		On exit  : 0/0
 10142 ;;		Unchanged: 0/0
 10143 ;; Data sizes:     COMRAM   BANK0   BANK1   BANK2   BANK3  BANK4h   BANK5   BANK6   BANK7
 10144 ;;      Params:         0       0       0       0       0       0       0       0       0
 10145 ;;      Locals:         1       0       0       0       0       0       0       0       0
 10146 ;;      Temps:          2       0       0       0       0       0       0       0       0
 10147 ;;      Totals:         3       0       0       0       0       0       0       0       0
 10148 ;;Total ram usage:        3 bytes
 10149 ;; Hardware stack levels used: 1
 10150 ;; This function calls:
 10151 ;;		Nothing
 10152 ;; This function is called by:
 10153 ;;		_APP_LEDUpdateUSBStatus
 10154 ;;		i2_APP_KeyboardProcessOutputReport
 10155 ;; This function uses a non-reentrant model
 10156 ;;
 10157                           
 10158                           	psect	text49
 10159   001EA6                     __ptext49:
 10160                           	callstack 0
 10161   001EA6                     i2_LED_On:
 10162                           	callstack 23
 10163                           
 10164                           ;incstack = 0
 10165                           ;i2LED_On@led stored from wreg
 10166   001EA6  6E32               	movwf	i2LED_On@led^0,c
 10167   001EA8                     
 10168                           ;leds.c: 96: void LED_On(LED led);leds.c: 97: {;leds.c: 98:     switch(led)
 10169   001EA8  EF62  F00F         	goto	i2l3080
 10170   001EAC                     i2l158:
 10171                           
 10172                           ;leds.c: 101:             LATDbits.LATD3 = 1;
 10173   001EAC  868C               	bsf	140,3,c	;volatile
 10174                           
 10175                           ;leds.c: 102:             break;
 10176   001EAE  EF83  F00F         	goto	i2l164
 10177   001EB2                     i2l160:
 10178                           
 10179                           ;leds.c: 105:             LATDbits.LATD1 = 1;
 10180   001EB2  828C               	bsf	140,1,c	;volatile
 10181                           
 10182                           ;leds.c: 106:             break;
 10183   001EB4  EF83  F00F         	goto	i2l164
 10184   001EB8                     i2l161:
 10185                           
 10186                           ;leds.c: 109:             LATDbits.LATD2 = 1;
 10187   001EB8  848C               	bsf	140,2,c	;volatile
 10188                           
 10189                           ;leds.c: 110:             break;
 10190   001EBA  EF83  F00F         	goto	i2l164
 10191   001EBE                     i2l162:
 10192                           
 10193                           ;leds.c: 113:             LATDbits.LATD3 = 1;
 10194   001EBE  868C               	bsf	140,3,c	;volatile
 10195                           
 10196                           ;leds.c: 114:             break;
 10197   001EC0  EF83  F00F         	goto	i2l164
 10198   001EC4                     i2l3080:
 10199   001EC4  5032               	movf	i2LED_On@led^0,w,c
 10200   001EC6  6E30               	movwf	??i2_LED_On^0,c
 10201   001EC8  6A31               	clrf	(??i2_LED_On+1)^0,c
 10202                           
 10203                           ; Switch on 2 bytes has been partitioned into a top level switch of size 1, and 1 sub-sw
      +                          itches
 10204                           ; Switch size 1, requested type "simple"
 10205                           ; Number of cases is 1, Range of values is 0 to 0
 10206                           ; switch strategies available:
 10207                           ; Name         Instructions Cycles
 10208                           ; simple_byte            4     3 (average)
 10209                           ;	Chosen strategy is simple_byte
 10210   001ECA  5031               	movf	(??i2_LED_On+1)^0,w,c
 10211   001ECC  0A00               	xorlw	0	; case 0
 10212   001ECE  B4D8               	btfsc	status,2,c
 10213   001ED0  EF6C  F00F         	goto	i2l5224
 10214   001ED4  EF83  F00F         	goto	i2l164
 10215   001ED8                     i2l5224:
 10216                           
 10217                           ; Switch size 1, requested type "simple"
 10218                           ; Number of cases is 5, Range of values is 0 to 4
 10219                           ; switch strategies available:
 10220                           ; Name         Instructions Cycles
 10221                           ; simple_byte           16     9 (average)
 10222                           ;	Chosen strategy is simple_byte
 10223   001ED8  5030               	movf	??i2_LED_On^0,w,c
 10224   001EDA  0A00               	xorlw	0	; case 0
 10225   001EDC  B4D8               	btfsc	status,2,c
 10226   001EDE  EF83  F00F         	goto	i2l164
 10227   001EE2  0A01               	xorlw	1	; case 1
 10228   001EE4  B4D8               	btfsc	status,2,c
 10229   001EE6  EF56  F00F         	goto	i2l158
 10230   001EEA  0A03               	xorlw	3	; case 2
 10231   001EEC  B4D8               	btfsc	status,2,c
 10232   001EEE  EF59  F00F         	goto	i2l160
 10233   001EF2  0A01               	xorlw	1	; case 3
 10234   001EF4  B4D8               	btfsc	status,2,c
 10235   001EF6  EF5C  F00F         	goto	i2l161
 10236   001EFA  0A07               	xorlw	7	; case 4
 10237   001EFC  B4D8               	btfsc	status,2,c
 10238   001EFE  EF5F  F00F         	goto	i2l162
 10239   001F02  EF83  F00F         	goto	i2l164
 10240   001F06                     i2l164:
 10241   001F06  0012               	return		;funcret
 10242   001F08                     __end_ofi2_LED_On:
 10243                           	callstack 0
 10244                           
 10245 ;; *************** function i2_LED_Off *****************
 10246 ;; Defined at:
 10247 ;;		line 137 in file "leds.c"
 10248 ;; Parameters:    Size  Location     Type
 10249 ;;  led             1    wreg     enum E2
 10250 ;; Auto vars:     Size  Location     Type
 10251 ;;  led             1    2[COMRAM] enum E2
 10252 ;; Return value:  Size  Location     Type
 10253 ;;                  1    wreg      void 
 10254 ;; Registers used:
 10255 ;;		wreg, status,2, status,0
 10256 ;; Tracked objects:
 10257 ;;		On entry : 0/0
 10258 ;;		On exit  : 0/0
 10259 ;;		Unchanged: 0/0
 10260 ;; Data sizes:     COMRAM   BANK0   BANK1   BANK2   BANK3  BANK4h   BANK5   BANK6   BANK7
 10261 ;;      Params:         0       0       0       0       0       0       0       0       0
 10262 ;;      Locals:         1       0       0       0       0       0       0       0       0
 10263 ;;      Temps:          2       0       0       0       0       0       0       0       0
 10264 ;;      Totals:         3       0       0       0       0       0       0       0       0
 10265 ;;Total ram usage:        3 bytes
 10266 ;; Hardware stack levels used: 1
 10267 ;; This function calls:
 10268 ;;		Nothing
 10269 ;; This function is called by:
 10270 ;;		_APP_LEDUpdateUSBStatus
 10271 ;;		i2_APP_KeyboardProcessOutputReport
 10272 ;; This function uses a non-reentrant model
 10273 ;;
 10274                           
 10275                           	psect	text50
 10276   001F08                     __ptext50:
 10277                           	callstack 0
 10278   001F08                     i2_LED_Off:
 10279                           	callstack 23
 10280                           
 10281                           ;incstack = 0
 10282                           ;i2LED_Off@led stored from wreg
 10283   001F08  6E32               	movwf	i2LED_Off@led^0,c
 10284   001F0A                     
 10285                           ;leds.c: 137: void LED_Off(LED led);leds.c: 138: {;leds.c: 139:     switch(led)
 10286   001F0A  EF93  F00F         	goto	i2l3090
 10287   001F0E                     i2l168:
 10288                           
 10289                           ;leds.c: 142:             LATDbits.LATD3 = 0;
 10290   001F0E  968C               	bcf	140,3,c	;volatile
 10291                           
 10292                           ;leds.c: 143:             break;
 10293   001F10  EFB4  F00F         	goto	i2l174
 10294   001F14                     i2l170:
 10295                           
 10296                           ;leds.c: 146:             LATDbits.LATD1 = 0;
 10297   001F14  928C               	bcf	140,1,c	;volatile
 10298                           
 10299                           ;leds.c: 147:             break;
 10300   001F16  EFB4  F00F         	goto	i2l174
 10301   001F1A                     i2l171:
 10302                           
 10303                           ;leds.c: 150:             LATDbits.LATD2 = 0;
 10304   001F1A  948C               	bcf	140,2,c	;volatile
 10305                           
 10306                           ;leds.c: 151:             break;
 10307   001F1C  EFB4  F00F         	goto	i2l174
 10308   001F20                     i2l172:
 10309                           
 10310                           ;leds.c: 154:             LATDbits.LATD3 = 0;
 10311   001F20  968C               	bcf	140,3,c	;volatile
 10312                           
 10313                           ;leds.c: 155:             break;
 10314   001F22  EFB4  F00F         	goto	i2l174
 10315   001F26                     i2l3090:
 10316   001F26  5032               	movf	i2LED_Off@led^0,w,c
 10317   001F28  6E30               	movwf	??i2_LED_Off^0,c
 10318   001F2A  6A31               	clrf	(??i2_LED_Off+1)^0,c
 10319                           
 10320                           ; Switch on 2 bytes has been partitioned into a top level switch of size 1, and 1 sub-sw
      +                          itches
 10321                           ; Switch size 1, requested type "simple"
 10322                           ; Number of cases is 1, Range of values is 0 to 0
 10323                           ; switch strategies available:
 10324                           ; Name         Instructions Cycles
 10325                           ; simple_byte            4     3 (average)
 10326                           ;	Chosen strategy is simple_byte
 10327   001F2C  5031               	movf	(??i2_LED_Off+1)^0,w,c
 10328   001F2E  0A00               	xorlw	0	; case 0
 10329   001F30  B4D8               	btfsc	status,2,c
 10330   001F32  EF9D  F00F         	goto	i2l5226
 10331   001F36  EFB4  F00F         	goto	i2l174
 10332   001F3A                     i2l5226:
 10333                           
 10334                           ; Switch size 1, requested type "simple"
 10335                           ; Number of cases is 5, Range of values is 0 to 4
 10336                           ; switch strategies available:
 10337                           ; Name         Instructions Cycles
 10338                           ; simple_byte           16     9 (average)
 10339                           ;	Chosen strategy is simple_byte
 10340   001F3A  5030               	movf	??i2_LED_Off^0,w,c
 10341   001F3C  0A00               	xorlw	0	; case 0
 10342   001F3E  B4D8               	btfsc	status,2,c
 10343   001F40  EFB4  F00F         	goto	i2l174
 10344   001F44  0A01               	xorlw	1	; case 1
 10345   001F46  B4D8               	btfsc	status,2,c
 10346   001F48  EF87  F00F         	goto	i2l168
 10347   001F4C  0A03               	xorlw	3	; case 2
 10348   001F4E  B4D8               	btfsc	status,2,c
 10349   001F50  EF8A  F00F         	goto	i2l170
 10350   001F54  0A01               	xorlw	1	; case 3
 10351   001F56  B4D8               	btfsc	status,2,c
 10352   001F58  EF8D  F00F         	goto	i2l171
 10353   001F5C  0A07               	xorlw	7	; case 4
 10354   001F5E  B4D8               	btfsc	status,2,c
 10355   001F60  EF90  F00F         	goto	i2l172
 10356   001F64  EFB4  F00F         	goto	i2l174
 10357   001F68                     i2l174:
 10358   001F68  0012               	return		;funcret
 10359   001F6A                     __end_ofi2_LED_Off:
 10360                           	callstack 0
 10361                           
 10362 ;; *************** function _USBCtrlTrfTxService *****************
 10363 ;; Defined at:
 10364 ;;		line 1775 in file "usb_device.c"
 10365 ;; Parameters:    Size  Location     Type
 10366 ;;		None
 10367 ;; Auto vars:     Size  Location     Type
 10368 ;;  byteToSend      1    0[COMRAM] unsigned char 
 10369 ;; Return value:  Size  Location     Type
 10370 ;;                  1    wreg      void 
 10371 ;; Registers used:
 10372 ;;		wreg, fsr1l, fsr1h, fsr2l, fsr2h, status,2, status,0, tblptrl, tblptrh, tblptru
 10373 ;; Tracked objects:
 10374 ;;		On entry : 0/0
 10375 ;;		On exit  : 0/0
 10376 ;;		Unchanged: 0/0
 10377 ;; Data sizes:     COMRAM   BANK0   BANK1   BANK2   BANK3  BANK4h   BANK5   BANK6   BANK7
 10378 ;;      Params:         0       0       0       0       0       0       0       0       0
 10379 ;;      Locals:         1       0       0       0       0       0       0       0       0
 10380 ;;      Temps:          0       0       0       0       0       0       0       0       0
 10381 ;;      Totals:         1       0       0       0       0       0       0       0       0
 10382 ;;Total ram usage:        1 bytes
 10383 ;; Hardware stack levels used: 1
 10384 ;; This function calls:
 10385 ;;		Nothing
 10386 ;; This function is called by:
 10387 ;;		_USBCtrlEPAllowDataStage
 10388 ;;		_USBCtrlTrfInHandler
 10389 ;; This function uses a non-reentrant model
 10390 ;;
 10391                           
 10392                           	psect	text51
 10393   001254                     __ptext51:
 10394                           	callstack 0
 10395   001254                     _USBCtrlTrfTxService:
 10396                           	callstack 21
 10397   001254                     
 10398                           ;usb_device.c: 1777:     uint8_t byteToSend;;usb_device.c: 1781:     byteToSend = 8;
 10399   001254  0E08               	movlw	8
 10400   001256  6E30               	movwf	USBCtrlTrfTxService@byteToSend^0,c
 10401   001258                     
 10402                           ;usb_device.c: 1782:     if(inPipes[0].wCount.Val < (uint8_t)8)
 10403   001258  500C               	movf	(_inPipes+4)^0,w,c	;volatile
 10404   00125A  E107               	bnz	i2u187_41
 10405   00125C  0E08               	movlw	8
 10406   00125E  5C0B               	subwf	(_inPipes+3)^0,w,c	;volatile
 10407   001260  B0D8               	btfsc	status,0,c
 10408   001262  EF35  F009         	goto	i2u187_41
 10409   001266  EF37  F009         	goto	i2u187_40
 10410   00126A                     i2u187_41:
 10411   00126A  EF4F  F009         	goto	i2l3306
 10412   00126E                     i2u187_40:
 10413   00126E                     
 10414                           ;usb_device.c: 1783:     {;usb_device.c: 1784:         byteToSend = inPipes[0].wCount.Va
      +                          l;
 10415   00126E  C00B  F030         	movff	_inPipes+3,USBCtrlTrfTxService@byteToSend	;volatile
 10416   001272                     
 10417                           ;usb_device.c: 1791:         if(shortPacketStatus == 0)
 10418   001272  502B               	movf	_shortPacketStatus^0,w,c	;volatile
 10419   001274  A4D8               	btfss	status,2,c
 10420   001276  EF3F  F009         	goto	i2u188_41
 10421   00127A  EF41  F009         	goto	i2u188_40
 10422   00127E                     i2u188_41:
 10423   00127E  EF45  F009         	goto	i2l3302
 10424   001282                     i2u188_40:
 10425   001282                     
 10426                           ;usb_device.c: 1792:         {;usb_device.c: 1793:             shortPacketStatus = 1;
 10427   001282  0E01               	movlw	1
 10428   001284  6E2B               	movwf	_shortPacketStatus^0,c	;volatile
 10429                           
 10430                           ;usb_device.c: 1794:         }
 10431   001286  EF4F  F009         	goto	i2l3306
 10432   00128A                     i2l3302:
 10433   00128A  042B               	decf	_shortPacketStatus^0,w,c	;volatile
 10434   00128C  A4D8               	btfss	status,2,c
 10435   00128E  EF4B  F009         	goto	i2u189_41
 10436   001292  EF4D  F009         	goto	i2u189_40
 10437   001296                     i2u189_41:
 10438   001296  EF4F  F009         	goto	i2l3306
 10439   00129A                     i2u189_40:
 10440   00129A                     
 10441                           ;usb_device.c: 1796:         {;usb_device.c: 1797:             shortPacketStatus = 2;
 10442   00129A  0E02               	movlw	2
 10443   00129C  6E2B               	movwf	_shortPacketStatus^0,c	;volatile
 10444   00129E                     i2l3306:
 10445                           
 10446                           ;usb_device.c: 1803:     inPipes[0].wCount.Val -= byteToSend;
 10447   00129E  5030               	movf	USBCtrlTrfTxService@byteToSend^0,w,c
 10448   0012A0  5E0B               	subwf	(_inPipes+3)^0,f,c	;volatile
 10449   0012A2  0E00               	movlw	0
 10450   0012A4  5A0C               	subwfb	(_inPipes+4)^0,f,c	;volatile
 10451   0012A6                     
 10452                           ;usb_device.c: 1808:     pBDTEntryIn[0]->CNT = byteToSend;
 10453   0012A6  EE20 F001          	lfsr	2,1
 10454   0012AA  500D               	movf	_pBDTEntryIn^0,w,c
 10455   0012AC  26D9               	addwf	fsr2l,f,c
 10456   0012AE  500E               	movf	(_pBDTEntryIn+1)^0,w,c
 10457   0012B0  22DA               	addwfc	fsr2h,f,c
 10458   0012B2  C030  FFDF         	movff	USBCtrlTrfTxService@byteToSend,indf2
 10459   0012B6                     
 10460                           ;usb_device.c: 1812:     pDst = (volatile uint8_t*)CtrlTrfData;
 10461   0012B6  0E28               	movlw	40
 10462   0012B8  0100               	movlb	0	; () banked
 10463   0012BA  6F72               	movwf	_pDst& (0+255),b
 10464   0012BC  0E04               	movlw	4
 10465   0012BE  6F73               	movwf	(_pDst+1)& (0+255),b
 10466   0012C0                     
 10467                           ; BSR set to: 0
 10468                           ;usb_device.c: 1813:     if(inPipes[0].info.bits.ctrl_trf_mem == 0x00)
 10469   0012C0  B00A               	btfsc	(_inPipes+2)^0,0,c	;volatile
 10470   0012C2  EF65  F009         	goto	i2u190_41
 10471   0012C6  EF67  F009         	goto	i2u190_40
 10472   0012CA                     i2u190_41:
 10473   0012CA  EFA9  F009         	goto	i2l3334
 10474   0012CE                     i2u190_40:
 10475   0012CE  EF84  F009         	goto	i2l3324
 10476   0012D2                     i2l3316:
 10477                           
 10478                           ; BSR set to: 0
 10479                           ;usb_device.c: 1816:         {;usb_device.c: 1817:             *pDst++ = *inPipes[0].pSr
      +                          c.bRom++;
 10480   0012D2  C008  FFF6         	movff	_inPipes,tblptrl	;volatile
 10481   0012D6  C009  FFF7         	movff	_inPipes+1,tblptrh	;volatile
 10482   0012DA  6AF8               	clrf	tblptru,c
 10483   0012DC  C072  FFD9         	movff	_pDst,fsr2l
 10484   0012E0  C073  FFDA         	movff	_pDst+1,fsr2h
 10485   0012E4  0E07               	movlw	(high __ramtop+-1)
 10486   0012E6  64F7               	cpfsgt	tblptrh,c
 10487   0012E8  D003               	bra	i2u191_47
 10488   0012EA  0008               	tblrd		*
 10489   0012EC  50F5               	movf	tablat,w,c
 10490   0012EE  D005               	bra	i2u191_40
 10491   0012F0                     i2u191_47:
 10492   0012F0  CFF6 FFE1          	movff	tblptrl,fsr1l
 10493   0012F4  CFF7 FFE2          	movff	tblptrh,fsr1h
 10494   0012F8  50E7               	movf	indf1,w,c
 10495   0012FA                     i2u191_40:
 10496   0012FA  6EDF               	movwf	indf2,c
 10497   0012FC  4A08               	infsnz	_inPipes^0,f,c	;volatile
 10498   0012FE  2A09               	incf	(_inPipes+1)^0,f,c	;volatile
 10499   001300  0100               	movlb	0	; () banked
 10500   001302  4B72               	infsnz	_pDst& (0+255),f,b
 10501   001304  2B73               	incf	(_pDst+1)& (0+255),f,b
 10502   001306                     
 10503                           ; BSR set to: 0
 10504                           ;usb_device.c: 1818:             byteToSend--;
 10505   001306  0630               	decf	USBCtrlTrfTxService@byteToSend^0,f,c
 10506   001308                     i2l3324:
 10507                           
 10508                           ; BSR set to: 0
 10509                           ;usb_device.c: 1815:         while(byteToSend)
 10510   001308  5030               	movf	USBCtrlTrfTxService@byteToSend^0,w,c
 10511   00130A  A4D8               	btfss	status,2,c
 10512   00130C  EF8A  F009         	goto	i2u192_41
 10513   001310  EF8C  F009         	goto	i2u192_40
 10514   001314                     i2u192_41:
 10515   001314  EF69  F009         	goto	i2l3316
 10516   001318                     i2u192_40:
 10517   001318  EFB1  F009         	goto	i2l489
 10518   00131C                     i2l3326:
 10519                           
 10520                           ; BSR set to: 0
 10521                           ;usb_device.c: 1824:         {;usb_device.c: 1825:             *pDst++ = *inPipes[0].pSr
      +                          c.bRam++;
 10522   00131C  C008  FFF6         	movff	_inPipes,tblptrl	;volatile
 10523   001320  C009  FFF7         	movff	_inPipes+1,tblptrh	;volatile
 10524   001324  6AF8               	clrf	tblptru,c
 10525   001326  C072  FFD9         	movff	_pDst,fsr2l
 10526   00132A  C073  FFDA         	movff	_pDst+1,fsr2h
 10527   00132E  0E07               	movlw	(high __ramtop+-1)
 10528   001330  64F7               	cpfsgt	tblptrh,c
 10529   001332  D003               	bra	i2u193_47
 10530   001334  0008               	tblrd		*
 10531   001336  50F5               	movf	tablat,w,c
 10532   001338  D005               	bra	i2u193_40
 10533   00133A                     i2u193_47:
 10534   00133A  CFF6 FFE1          	movff	tblptrl,fsr1l
 10535   00133E  CFF7 FFE2          	movff	tblptrh,fsr1h
 10536   001342  50E7               	movf	indf1,w,c
 10537   001344                     i2u193_40:
 10538   001344  6EDF               	movwf	indf2,c
 10539   001346  4A08               	infsnz	_inPipes^0,f,c	;volatile
 10540   001348  2A09               	incf	(_inPipes+1)^0,f,c	;volatile
 10541   00134A  0100               	movlb	0	; () banked
 10542   00134C  4B72               	infsnz	_pDst& (0+255),f,b
 10543   00134E  2B73               	incf	(_pDst+1)& (0+255),f,b
 10544   001350                     
 10545                           ; BSR set to: 0
 10546                           ;usb_device.c: 1826:             byteToSend--;
 10547   001350  0630               	decf	USBCtrlTrfTxService@byteToSend^0,f,c
 10548   001352                     i2l3334:
 10549                           
 10550                           ; BSR set to: 0
 10551                           ;usb_device.c: 1823:         while(byteToSend)
 10552   001352  5030               	movf	USBCtrlTrfTxService@byteToSend^0,w,c
 10553   001354  A4D8               	btfss	status,2,c
 10554   001356  EFAF  F009         	goto	i2u194_41
 10555   00135A  EFB1  F009         	goto	i2u194_40
 10556   00135E                     i2u194_41:
 10557   00135E  EF8E  F009         	goto	i2l3326
 10558   001362                     i2u194_40:
 10559   001362                     i2l489:
 10560                           
 10561                           ; BSR set to: 0
 10562   001362  0012               	return		;funcret
 10563   001364                     __end_of_USBCtrlTrfTxService:
 10564                           	callstack 0
 10565                           
 10566                           	psect	rparam
 10567   000001                     ___rparam_used  equ	1
 10568   000000                     ___param_bank   equ	0
 10569   000000                     __Lparam        equ	__Lrparam
 10570   000000                     __Hparam        equ	__Hrparam
 10571                           
 10572                           	psect	temp
 10573   00005C                     btemp:
 10574                           	callstack 0
 10575   00005C                     	ds	1
 10576   00005C                     int$flags       set	btemp
 10577   00005D                     wtemp8          set	btemp+1
 10578   00005D                     ttemp5          set	btemp+1
 10579   000060                     ttemp6          set	btemp+4
 10580   000064                     ttemp7          set	btemp+8
 10581                           
 10582                           	psect	config
 10583                           
 10584                           ;Config register CONFIG1L @ 0x300000
 10585                           ;	PLL Prescaler Selection bits
 10586                           ;	PLLDIV = 5, Divide by 5 (20 MHz oscillator input)
 10587                           ;	System Clock Postscaler Selection bits
 10588                           ;	CPUDIV = OSC1_PLL2, [Primary Oscillator Src: /1][96 MHz PLL Src: /2]
 10589                           ;	USB Clock Selection bit (used in Full-Speed USB mode only; UCFG:FSEN = 1)
 10590                           ;	USBDIV = 2, USB clock source comes from the 96 MHz PLL divided by 2
 10591   300000                     	org	3145728
 10592   300000  24                 	db	36
 10593                           
 10594                           ;Config register CONFIG1H @ 0x300001
 10595                           ;	Oscillator Selection bits
 10596                           ;	FOSC = HSPLL_HS, HS oscillator, PLL enabled (HSPLL)
 10597                           ;	Fail-Safe Clock Monitor Enable bit
 10598                           ;	FCMEN = OFF, Fail-Safe Clock Monitor disabled
 10599                           ;	Internal/External Oscillator Switchover bit
 10600                           ;	IESO = OFF, Oscillator Switchover mode disabled
 10601   300001                     	org	3145729
 10602   300001  0E                 	db	14
 10603                           
 10604                           ;Config register CONFIG2L @ 0x300002
 10605                           ;	Power-up Timer Enable bit
 10606                           ;	PWRT = OFF, PWRT disabled
 10607                           ;	Brown-out Reset Enable bits
 10608                           ;	BOR = ON, Brown-out Reset enabled in hardware only (SBOREN is disabled)
 10609                           ;	Brown-out Reset Voltage bits
 10610                           ;	BORV = 3, Minimum setting 2.05V
 10611                           ;	USB Voltage Regulator Enable bit
 10612                           ;	VREGEN = ON, USB voltage regulator enabled
 10613   300002                     	org	3145730
 10614   300002  3F                 	db	63
 10615                           
 10616                           ;Config register CONFIG2H @ 0x300003
 10617                           ;	Watchdog Timer Enable bit
 10618                           ;	WDT = OFF, WDT disabled (control is placed on the SWDTEN bit)
 10619                           ;	Watchdog Timer Postscale Select bits
 10620                           ;	WDTPS = 32768, 1:32768
 10621   300003                     	org	3145731
 10622   300003  1E                 	db	30
 10623                           
 10624                           ; Padding undefined space
 10625   300004                     	org	3145732
 10626   300004  FF                 	db	255
 10627                           
 10628                           ;Config register CONFIG3H @ 0x300005
 10629                           ;	CCP2 MUX bit
 10630                           ;	CCP2MX = 0x1, unprogrammed default
 10631                           ;	PORTB A/D Enable bit
 10632                           ;	PBADEN = OFF, PORTB<4:0> pins are configured as digital I/O on Reset
 10633                           ;	Low-Power Timer 1 Oscillator Enable bit
 10634                           ;	LPT1OSC = OFF, Timer1 configured for higher power operation
 10635                           ;	MCLR Pin Enable bit
 10636                           ;	MCLRE = ON, MCLR pin enabled; RE3 input pin disabled
 10637   300005                     	org	3145733
 10638   300005  81                 	db	129
 10639                           
 10640                           ;Config register CONFIG4L @ 0x300006
 10641                           ;	Stack Full/Underflow Reset Enable bit
 10642                           ;	STVREN = ON, Stack full/underflow will cause Reset
 10643                           ;	Single-Supply ICSP Enable bit
 10644                           ;	LVP = OFF, Single-Supply ICSP disabled
 10645                           ;	Dedicated In-Circuit Debug/Programming Port (ICPORT) Enable bit
 10646                           ;	ICPRT = 0x0, unprogrammed default
 10647                           ;	Extended Instruction Set Enable bit
 10648                           ;	XINST = OFF, Instruction set extension and Indexed Addressing mode disabled (Legacy mo
      +                          de)
 10649                           ;	Background Debugger Enable bit
 10650                           ;	DEBUG = 0x1, unprogrammed default
 10651   300006                     	org	3145734
 10652   300006  81                 	db	129
 10653                           
 10654                           ; Padding undefined space
 10655   300007                     	org	3145735
 10656   300007  FF                 	db	255
 10657                           
 10658                           ;Config register CONFIG5L @ 0x300008
 10659                           ;	Code Protection bit
 10660                           ;	CP0 = OFF, Block 0 (000800-001FFFh) is not code-protected
 10661                           ;	Code Protection bit
 10662                           ;	CP1 = OFF, Block 1 (002000-003FFFh) is not code-protected
 10663                           ;	Code Protection bit
 10664                           ;	CP2 = 0x1, unprogrammed default
 10665                           ;	Code Protection bit
 10666                           ;	CP3 = 0x1, unprogrammed default
 10667   300008                     	org	3145736
 10668   300008  0F                 	db	15
 10669                           
 10670                           ;Config register CONFIG5H @ 0x300009
 10671                           ;	Boot Block Code Protection bit
 10672                           ;	CPB = OFF, Boot block (000000-0007FFh) is not code-protected
 10673                           ;	Data EEPROM Code Protection bit
 10674                           ;	CPD = 0x1, unprogrammed default
 10675   300009                     	org	3145737
 10676   300009  C0                 	db	192
 10677                           
 10678                           ;Config register CONFIG6L @ 0x30000A
 10679                           ;	Write Protection bit
 10680                           ;	WRT0 = OFF, Block 0 (000800-001FFFh) is not write-protected
 10681                           ;	Write Protection bit
 10682                           ;	WRT1 = OFF, Block 1 (002000-003FFFh) is not write-protected
 10683                           ;	Write Protection bit
 10684                           ;	WRT2 = 0x1, unprogrammed default
 10685                           ;	Write Protection bit
 10686                           ;	WRT3 = 0x1, unprogrammed default
 10687   30000A                     	org	3145738
 10688   30000A  0F                 	db	15
 10689                           
 10690                           ;Config register CONFIG6H @ 0x30000B
 10691                           ;	Configuration Register Write Protection bit
 10692                           ;	WRTC = OFF, Configuration registers (300000-3000FFh) are not write-protected
 10693                           ;	Boot Block Write Protection bit
 10694                           ;	WRTB = OFF, Boot block (000000-0007FFh) is not write-protected
 10695                           ;	Data EEPROM Write Protection bit
 10696                           ;	WRTD = 0x1, unprogrammed default
 10697   30000B                     	org	3145739
 10698   30000B  E0                 	db	224
 10699                           
 10700                           ;Config register CONFIG7L @ 0x30000C
 10701                           ;	Table Read Protection bit
 10702                           ;	EBTR0 = OFF, Block 0 (000800-001FFFh) is not protected from table reads executed in ot
      +                          her blocks
 10703                           ;	Table Read Protection bit
 10704                           ;	EBTR1 = OFF, Block 1 (002000-003FFFh) is not protected from table reads executed in ot
      +                          her blocks
 10705                           ;	Table Read Protection bit
 10706                           ;	EBTR2 = 0x1, unprogrammed default
 10707                           ;	Table Read Protection bit
 10708                           ;	EBTR3 = 0x1, unprogrammed default
 10709   30000C                     	org	3145740
 10710   30000C  0F                 	db	15
 10711                           
 10712                           ;Config register CONFIG7H @ 0x30000D
 10713                           ;	Boot Block Table Read Protection bit
 10714                           ;	EBTRB = OFF, Boot block (000000-0007FFh) is not protected from table reads executed in
      +                           other blocks
 10715   30000D                     	org	3145741
 10716   30000D  40                 	db	64
 10717                           tosu	equ	0xFFF
 10718                           tosh	equ	0xFFE
 10719                           tosl	equ	0xFFD
 10720                           stkptr	equ	0xFFC
 10721                           pclatu	equ	0xFFB
 10722                           pclath	equ	0xFFA
 10723                           pcl	equ	0xFF9
 10724                           tblptru	equ	0xFF8
 10725                           tblptrh	equ	0xFF7
 10726                           tblptrl	equ	0xFF6
 10727                           tablat	equ	0xFF5
 10728                           prodh	equ	0xFF4
 10729                           prodl	equ	0xFF3
 10730                           indf0	equ	0xFEF
 10731                           postinc0	equ	0xFEE
 10732                           postdec0	equ	0xFED
 10733                           preinc0	equ	0xFEC
 10734                           plusw0	equ	0xFEB
 10735                           fsr0h	equ	0xFEA
 10736                           fsr0l	equ	0xFE9
 10737                           wreg	equ	0xFE8
 10738                           indf1	equ	0xFE7
 10739                           postinc1	equ	0xFE6
 10740                           postdec1	equ	0xFE5
 10741                           preinc1	equ	0xFE4
 10742                           plusw1	equ	0xFE3
 10743                           fsr1h	equ	0xFE2
 10744                           fsr1l	equ	0xFE1
 10745                           bsr	equ	0xFE0
 10746                           indf2	equ	0xFDF
 10747                           postinc2	equ	0xFDE
 10748                           postdec2	equ	0xFDD
 10749                           preinc2	equ	0xFDC
 10750                           plusw2	equ	0xFDB
 10751                           fsr2h	equ	0xFDA
 10752                           fsr2l	equ	0xFD9
 10753                           status	equ	0xFD8

Data Sizes:
    Strings     0
    Constant    214
    Data        0
    BSS         77
    Persistent  0
    Stack       0

Auto Spaces:
    Space          Size  Autos    Used
    COMRAM           94     44      91
    BANK0           160     17      47
    BANK1           256      0       0
    BANK2           256      0       0
    BANK3           239      0       0
    BANK4h          208      0       0
    BANK5           247      0       0
    BANK6           256      0       0
    BANK7           256      0       0

Pointer List with Targets:

    inPipes$pSrc$bRam	PTR unsigned char  size(2) Largest target is 63
		 -> active_protocol(BANK0[1]), configDescriptor1(CODE[41]), CtrlTrfData(ABS[8]), device_dsc(CODE[18]), 
		 -> hid_rpt01(CODE[63]), idle_rate(BANK0[1]), sd000(CODE[4]), sd001(CODE[52]), 
		 -> sd002(CODE[28]), USBActiveConfiguration(COMRAM[1]), USBAlternateInterface(COMRAM[1]), 

    inPipes$pSrc$bRom	PTR const unsigned char  size(2) Largest target is 0

    inPipes$pSrc$wRam	PTR unsigned short  size(2) Largest target is 63
		 -> active_protocol(BANK0[1]), configDescriptor1(CODE[41]), CtrlTrfData(ABS[8]), device_dsc(CODE[18]), 
		 -> hid_rpt01(CODE[63]), idle_rate(BANK0[1]), sd000(CODE[4]), sd001(CODE[52]), 
		 -> sd002(CODE[28]), USBActiveConfiguration(COMRAM[1]), USBAlternateInterface(COMRAM[1]), 

    inPipes$pSrc$wRom	PTR const unsigned short  size(2) Largest target is 0

    keyboard$lastINTransmission	PTR void  size(2) Largest target is 2047
		 -> BDT(ABS[32]), RAM(DATA[2047]), NULL(NULL[0]), 

    keyboard$lastOUTTransmission	PTR void  size(2) Largest target is 2047
		 -> BDT(ABS[32]), RAM(DATA[2047]), NULL(NULL[0]), 

    memcpy@d	PTR unsigned char  size(2) Largest target is 8
		 -> SetupPkt(DATA[8]), 

    memcpy@d1	PTR void  size(2) Largest target is 8
		 -> SetupPkt(DATA[8]), 

    memcpy@s	PTR const unsigned char  size(2) Largest target is 2047
		 -> CtrlTrfData(ABS[8]), RAM(DATA[2047]), SetupPkt(DATA[8]), 

    memcpy@s1	PTR const void  size(2) Largest target is 2047
		 -> CtrlTrfData(ABS[8]), RAM(DATA[2047]), SetupPkt(DATA[8]), 

    memset@dest	PTR void  size(2) Largest target is 32
		 -> BDT(ABS[32]), inputReport(ABS[8]), UEP1(BIGSFR[1]), USBAlternateInterface(COMRAM[1]), 

    memset@p	PTR unsigned char  size(2) Largest target is 32
		 -> BDT(ABS[32]), inputReport(ABS[8]), UEP1(BIGSFR[1]), USBAlternateInterface(COMRAM[1]), 

    outPipes$pDst$bRam	PTR unsigned char  size(2) Largest target is 8
		 -> CtrlTrfData(ABS[8]), 

    outPipes$pDst$wRam	PTR unsigned short  size(2) Largest target is 0

    outPipes$pFunc	PTR FTN()void  size(2) Largest target is 1
		 -> USBHIDCBSetReportComplete(), 

    pBDTEntryEP0OutCurrent	PTR volatile struct __BDT size(2) Largest target is 32
		 -> BDT(ABS[32]), NULL(NULL[0]), 

    pBDTEntryEP0OutNext	PTR volatile struct __BDT size(2) Largest target is 2047
		 -> BDT(ABS[32]), RAM(DATA[2047]), NULL(NULL[0]), 

    pBDTEntryIn	PTR volatile struct __BDT[2] size(2) Largest target is 2047
		 -> BDT(ABS[32]), RAM(DATA[2047]), NULL(NULL[0]), 

    pBDTEntryOut	PTR volatile struct __BDT[2] size(2) Largest target is 2047
		 -> BDT(ABS[32]), RAM(DATA[2047]), NULL(NULL[0]), 

    pDst	PTR volatile unsigned char  size(2) Largest target is 8
		 -> CtrlTrfData(ABS[8]), NULL(NULL[0]), 

    S196$bRam	PTR unsigned char  size(2) Largest target is 8
		 -> CtrlTrfData(ABS[8]), 

    S196$wRam	PTR unsigned short  size(2) Largest target is 0

    S213$pFunc	PTR FTN()void  size(2) Largest target is 1
		 -> USBHIDCBSetReportComplete(), 

    S667$bRam	PTR unsigned char  size(2) Largest target is 63
		 -> active_protocol(BANK0[1]), configDescriptor1(CODE[41]), CtrlTrfData(ABS[8]), device_dsc(CODE[18]), 
		 -> hid_rpt01(CODE[63]), idle_rate(BANK0[1]), sd000(CODE[4]), sd001(CODE[52]), 
		 -> sd002(CODE[28]), USBActiveConfiguration(COMRAM[1]), USBAlternateInterface(COMRAM[1]), 

    S667$bRom	PTR const unsigned char  size(2) Largest target is 0

    S667$wRam	PTR unsigned short  size(2) Largest target is 0

    S667$wRom	PTR const unsigned short  size(2) Largest target is 0

    S85$lastINTransmission	PTR void  size(2) Largest target is 2047
		 -> BDT(ABS[32]), RAM(DATA[2047]), NULL(NULL[0]), 

    S85$lastOUTTransmission	PTR void  size(2) Largest target is 2047
		 -> BDT(ABS[32]), RAM(DATA[2047]), NULL(NULL[0]), 

    sp__memcpy	PTR void  size(2) Largest target is 8
		 -> SetupPkt(DATA[8]), 

    sp__memset	PTR void  size(2) Largest target is 32
		 -> BDT(ABS[32]), inputReport(ABS[8]), UEP1(BIGSFR[1]), USBAlternateInterface(COMRAM[1]), 

    sp__USBTransferOnePacket	PTR void  size(2) Largest target is 2047
		 -> BDT(ABS[32]), RAM(DATA[2047]), NULL(NULL[0]), 

    USB_CD_Ptr	const PTR const unsigned char [1] size(2) Largest target is 41
		 -> configDescriptor1(CODE[41]), 

    USB_SD_Ptr	const PTR const unsigned char [3] size(2) Largest target is 52
		 -> sd000(CODE[4]), sd001(CODE[52]), sd002(CODE[28]), 

    USBConfigureEndpoint@handle	PTR volatile struct __BDT size(2) Largest target is 32
		 -> BDT(ABS[32]), 

    USBEnableEndpoint@p	PTR unsigned char  size(2) Largest target is 1
		 -> UEP0(BIGSFR[1]), 

    USBStdFeatureReqHandler@p	PTR struct __BDT size(2) Largest target is 2047
		 -> BDT(ABS[32]), RAM(DATA[2047]), NULL(NULL[0]), 

    USBStdFeatureReqHandler@pUEP	PTR unsigned char  size(2) Largest target is 1
		 -> UEP0(BIGSFR[1]), 

    USBStdGetStatusHandler@p	PTR struct __BDT size(2) Largest target is 2047
		 -> BDT(ABS[32]), RAM(DATA[2047]), NULL(NULL[0]), 

    USBTransferOnePacket@data	PTR unsigned char  size(2) Largest target is 8
		 -> inputReport(ABS[8]), outputReport(ABS[1]), 

    USBTransferOnePacket@handle	PTR volatile struct __BDT size(2) Largest target is 2047
		 -> BDT(ABS[32]), RAM(DATA[2047]), NULL(NULL[0]), 

    USER_USB_CALLBACK_EVENT_HANDLER@pdata	PTR void  size(2) Largest target is 2047
		 -> BDT(ABS[32]), RAM(DATA[2047]), USBActiveConfiguration(COMRAM[1]), USTATcopy(COMRAM[1]), 
		 -> NULL(NULL[0]), 


Critical Paths under _main in COMRAM

    None.

Critical Paths under _SYS_InterruptHigh in COMRAM

    _SYS_InterruptHigh->_USBDeviceTasks
    _USBDeviceTasks->_USBCtrlEPService
    i2_USBDeviceInit->i2_memset
    _USBWakeFromSuspend->_USER_USB_CALLBACK_EVENT_HANDLER
    _USBSuspend->_USER_USB_CALLBACK_EVENT_HANDLER
    _USBCtrlTrfSetupHandler->_USBCheckStdRequest
    _USBCtrlEPAllowDataStage->_USBCtrlTrfTxService
    _USBCheckStdRequest->_USBStdFeatureReqHandler
    _USBStdSetCfgHandler->_USER_USB_CALLBACK_EVENT_HANDLER
    _USBStdFeatureReqHandler->_USER_USB_CALLBACK_EVENT_HANDLER
    i2_SYSTEM_Initialize->i2_BUTTON_Enable
    i2_SYSTEM_Initialize->i2_LED_Enable
    _USBCheckHIDRequest->_USBHIDCBSetIdleRateHandler
    _APP_LEDUpdateUSBStatus->i2_LED_Off
    _APP_LEDUpdateUSBStatus->i2_LED_On
    _APP_KeyboardInit->_USBEnableEndpoint
    _USBEnableEndpoint->_USBConfigureEndpoint
    _USBCtrlTrfOutHandler->_USBCtrlTrfRxService
    i2_APP_KeyboardProcessOutputReport->i2_LED_Off
    i2_APP_KeyboardProcessOutputReport->i2_LED_On

Critical Paths under _main in BANK0

    _main->_APP_KeyboardTasks
    _USBDeviceInit->_memset
    _SYSTEM_Initialize->_BUTTON_Enable
    _SYSTEM_Initialize->_LED_Enable
    _APP_KeyboardTasks->_USBTransferOnePacket
    _APP_KeyboardProcessOutputReport->_LED_Off
    _APP_KeyboardProcessOutputReport->_LED_On

Critical Paths under _SYS_InterruptHigh in BANK0

    None.

Critical Paths under _main in BANK1

    None.

Critical Paths under _SYS_InterruptHigh in BANK1

    None.

Critical Paths under _main in BANK2

    None.

Critical Paths under _SYS_InterruptHigh in BANK2

    None.

Critical Paths under _main in BANK3

    None.

Critical Paths under _SYS_InterruptHigh in BANK3

    None.

Critical Paths under _main in BANK4h

    None.

Critical Paths under _SYS_InterruptHigh in BANK4h

    None.

Critical Paths under _main in BANK5

    None.

Critical Paths under _SYS_InterruptHigh in BANK5

    None.

Critical Paths under _main in BANK6

    None.

Critical Paths under _SYS_InterruptHigh in BANK6

    None.

Critical Paths under _main in BANK7

    None.

Critical Paths under _SYS_InterruptHigh in BANK7

    None.

Call Graph Tables:

 ---------------------------------------------------------------------------------
 (Depth) Function   	        Calls       Base Space   Used Autos Params    Refs
 ---------------------------------------------------------------------------------
 (0) _main                                                 0     0      0    1468
                  _APP_KeyboardTasks
                  _SYSTEM_Initialize
                    _USBDeviceAttach
                      _USBDeviceInit
 ---------------------------------------------------------------------------------
 (1) _USBDeviceInit                                        1     1      0     446
                                              8 BANK0      1     1      0
                             _memset
 ---------------------------------------------------------------------------------
 (1) _USBDeviceAttach                                      0     0      0       0
 ---------------------------------------------------------------------------------
 (1) _SYSTEM_Initialize                                    3     3      0      87
                                              3 BANK0      3     3      0
                      _BUTTON_Enable
                         _LED_Enable
 ---------------------------------------------------------------------------------
 (2) _LED_Enable                                           3     3      0      29
                                              0 BANK0      3     3      0
 ---------------------------------------------------------------------------------
 (2) _BUTTON_Enable                                        3     3      0      29
                                              0 BANK0      3     3      0
 ---------------------------------------------------------------------------------
 (1) _APP_KeyboardTasks                                    6     6      0     935
                                             11 BANK0      6     6      0
    _APP_KeyboardProcessOutputReport
                   _BUTTON_IsPressed
               _USBTransferOnePacket
                             _memset
 ---------------------------------------------------------------------------------
 (2) _memset                                               8     2      6     155
                                              0 BANK0      8     2      6
 ---------------------------------------------------------------------------------
 (2) _USBTransferOnePacket                                11     7      4     424
                                              0 BANK0     11     7      4
 ---------------------------------------------------------------------------------
 (2) _BUTTON_IsPressed                                     3     3      0      29
                                              0 BANK0      3     3      0
 ---------------------------------------------------------------------------------
 (2) _APP_KeyboardProcessOutputReport                      0     0      0      58
                            _LED_Off
                             _LED_On
 ---------------------------------------------------------------------------------
 (3) _LED_On                                               3     3      0      29
                                              0 BANK0      3     3      0
 ---------------------------------------------------------------------------------
 (3) _LED_Off                                              3     3      0      29
                                              0 BANK0      3     3      0
 ---------------------------------------------------------------------------------
 Estimated maximum stack depth 3
 ---------------------------------------------------------------------------------
 (Depth) Function   	        Calls       Base Space   Used Autos Params    Refs
 ---------------------------------------------------------------------------------
 (4) _SYS_InterruptHigh                                   12    12      0    9298
                                             32 COMRAM    12    12      0
                     _USBDeviceTasks
 ---------------------------------------------------------------------------------
 (5) _USBDeviceTasks                                       1     1      0    9298
                                             31 COMRAM     1     1      0
          _USBCtrlEPAllowStatusStage
                   _USBCtrlEPService
      _USBIncrement1msInternalTimers
                    _USBStallHandler
                         _USBSuspend
                 _USBWakeFromSuspend
    _USER_USB_CALLBACK_EVENT_HANDLER
                    i2_USBDeviceInit
 ---------------------------------------------------------------------------------
 (6) i2_USBDeviceInit                                      1     1      0     310
                                              8 COMRAM     1     1      0
                           i2_memset
 ---------------------------------------------------------------------------------
 (6) _USBWakeFromSuspend                                   0     0      0    1092
    _USER_USB_CALLBACK_EVENT_HANDLER
 ---------------------------------------------------------------------------------
 (6) _USBSuspend                                           0     0      0    1092
    _USER_USB_CALLBACK_EVENT_HANDLER
 ---------------------------------------------------------------------------------
 (6) _USBStallHandler                                      1     1      0       0
                                              0 COMRAM     1     1      0
 ---------------------------------------------------------------------------------
 (6) _USBIncrement1msInternalTimers                        0     0      0       0
 ---------------------------------------------------------------------------------
 (6) _USBCtrlEPService                                     1     1      0    5666
                                             30 COMRAM     1     1      0
                _USBCtrlTrfInHandler
               _USBCtrlTrfOutHandler
             _USBCtrlTrfSetupHandler
                             _memcpy
 ---------------------------------------------------------------------------------
 (7) _memcpy                                              11     5      6     146
                                              0 COMRAM    11     5      6
 ---------------------------------------------------------------------------------
 (7) _USBCtrlTrfSetupHandler                               0     0      0    5175
                 _USBCheckStdRequest
           _USBCtrlEPServiceComplete
    _USER_USB_CALLBACK_EVENT_HANDLER
 ---------------------------------------------------------------------------------
 (8) _USBCtrlEPServiceComplete                             0     0      0      92
            _USBCtrlEPAllowDataStage
          _USBCtrlEPAllowStatusStage
 ---------------------------------------------------------------------------------
 (9) _USBCtrlEPAllowDataStage                              0     0      0      92
                _USBCtrlTrfTxService
 ---------------------------------------------------------------------------------
 (8) _USBCheckStdRequest                                   1     1      0    3991
                                             29 COMRAM     1     1      0
            _USBStdFeatureReqHandler
                _USBStdGetDscHandler
             _USBStdGetStatusHandler
                _USBStdSetCfgHandler
    _USER_USB_CALLBACK_EVENT_HANDLER
 ---------------------------------------------------------------------------------
 (9) _USBStdSetCfgHandler                                  1     1      0    1290
                                             22 COMRAM     1     1      0
    _USER_USB_CALLBACK_EVENT_HANDLER
                           i2_memset
 ---------------------------------------------------------------------------------
 (7) i2_memset                                             8     2      6     108
                                              0 COMRAM     8     2      6
 ---------------------------------------------------------------------------------
 (9) _USBStdGetStatusHandler                               2     2      0      46
                                              0 COMRAM     2     2      0
 ---------------------------------------------------------------------------------
 (9) _USBStdGetDscHandler                                  2     2      0       0
                                              0 COMRAM     2     2      0
 ---------------------------------------------------------------------------------
 (9) _USBStdFeatureReqHandler                              7     7      0    1563
                                             22 COMRAM     7     7      0
    _USER_USB_CALLBACK_EVENT_HANDLER
 ---------------------------------------------------------------------------------
 (6) _USER_USB_CALLBACK_EVENT_HANDLER                      8     2      6    1092
                                             14 COMRAM     8     2      6
                   _APP_KeyboardInit
             _APP_LEDUpdateUSBStatus
                 _USBCheckHIDRequest
                i2_SYSTEM_Initialize
 ---------------------------------------------------------------------------------
 (7) i2_SYSTEM_Initialize                                  3     3      0      87
                                              3 COMRAM     3     3      0
                    i2_BUTTON_Enable
                       i2_LED_Enable
 ---------------------------------------------------------------------------------
 (8) i2_LED_Enable                                         3     3      0      29
                                              0 COMRAM     3     3      0
 ---------------------------------------------------------------------------------
 (8) i2_BUTTON_Enable                                      3     3      0      29
                                              0 COMRAM     3     3      0
 ---------------------------------------------------------------------------------
 (7) _USBCheckHIDRequest                                   0     0      0      52
         _USBHIDCBSetIdleRateHandler
           _USBHIDCBSetReportHandler
 ---------------------------------------------------------------------------------
 (8) _USBHIDCBSetReportHandler                             0     0      0       0
 ---------------------------------------------------------------------------------
 (8) _USBHIDCBSetIdleRateHandler                           2     1      1      52
                                              0 COMRAM     2     1      1
 ---------------------------------------------------------------------------------
 (7) _APP_LEDUpdateUSBStatus                               2     2      0      58
                                              3 COMRAM     2     2      0
                          i2_LED_Off
                           i2_LED_On
 ---------------------------------------------------------------------------------
 (7) _APP_KeyboardInit                                     0     0      0     843
                  _USBEnableEndpoint
             i2_USBTransferOnePacket
 ---------------------------------------------------------------------------------
 (8) i2_USBTransferOnePacket                              11     7      4     421
                                              0 COMRAM    11     7      4
 ---------------------------------------------------------------------------------
 (8) _USBEnableEndpoint                                    4     3      1     422
                                             10 COMRAM     4     3      1
               _USBConfigureEndpoint
 ---------------------------------------------------------------------------------
 (9) _USBConfigureEndpoint                                10     9      1     245
                                              0 COMRAM    10     9      1
 ---------------------------------------------------------------------------------
 (7) _USBCtrlTrfOutHandler                                 0     0      0     172
                _USBCtrlTrfRxService
 ---------------------------------------------------------------------------------
 (8) _USBCtrlTrfRxService                                  2     2      0     172
                                              3 COMRAM     2     2      0
          _USBCtrlEPAllowStatusStage
          _USBHIDCBSetReportComplete *
 ---------------------------------------------------------------------------------
 (9) _USBCtrlEPAllowStatusStage                            0     0      0       0
 ---------------------------------------------------------------------------------
 (7) _USBCtrlTrfInHandler                                  1     1      0     173
                                              3 COMRAM     1     1      0
                _USBCtrlTrfTxService
          _USBHIDCBSetReportComplete *
 ---------------------------------------------------------------------------------
 (9) _USBHIDCBSetReportComplete                            0     0      0      58
  i2_APP_KeyboardProcessOutputReport
 ---------------------------------------------------------------------------------
 (10) i2_APP_KeyboardProcessOutputReport                   0     0      0      58
                          i2_LED_Off
                           i2_LED_On
 ---------------------------------------------------------------------------------
 (8) i2_LED_On                                             3     3      0      29
                                              0 COMRAM     3     3      0
 ---------------------------------------------------------------------------------
 (8) i2_LED_Off                                            3     3      0      29
                                              0 COMRAM     3     3      0
 ---------------------------------------------------------------------------------
 (10) _USBCtrlTrfTxService                                 1     1      0      92
                                              0 COMRAM     1     1      0
 ---------------------------------------------------------------------------------
 Estimated maximum stack depth 10
 ---------------------------------------------------------------------------------

 Call Graph Graphs:

 _main (ROOT)
   _APP_KeyboardTasks
     _APP_KeyboardProcessOutputReport
       _LED_Off
       _LED_On
     _BUTTON_IsPressed
     _USBTransferOnePacket
     _memset
   _SYSTEM_Initialize
     _BUTTON_Enable
     _LED_Enable
   _USBDeviceAttach
   _USBDeviceInit
     _memset

 _SYS_InterruptHigh (ROOT)
   _USBDeviceTasks
     _USBCtrlEPAllowStatusStage
     _USBCtrlEPService
       _USBCtrlTrfInHandler
         _USBCtrlTrfTxService
         _USBHIDCBSetReportComplete *
           i2_APP_KeyboardProcessOutputReport
             i2_LED_Off
             i2_LED_On
       _USBCtrlTrfOutHandler
         _USBCtrlTrfRxService
           _USBCtrlEPAllowStatusStage
           _USBHIDCBSetReportComplete *
       _USBCtrlTrfSetupHandler
         _USBCheckStdRequest
           _USBStdFeatureReqHandler
             _USER_USB_CALLBACK_EVENT_HANDLER
               _APP_KeyboardInit
                 _USBEnableEndpoint
                   _USBConfigureEndpoint
                 i2_USBTransferOnePacket
               _APP_LEDUpdateUSBStatus
                 i2_LED_Off
                 i2_LED_On
               _USBCheckHIDRequest
                 _USBHIDCBSetIdleRateHandler
                 _USBHIDCBSetReportHandler
               i2_SYSTEM_Initialize
                 i2_BUTTON_Enable
                 i2_LED_Enable
           _USBStdGetDscHandler
           _USBStdGetStatusHandler
           _USBStdSetCfgHandler
             _USER_USB_CALLBACK_EVENT_HANDLER
             i2_memset
           _USER_USB_CALLBACK_EVENT_HANDLER
         _USBCtrlEPServiceComplete
           _USBCtrlEPAllowDataStage
             _USBCtrlTrfTxService
           _USBCtrlEPAllowStatusStage
         _USER_USB_CALLBACK_EVENT_HANDLER
       _memcpy
     _USBIncrement1msInternalTimers
     _USBStallHandler
     _USBSuspend
       _USER_USB_CALLBACK_EVENT_HANDLER
     _USBWakeFromSuspend
       _USER_USB_CALLBACK_EVENT_HANDLER
     _USER_USB_CALLBACK_EVENT_HANDLER
     i2_USBDeviceInit
       i2_memset

Address spaces:
Name               Size   Autos  Total    Usage
BIGRAM            1006      0       0      0.0%
BIGRAM_1hh         759      0       0      0.0%
BITBANK7           256      0       0      0.0%
BANK7              256      0       0      0.0%
BITBANK6           256      0       0      0.0%
BANK6              256      0       0      0.0%
BITBANK2           256      0       0      0.0%
BANK2              256      0       0      0.0%
BITBANK1           256      0       0      0.0%
BANK1              256      0       0      0.0%
BITBANK5           247      0       0      0.0%
BANK5              247      0       0      0.0%
BITBANK3           239      0       0      0.0%
BANK3              239      0       0      0.0%
BIGRAM_1hl         208      0       0      0.0%
BANK4h             208      0       0      0.0%
BITBANK4h          208      0       0      0.0%
BITBANK0           160      0       0      0.0%
BANK0              160     17      47     29.4%
BITCOMRAM           94      0       0      0.0%
COMRAM              94     44      91     96.8%
BITBIGSFR_1h        50      0       0      0.0%
BITBIGSFRh          44      0       0      0.0%
BITBIGSFR_5h         9      0       0      0.0%
BITBIGSFRlll         8      0       0      0.0%
BITBIGSFR_2          6      0       0      0.0%
BITBIGSFRllh         3      0       0      0.0%
BITBIGSFR_4          3      0       0      0.0%
BITBIGSFR_3          3      0       0      0.0%
BITBIGSFR_1l         3      0       0      0.0%
BITBIGSFR_5l         2      0       0      0.0%
BITBIGSFRlh          1      0       0      0.0%
STACK                0      0       0      0.0%
DATA                 0      0     141      0.0%


Microchip Technology PIC18 Macro Assembler V3.00 build 20241204225717 
Symbol Table                                                                                   Mon Aug 18 14:16:05 2025

                                _USB_SD_Ptr 7C69                                          l70 0398  
                                        l71 03C0                                          l63 032C  
                                        l64 0562                                          l75 0450  
                                        l92 232C                                          l68 0344  
                                        l78 0454                                 ?_LED_Enable 0030  
                             _USBDeviceInit 102E                          _USBCheckHIDRequest 08E8  
          __end_of_USBHIDCBSetReportHandler 236C        USER_USB_CALLBACK_EVENT_HANDLER@event 003E  
      USER_USB_CALLBACK_EVENT_HANDLER@pdata 0040                                         l200 1CBA  
                                       l201 1CC0                                         l202 1CC6  
                                       l140 1B80                                         l204 1D10  
                                       l150 2152                                         l160 1D20  
                                       l161 1D26                                         l170 1D86  
                                       l162 1D2C                                         l138 1B6A  
                                       l146 2112                                         l234 201C  
                                       l171 1D8C                                         l139 1BD0  
                                       l172 1D92                                         l164 1D76  
                                       l420 0F06                                         l148 2118  
               __end_of_USBStdGetDscHandler 0B78                                         l174 1DDC  
                                       l158 1D1A                                         l168 1D80  
                                       l440 21C6                                         l442 21DA  
                                       l198 1CB4                                         l439 21C8  
                                       l384 1142                                         l379 108E  
                                       _BDT 0400                                         _UIE 0F69  
                                       _UIR 0F68                      _APP_LEDUpdateUSBStatus 1466  
                                _USBSuspend 22BC                        USBStdSetCfgHandler@i 0046  
                                       prod 0FF3                                         tosl 0FFD  
                                       wreg 0FE8                              _USBDeviceTasks 0564  
                       ?_USBCheckHIDRequest 0030                              _USBDeviceState 002C  
                             _BUTTON_Enable 210A                       ??_USBCtrlTrfRxService 0033  
                  USBEnableEndpoint@options 003A                             __end_of_LED_Off 1DDE  
                                      l1390 2214                                        l4140 1FCE  
                USBConfigureEndpoint@handle 0038                                        l4142 1FD2  
                                      l5200 1FFE                                        l5210 1DAE  
                                      l5202 1CE2                                        l4146 1FE8  
                                      l5204 2134                                        l5206 1BB2  
                                      l5208 1D48                                        l3740 1D98  
                                      l3724 1D16                                        l4700 2326  
                                      l4710 0366                                        l4702 0318  
                                      l3736 1D7C                                        l3728 1D32  
                                      l3840 0DE2                                        l4720 0404  
                                      l4712 0380                                        l3904 210E  
                                      l3920 1CCC                                        l4800 10A4  
                                      l3842 0DF4                                        l4730 0436  
                                      l4722 041A                                        l4714 03B4  
                                      l4706 033A                                        l4810 10C0  
                                      l4802 10B2                                        l3860 0E86  
                                      l3852 0E3E                                        l3844 0E0C  
                                      l4740 047E                                        l4732 0448  
                                      l4724 042C                                        l4716 03D2  
                                      l4708 034C                                        l3908 211E  
                                      l3916 1CB0                                        l4820 10EE  
                                      l4804 10BA                                        l3870 1B66  
                                      l3862 0E96                                        l3854 0E62  
                                      l3846 0E20                                        l4750 04C8  
                                      l4742 0486                                        l4726 0430  
                                      l4718 03E8                                        l4830 1116  
                                      l4822 10F8                                        l4806 10BC  
                                      l3872 1B96                                        l3864 0ECC  
                                      l3856 0E6E                                        l3848 0E32  
                                      l4752 04CC                                        l4744 0488  
                                      l4728 0434                                        l4760 0514  
                                      l4840 112C                                        l4832 1120  
                                      l4824 10FA                                        l4816 10C4  
                                      l4808 10BE                                        l3866 0EFE  
                                      l3858 0E7A                                        l4690 21E8  
                                      l4762 0528                                        l4754 04DC  
                                      l4746 0498                                        l4738 0458  
                                      l4850 21AE                                        l4842 113E  
                                      l4834 1124                                        l4826 110A  
                                      l4818 10E4                                        l4770 102E  
                                      l4692 21F4                                        l4764 053E  
                                      l4756 04EE                                        l4748 04AA  
                                      l4860 21D6                                        l4852 21BA  
                                      l4844 1140                                        l4836 1128  
                                      l4828 1112                                        l4780 1060  
                                      l4772 1036                                        l3878 1B9C  
                                      l4694 21F8                                        l4766 0542  
                                      l4758 050C                                        l4854 21BC  
                                      l4846 219A                                        l4838 112A  
                                      l4790 107E                                        l4774 1054  
                                      l4862 2388                                        l4696 230C  
                                      l4688 21DC                                        l4856 21BE  
                                      l4848 21AA                                        l4792 1096  
                                      l4776 1058                                        l4864 238E  
                                      l4698 231C                                        l4858 21C0  
                                      l4794 1098                                        l4786 1064  
                                      l4778 105C                                        l4866 2392  
                                      l4796 109A                                        l4788 107C  
                                      l4868 2396                                        l4798 109C  
                     ??i2_SYSTEM_Initialize 0033                                        u3300 231C  
                                      u3301 2318                                        u3310 0328  
                                      u3311 0324                                        u3400 0448  
                                      u3320 033A                                        u3401 0444  
                                      u3321 0336                                        u2610 0DF4  
                                      u3410 047E                                        u3330 0366  
                                      u2611 0DF0                                        u3411 047A  
                                      u3331 0362                                        u2620 0E32  
                                      u3420 0498                                        u3340 0380  
                                      u3500 10B2                                        u2621 0E2E  
                                      u3421 0494                                        u3341 037C  
                                      u3501 10AE                                        u2630 0E96  
                                      u3430 04AA                                        u3350 03B4  
                                      u3510 110A                                        u2631 0E92  
                                      u3431 04A6                                        u3351 03B0  
                                      u3511 1106                                        u2640 1B7A  
                                      u3440 04C8                                        u3360 03D2  
                                      u3520 21AA                                        u2641 1B74  
                                      u3441 04C4                                        u3361 03CE  
                                      u3521 21A6                                        u2650 1B7C  
                                      u3290 2214                                        u3450 04DC  
                                      u3370 03E8                                        u3530 21D6  
                                      u3291 2210                                        u3451 04D8  
                                      u3371 03E4                                        u3531 21D2  
                                      u2660 1B90                                        u3380 041A  
                                      u2661 1B8A                                        u3461 04E6  
                                      u3381 0416                                        u2670 1B92  
                                      u3470 0528                                        u3390 042C  
                                      u3471 0524                                        u3391 0428  
                                      u3480 053E                                        u3481 053A  
                                      u3490 108E                                        u3491 108A  
                                      i2l60 1E42                       ??_USBCtrlTrfTxService 0030  
                                      i2l58 1DFA                                        i2l92 234E  
                                      i2l95 23AA                                        _UCFG 0F6F  
                                      i2l98 236A                                        _UEP0 0F70  
                                      _UEP1 0F71                                        _UEIE 0F6B  
                                      _UEIR 0F6A                                        _UCON 0F6D  
    USBStdFeatureReqHandler@current_ep_data 004A                                        _pDst 0072  
                                      _main 2388                    ??i2_USBTransferOnePacket 0034  
                                      fsr1h 0FE2                                        fsr2h 0FDA  
                                      indf1 0FE7                                        indf2 0FDF  
                                      fsr1l 0FE1                                        fsr2l 0FD9  
                           _USBDeviceAttach 219A                                        btemp 005C  
                                      prodh 0FF4                                        prodl 0FF3  
                                      start 000E                        ??_USBCheckHIDRequest 0032  
                __end_of_USBCheckStdRequest 1466                      ??_USBCtrlTrfOutHandler 0035  
                             _LocalSOFCount 0076                                ___param_bank 0000  
                 ??_USBStdFeatureReqHandler 0046                    ??_USBStdGetStatusHandler 0030  
                            ?_USBDeviceInit 0030                                       ?_main 0030  
                    __end_of_USBDeviceTasks 0778                   ?_USBCtrlEPServiceComplete 0030  
                                     i2l102 2386                                       i2l120 14DA  
                                     i2l200 1E50                                       i2l201 1E56  
                                     i2l202 1E5C                                       i2l116 1558  
                                     i2l204 1EA4                                       i2l150 2198  
                                     i2l160 1EB2                                       i2l400 06DC  
                                     i2l161 1EB8                                       i2l401 0774  
                                     i2l170 1F14                                       i2l162 1EBE  
                                     i2l146 215A                                       i2l234 20BC  
                                     i2l402 06EC                                       i2l171 1F1A  
                                     i2l172 1F20                                       i2l164 1F06  
                                     i2l420 102C                                       i2l148 2160  
                                     i2l174 1F68                                       i2l158 1EAC  
                                     i2l502 08E6                                       i2l414 2108  
                                     i2l239 1C78                                       i2l168 1F0E  
                                     i2l520 0B4C                                       i2l450 1732  
                                     i2l522 0B52                                       i2l530 162A  
                                     i2l523 0B76                                       i2l531 157C  
                                     i2l532 1582                                       i2l461 1AE2  
                                     i2l517 0AEE                                       i2l509 1806  
                                     i2l541 1FC6                            __end_ofi2_LED_On 1F08  
                                     i2l446 1732                                       i2l198 1E4A  
                                     i2l606 0054                                       i2l390 05C2  
                                     i2l527 1564                                       i2l543 1FC8  
                                     i2l551 224C                                       i2l391 0776  
                                     i2l704 18DA                                       i2l624 0288  
                                     i2l616 01DA                                       i2l456 1A3A  
                                     i2l464 0C0E                                       i2l560 1992  
                                     i2l552 224E                                       i2l384 1252  
                                     i2l633 22BA                                       i2l570 1C40  
                                     i2l538 1646                                       i2l474 0CAA  
                                     i2l546 22E4                                       i2l563 1B60  
                                     i2l379 11A0                                       i2l660 0A30  
                                     i2l628 0316                                       i2l566 1BEC  
                                     i2l590 1380                                       i2l584 0DDC  
                                     i2l576 0D9A                                       i2l568 1C3E  
                                     i2l489 1362                                       i2l588 1464  
                                     i2l599 13D4                                       _UADDR 0F6E  
                                     _USTAT 0F6C                                _outputReport 0508  
        __end_of_USBHIDCBSetIdleRateHandler 2388                  _USBHIDCBSetIdleRateHandler 236C  
                            ?_BUTTON_Enable 0030             __end_of_USBCtrlEPAllowDataStage 1A3C  
                                     _sd000 7D3B                                       _sd001 7CB0  
                                     _sd002 7D0D              ?_USBIncrement1msInternalTimers 0030  
                                     pclath 0FFA                                       pclatu 0FFB  
                                     tablat 0FF5                                       plusw1 0FE3  
                                     plusw2 0FDB                                       ttemp5 005D  
                                     ttemp6 0060                                       ttemp7 0064  
                                     status 0FD8                                       wtemp8 005D  
                          __end_ofi2_memset 2288                             __initialization 22E6  
                              __end_of_main 23A2                                      ??_main 008F  
                             __activetblptr 0002                             ?_USBDeviceTasks 0030  
                               ?_USBSuspend 0030                                   ??_LED_Off 007E  
                  _USBHIDCBSetReportHandler 2350                     __end_of_USBDeviceAttach 21DC  
                    SYSTEM_Initialize@state 0083                                      i2l3100 1E62  
                                    i2l3030 1A84                                      i2l3110 0F32  
                                    i2l3040 1AD4                                      i2l3032 1A8E  
                                    i2l3120 0F88                                      i2l3112 0F46  
                                    i2l3200 092C                                      i2l4000 1168  
                                    i2l3034 1A9E                                      i2l3026 1A3E  
                                    i2l3050 20F0                                      i2l3042 20C0  
                                    i2l3130 0FF2                                      i2l3122 0F94  
                                    i2l3114 0F58                                      i2l3106 0F0A  
                                    i2l3210 095C                                      i2l3202 093C  
                                    i2l4002 116C                                      i2l3300 1282  
                                    i2l3036 1AB6                                      i2l3028 1A46  
                                    i2l3052 20FC                                      i2l3044 20CE  
                                    i2l3132 1024                                      i2l3124 0FA0  
                                    i2l3108 0F1A                                      i2l3140 1DEC  
                                    i2l3060 2368                                      i2l3212 0964  
                                    i2l3204 0944                                      i2l4020 11AA  
                                    i2l4012 1176                                      i2l4004 1170  
                                    i2l3310 12B6                                      i2l3302 128A  
                                    i2l3038 1ACA                                      i2l3046 20D8  
                                    i2l3126 0FAC                                      i2l3118 0F64  
                                    i2l3142 1DEE                                      i2l3150 1474  
                                    i2l3062 236E                                      i2l3054 2350  
                                    i2l3230 09C2                                      i2l3222 09A4  
                                    i2l3206 094C                                      i2l3070 2166  
                                    i2l1390 2286                                      i2l4030 11CC  
                                    i2l4022 11AC                                      i2l4014 118E  
                                    i2l4006 1174                                      i2l3320 1300  
                                    i2l3312 12C0                                      i2l3304 129A  
                                    i2l3080 1EC4                                      i2l3048 20E6  
                                    i2l3128 0FBC                                      i2l3144 1E02  
                                    i2l3136 1DDE                                      i2l3160 14AE  
                                    i2l3064 237E                                      i2l3056 2358  
                                    i2l3240 09E6                                      i2l3232 09C6  
                                    i2l3224 09AC                                      i2l3208 0954  
                                    i2l3216 096C                                      i2l3400 1A0A  
                                    i2l1384 206C                                      i2l4032 11CE  
                                    i2l4024 11AE                                      i2l4016 1190  
                                    _LED_On 1D12                                      i2l3330 134A  
                                    i2l3322 1306                                      i2l3306 129E  
                                    i2l3090 1F26                                      i2l3146 1E1A  
                                    i2l3138 1DE8                                      i2l3170 14FA  
                                    i2l3162 14B8                                      i2l3154 147E  
                                    i2l3058 2360                                      i2l3242 09EE  
                                    i2l3234 09CA                                      i2l3226 09B2  
                                    i2l3218 098A                                      i2l3066 2156  
                                    i2l3250 2070                                      i2l3410 1736  
                                    i2l3402 1A0E                                      i2l4050 120A  
                                    i2l4042 11D4                                      i2l4034 11D0  
                                    i2l4026 11B6                                      i2l4018 11A8  
                                    i2l3332 1350                                      i2l3316 12D2  
                                    i2l3324 1308                                      i2l3308 12A6  
                                    i2l3076 1EA8                                      i2l3340 2348  
                                    i2l3172 150E                                      i2l3164 14CE  
                                    i2l3156 1490                                      i2l3180 1532  
                                    i2l3148 1466                                      i2l3244 09F2  
                                    i2l3236 09D8                                      i2l3228 09BA  
                                    i2l3252 2074                                      i2l3500 1640  
                                    i2l3420 1772                                      i2l3412 176E  
                                    i2l3404 1A22                                      i2l4060 1234  
                                    i2l4052 121A                                      i2l4044 11F4  
                                    i2l4036 11D2                                      i2l4028 11C4  
                                    i2l4300 067C                                      i2l3326 131C  
                                    i2l3318 12FC                                      i2l3334 1352  
                                    i2l3086 1F0A                                      i2l3350 23A2  
                                    i2l3174 1518                                      i2l3166 14DE  
                                    i2l3182 1554                                      i2l3158 149A  
                                    i2l3238 09DE                                      i2l3270 1830  
                                    i2l3262 1808                                      i2l3510 003A  
                                    i2l3502 1642                                      i2l3342 2250  
                                    i2l3430 17B4                                      i2l3422 1786  
                                    i2l3414 1770                                      i2l3406 1A2E  
                                    i2l4070 1250                                      i2l4062 1238  
                                    i2l4054 1222                                      i2l4046 11FE  
                                    i2l4310 06C4                                      i2l4302 068A  
                                    i2l3328 1346                                      i2l3336 232E  
                                    i2l3352 23A6                                      i2l3360 1670  
                                    i2l3168 14F0                                      i2l3248 09FA  
                                    i2l3192 0902                                      i2l3096 1E46  
                                    i2l3256 208A                                      i2l3272 183C  
                                    i2l3264 180C                                      i2l3520 008E  
                                    i2l3512 004C                                      i2l3504 0012  
                                    i2l3344 225C                                      i2l3440 17E0  
                                    i2l3432 17BC                                      i2l3424 1788  
                                    i2l3408 1734                                      i2l3600 0BB6  
                                    i2l4064 123A                                      i2l4056 1226  
                                    i2l4048 1208                                      i2l4312 06C6  
                                    i2l4304 068E                                      i2l3338 233E  
                                    i2l3370 16BC                                      i2l3362 1682  
                                    i2l3354 1648                                      i2l3274 184A  
                                    i2l3266 1810                                      i2l3282 1868  
                                    i2l3530 00F2                                      i2l3522 00A4  
                                    i2l3506 0024                                      i2l3514 0056  
                                    i2l3450 0A4E                                      i2l3346 2268  
                                    i2l3442 17E8                                      i2l3434 17C4  
                                    i2l3426 1798                                      i2l3610 0C32  
                                    i2l3602 0BDA                                      i2l4066 123C  
                                    i2l4058 1230                                      i2l4330 0718  
                                    i2l4322 06FA                                      i2l4314 06D6  
                                    i2l4306 069C                                      i2l4250 0588  
                                    i2l3292 1254                                      i2l3380 16FE  
                                    i2l3372 16BE                                      i2l3364 1690  
                                    i2l3356 1658                                      i2l3196 0916  
                                    i2l3188 08E8                                      i2l5220 217A  
                                    i2l5212 1886                                      i2l3276 1858  
                                    i2l3268 1828                                      i2l3540 0142  
                                    i2l3532 0108                                      i2l3524 00B6  
                                    i2l3516 0066                                      i2l3508 0038  
                                    i2l3460 0ABC                                      i2l3452 0A56  
                                    i2l3348 226C                                      i2l3444 1802  
                                    i2l3436 17CC                                      i2l3428 17B2  
                                    i2l3700 13A2                                      i2l3612 0C36  
                                    i2l3620 0C52                                      i2l3604 0BE6  
                                    i2l4068 124E                                      i2l4340 0762  
                                    i2l4332 0726                                      i2l4324 06FE  
                                    i2l4316 06EA                                      i2l4308 06AA  
                                    i2l4260 05AE                                      i2l4252 058C  
                                    i2l4244 0564                                      i2l3294 1258  
                                    i2l3382 170E                                      i2l3374 16E2  
                                    i2l3366 169C                                      i2l3358 166C  
                                    i2l5222 1546                                      i2l5214 18CC  
                                    i2l3278 1860                                      i2l3550 01A8  
                                    i2l3542 0150                                      i2l3534 011A  
                                    i2l3526 00C6                                      i2l3518 007A  
                                    i2l3462 0AF4                                      i2l3454 0A62  
                                    i2l3470 0B58                                      i2l3446 0A32  
                                    i2l3438 17D0                                      i2l3710 13C8  
                                    i2l3702 13A6                                      i2l3390 19AA  
                                    i2l3630 0C92                                      i2l3622 0C56  
                                    i2l3614 0C38                                      i2l3606 0BFE  
                                    i2l4342 0764                                      i2l4334 0730  
                                    i2l4326 0708                                      i2l4270 05E4  
                                    i2l4262 05BC                                      i2l4254 059A  
                                    i2l4246 0574                                      i2l3296 126E  
                                    i2l5224 1ED8                                      i2l3800 0CC6  
                                    i2l3384 1722                                      i2l3376 16EE  
                                    i2l3368 16AC                                      i2l3640 0788  
                                    i2l5216 209E                                      i2l3560 0216  
                                    i2l3552 01B6                                      i2l3544 016A  
                                    i2l3536 0128                                      i2l3528 00DC  
                                    i2l3464 0B04                                      i2l3456 0A72  
                                    i2l3448 0A46                                      i2l3480 1584  
                                    i2l3472 155A                                      i2l3712 13CA  
                                    i2l3704 13AC                                      i2l3392 19CE  
                                    i2l3632 0C94                                      i2l3624 0C66  
                                    i2l3616 0C3A                                      i2l3608 0C1E  
                                    i2l4336 0740                                      i2l4328 070A  
                                    i2l4280 060A                                      i2l4272 05E8  
                                    i2l4264 05D0                                      i2l4256 05A8  
                                    i2l4248 0582                                      i2l4352 1C74  
                                    i2l3298 1272                                      i2l5226 1F3A  
                                    i2l3802 0CD8                                      i2l3810 0CFC  
                                    i2l3378 16FA                                      i2l3650 07C8  
                                    i2l3642 079E                                      i2l5218 1E76  
                                    i2l3570 0264                                      i2l3562 0222  
                                    i2l3554 01CA                                      i2l3546 0180  
                                    i2l3538 0138                                      i2l3466 0B20  
                                    i2l3458 0A8E                                      i2l3490 15EC  
                                    i2l3482 1598                                      i2l3714 13CE  
                                    i2l3706 13B4                                      i2l3722 1406  
                                    i2l3394 19DA                                      i2l3386 1994  
                                    i2l3634 0C96                                      i2l3626 0C7A  
                                    i2l3618 0C4A                                      i2l4338 0748  
                                    i2l4290 0648                                      i2l4282 0618  
                                    i2l4266 05DE                                      i2l4274 05EA  
                                    i2l4258 05AA                                      i2l3820 0D42  
                                    i2l3812 0D0C                                      i2l3804 0CE0  
                                    i2l3660 0816                                      i2l3652 07CC  
                                    i2l3644 07A2                                      i2l3580 02C8  
                                    i2l3572 0272                                      i2l3564 022E  
                                    i2l3548 0192                                      i2l3556 01F6  
                                    i2l3492 1602                                      i2l3484 15A6  
                                    i2l3476 1566                                      i2l3716 13D6  
                                    i2l3708 13BC                                      i2l3396 19EA  
                                    i2l3388 1998                                      i2l3628 0C86  
                                    i2l4292 0658                                      i2l4284 0626  
                                    i2l4276 05F8                                      i2l4268 05E2  
                                    i2l3830 0D8A                                      i2l3822 0D52  
                                    i2l3814 0D20                                      i2l3806 0CF0  
                                    i2l3662 082C                                      i2l3670 0864  
                                    i2l3654 07CE                                      i2l3646 07AA  
                                    i2l3638 0778                                      i2l3574 0298  
                                    i2l3582 02E8                                      i2l3566 024E  
                                    i2l3558 0200                                      i2l3486 15C0  
                                    i2l3478 1576                                      i2l3718 13E6  
                                    i2l3398 1A02                                      i2l3590 0B88  
                                    i2l3750 2032                                      i2l4294 065A  
                                    i2l4286 0642                                      i2l4278 0606  
                                    i2l3832 0DA8                                      i2l3824 0D62  
                                    i2l3816 0D24                                      i2l3808 0CF8  
                                    i2l3680 08D0                                      i2l3672 0888  
                                    i2l3664 0838                                      i2l3656 07E0  
                                    i2l3648 07B0                                      i2l3584 02F4  
                                    i2l3576 02AC                                      i2l3568 025A  
                                    i2l3488 15D6                                      i2l3496 160A  
                                    i2l3592 0B96                                      i2l3760 1AE4  
                                    i2l3752 203E                                      i2l4296 066A  
                                    i2l4288 0644                                      i2l3834 0DBA  
                                    i2l3826 0D6E                                      i2l3818 0D36  
                                    i2l3682 08D2                                      i2l3674 0894  
                                    i2l3666 0848                                      i2l3658 07F2  
                                    i2l3586 030A                                      i2l3578 02BC  
                                    i2l3498 1638                                      i2l3690 1382  
                                    i2l3594 0BAA                                      i2l3770 1B28  
                                    i2l3762 1AF0                                      i2l3754 2042  
                                    i2l3930 2218                                      i2l4298 066E  
                                    i2l3836 0DD8                                      i2l3828 0D7E  
                                    i2l3684 08E2                                      i2l3676 08A0  
                                    i2l3668 0854                                      i2l3692 138A  
                                    i2l3596 0BAE                                      i2l3588 0B78  
                                    i2l3780 1B40                                      i2l3772 1B2A  
                                    i2l3764 1AFC                                      i2l3756 204E  
                                    i2l3748 201E                                      i2l3940 22BC  
                                    i2l3932 2234                                      i2l3838 0DDA  
                                    i2l3678 08B2                                      i2l3790 1BFE  
                                    i2l3694 1392                                      i2l3686 1364  
                                    i2l3598 0BB0                                      i2l3782 1B5C  
                                    i2l3774 1B32                                      i2l3766 1B06  
                                    i2l3758 2052                                      i2l3950 22C8  
                                    i2l3942 22BE                                      i2l3934 2236  
                                    i2l3792 1C22                                      i2l3784 1BD2  
                                    i2l3696 139A                                      i2l3776 1B34  
                                    i2l3768 1B1C                                      i2l3960 22B8  
                                    i2l3952 2288                                      i2l3944 22C0  
                                    i2l3936 223C                                      i2l3928 2216  
                                    i2l3794 1C2E                                      i2l3786 1BE4  
                                    i2l3698 13A0                                      i2l3778 1B3C  
                                    i2l3954 2296                                      i2l3970 1FB8  
                                    i2l3962 1F6A                                      i2l3946 22C2  
                                    i2l3938 223E                                      i2l3796 0CAC  
                                    i2l3788 1BEE                                      i2l3980 1912  
                                    i2l3956 22A6                                      i2l3972 1FC4  
                                    i2l3964 1F78                                      i2l3948 22C6  
                                    i2l3798 0CBC                                      i2l3990 1972  
                                    i2l3982 191A                                      i2l3974 18DC  
                                    i2l3958 22A8                                      i2l3966 1F92  
                                    i2l3984 1924                                      i2l3992 197A  
                                    i2l3976 18E0                                      i2l3968 1FAC  
                                    i2l3994 198E                                      i2l3986 1942  
                                    i2l3978 18F6                                      i2l3988 196A  
                                    i2l3996 1144                                      i2l3998 114C  
                         __end_ofi2_LED_Off 1F6A                    i2USBTransferOnePacket@ep 0038  
                         ??i2_USBDeviceInit 0038                           _shortPacketStatus 002B  
                          _APP_KeyboardInit 1DDE                             USBDeviceTasks@i 004F  
               USBStdFeatureReqHandler@pUEP 0048                    USBTransferOnePacket@data 007F  
                USBCtrlTrfInHandler@lastDTS 0033                             ??_USBDeviceInit 0086  
                         ??i2_BUTTON_Enable 0030                           _USBEnableEndpoint 20BE  
                                    _memcpy 201E                               ?i2_LED_Enable 0030  
                                    _memset 21DC                                      clear_0 22EC  
                                    clear_1 22F8                                      isa$std 0001  
                        ?_USBEnableEndpoint 003A                             ??_BUTTON_Enable 007E  
                              __mediumconst 7C68                                      tblptrh 0FF7  
                                    tblptrl 0FF6                                      tblptru 0FF8  
                               _OldSOFCount 0074                         ??_USBEnableEndpoint 003B  
                        APP_KeyboardTasks@i 008E                                 _CtrlTrfData 0428  
        USBHIDCBSetIdleRateHandler@reportID 0031                        _controlTransferState 002A  
                         _SYSTEM_Initialize 1FCA                                  __accesstop 0060  
                   __end_of__initialization 22FE                          ?_SYSTEM_Initialize 0030  
                             ___rparam_used 0001                                   ?i2_LED_On 0030  
                            __pcstackCOMRAM 0030                   __end_of_USBEnableEndpoint 210A  
                             __end_of_sd000 7D3F                               __end_of_sd001 7CE4  
                             __end_of_sd002 7D29                         ??_SYSTEM_Initialize 0081  
                                 LED_On@led 0080                              ??i2_LED_Enable 0030  
                           _active_protocol 007C                                ??_LED_Enable 007E  
               __end_of_USBCtrlTrfInHandler 0DDE                     ?_APP_LEDUpdateUSBStatus 0030  
                    i2_USBTransferOnePacket 0F08                                   ?i2_memset 0030  
                  ??_USBCtrlTrfSetupHandler 004E                     _USBTicksSinceSuspendEnd 001F  
                          ?_USBDeviceAttach 0030                   __end_of_SYSTEM_Initialize 201E  
                          _BUTTON_IsPressed 1B62                      _USBStdGetStatusHandler 155A  
                                __pbssBANK0 0060                                     ?_LED_On 0030  
                        __end_of_LED_Enable 1D12                                 _pBDTEntryIn 000D  
          __end_of_USBCtrlEPServiceComplete 0CAC                                  ??i2_LED_On 0030  
                      USBCtrlTrfRxService@i 0033                               LED_Enable@led 0080  
            __end_of_APP_LEDUpdateUSBStatus 155A                                     ?_memcpy 0030  
                                   ?_memset 007E                                  _device_dsc 7D29  
                              i2LED_Off@led 0032                            _USBCtrlEPService 18DC  
                                _ep_data_in 0017                 __end_of_USBCtrlTrfRxService 08E8  
                        _USBCheckStdRequest 1364                           _configDescriptor1 7CE4  
                                   _LED_Off 1D78                 __end_ofi2_SYSTEM_Initialize 20BE  
                                ??i2_memset 0036      APP_KeyboardTasks@TimeDeltaMilliseconds 008C  
               __end_of_USBCtrlTrfTxService 1364                         _USBStdSetCfgHandler 1734  
               ?_USBHIDCBSetIdleRateHandler 0030                         ?_USBCheckStdRequest 0030  
                                   _UIEbits 0F69                                     _UIRbits 0F68  
            APP_LEDUpdateUSBStatus@ledCount 001D                                     __Hparam 0000  
           ??_USBIncrement1msInternalTimers 0030                        ?_USBStdSetCfgHandler 0030  
                                   __Lparam 0000                           _APP_KeyboardTasks 0318  
                         __end_of_hid_rpt01 7CB0                        ??_USBCheckStdRequest 004D  
                        ?_APP_KeyboardTasks 0030                            ??_USBDeviceTasks 004F  
                ??_USBHIDCBSetReportHandler 0030                           ??_USBStallHandler 0030  
                          _keyboardIdleRate 0078                                     __pcinit 22E6  
                 __end_of_configDescriptor1 7D0D                                     __ramtop 0800  
                                   __ptext0 2388                                     __ptext1 102E  
                                   __ptext2 219A                                     __ptext3 1FCA  
                                   __ptext4 1CAC                                     __ptext5 210A  
                                   __ptext6 0318                                     __ptext7 21DC  
                                   __ptext8 0DDE                                     __ptext9 1B62  
                              i2memset@dest 0030                                     _inPipes 0008  
               _USBDeferOUTDataStagePackets 0020                         ??_APP_KeyboardTasks 0089  
                              ??_USBSuspend 0046                    __end_of_APP_KeyboardInit 1E44  
                           i2_USBDeviceInit 1144                            i2USBDeviceInit@i 0038  
                        __end_of_USB_CD_Ptr 7C71                              __pintcode_body 1C42  
                      end_of_initialization 22FE                        __end_ofi2_LED_Enable 1EA6  
                        __end_of_USB_SD_Ptr 7C6F                                     memcpy@d 0036  
                                   memcpy@n 0034                                     memcpy@s 0038  
                       _pBDTEntryEP0OutNext 0019                                     memset@c 0080  
                                   memset@n 0082                                     memset@p 0084  
                             __Lmediumconst 7C68                                     int_func 1C42  
                           _USB1msTickCount 006E                             i2_BUTTON_Enable 2154  
                  ?_USBStdFeatureReqHandler 0030                   __end_of_APP_KeyboardTasks 0564  
                                 i2_LED_Off 1F08                       ??_USBStdSetCfgHandler 0046  
                        __end_of_USBSuspend 22E6                     _USBCtrlEPAllowDataStage 1994  
                                   postdec2 0FDD                                     postinc0 0FEE  
                                   postinc1 0FE6                                     postinc2 0FDE  
                  _USBCtrlEPServiceComplete 0B78                  _USBStatusStageEnabledFlag1 0023  
                _USBStatusStageEnabledFlag2 0022                          USBEnableEndpoint@p 003B  
                                 _PORTBbits 0F81                                   _TRISBbits 0F93  
                                 _TRISDbits 0F95                          _BothEP0OutUOWNsSet 0026  
                 USBConfigureEndpoint@EPNum 0037                  ?_USBCtrlEPAllowStatusStage 0030  
       USER_USB_CALLBACK_EVENT_HANDLER@size 0042                                   _USTATcopy 002D  
              __end_of_USBTransferOnePacket 0F08                              __end_of_LED_On 1D78  
                                ?i2_LED_Off 0030                      _USBCtrlTrfSetupHandler 1AE4  
                  __end_of_BUTTON_IsPressed 1BD2                     ?i2_USBTransferOnePacket 0030  
                     __end_of_USBDeviceInit 1144       __end_of_USBIncrement1msInternalTimers 22BC  
             _USBIncrement1msInternalTimers 2288                                  LED_Off@led 0080  
                   __end_ofi2_USBDeviceInit 1254                                   i2memset@c 0032  
                                 i2memset@n 0034                                   i2memset@p 0036  
                            __end_of_memcpy 206E                              __end_of_memset 2216  
                ?_USBHIDCBSetReportComplete 0030                           _USBBusIsSuspended 0028  
                       start_initialization 22E6                     ?_USBStdGetStatusHandler 0030  
                  i2SYSTEM_Initialize@state 0035                       __end_of_BUTTON_Enable 2154  
             USBCtrlTrfRxService@byteToRead 0034                              _oldInputReport 0060  
                   __end_ofi2_BUTTON_Enable 219A                __end_of_USBConfigureEndpoint 1AE4  
           __end_of_USBStdFeatureReqHandler 0318                                    ??_LED_On 007E  
         __end_of_USBCtrlEPAllowStatusStage 1734                    __end_of_USBCtrlEPService 1994  
                 ??_USBCtrlEPAllowDataStage 0031                              USBDeviceInit@i 0086  
                    _pBDTEntryEP0OutCurrent 001B                     USBTransferOnePacket@dir 007E  
                   USBTransferOnePacket@len 0081              __end_ofi2_USBTransferOnePacket 102E  
                       _USBStdGetDscHandler 0A32                                    ??_memcpy 0036  
                                  ??_memset 0084                                  memset@dest 007E  
                    BUTTON_IsPressed@button 0080                      _USBActiveConfiguration 002F  
            __end_of_USBStdGetStatusHandler 1648                                    ?_LED_Off 0030  
         __end_of_USBHIDCBSetReportComplete 23AC                                 __pbssCOMRAM 0001  
                             __pcstackBANK0 007E                        ?_USBStdGetDscHandler 0030  
 __end_ofi2_APP_KeyboardProcessOutputReport 2350     __end_of_APP_KeyboardProcessOutputReport 232E  
       ??i2_APP_KeyboardProcessOutputReport 0033          ?i2_APP_KeyboardProcessOutputReport 0030  
          ?_APP_KeyboardProcessOutputReport 0030           ??_APP_KeyboardProcessOutputReport 0081  
         i2_APP_KeyboardProcessOutputReport 232E             _APP_KeyboardProcessOutputReport 230C  
                __end_of_USBWakeFromSuspend 2250                             _USBStallHandler 1F6A  
                              _pBDTEntryOut 0011                                 ??i2_LED_Off 0030  
                     i2BUTTON_Enable@button 0032                                   __pintcode 0008  
                             __pmediumconst 7C68                                 i2LED_On@led 0032  
                                 _hid_rpt01 7C71                                   _idle_rate 007D  
                              i2_LED_Enable 1E44                            ?i2_USBDeviceInit 0030  
                      _USBTransferOnePacket 0DDE                                 __smallconst 7C68  
              __end_of_USBCtrlTrfOutHandler 1C42                           ?_APP_KeyboardInit 0030  
                     ??_USBStdGetDscHandler 0030                                 _ep_data_out 0015  
                          ?i2_BUTTON_Enable 0030               USBConfigureEndpoint@direction 0030  
                        ??_APP_KeyboardInit 003E                                    _LATDbits 0F8C  
                __end_of_USBCheckHIDRequest 0A32                  ??_USBCtrlEPServiceComplete 0031  
                                  _IPR2bits 0FA2                                    _PIE2bits 0FA0  
                                  i2u200_40 16BC                                    i2u200_41 16B8  
                                  i2u201_40 19AA                                    i2u201_41 19A6  
                                  i2u210_40 0B40                                    i2u202_40 1A02  
                                  i2u202_41 19FE                                    i2u210_47 0B36  
                                  i2u211_40 1576                                    i2u203_40 1798  
                                  i2u211_41 1572                                    i2u203_41 1794  
                                  i2u220_40 0066                                    i2u212_40 1598  
                                  i2u204_40 17E0                                    i2u220_41 0062  
                                  i2u212_41 1594                                    i2u204_41 17DC  
                                  i2_LED_On 1EA6                                    i2u221_40 007A  
                                  i2u205_40 0A46                                    i2u213_40 15A6  
                                  i2u221_41 0076                                    i2u205_41 0A42  
                                  i2u213_41 15A2                                    i2u230_40 01B6  
                                  i2u222_40 008E                                    i2u206_40 0A72  
                                  i2u214_40 15EC                                    i2u310_40 05D0  
                                  i2u230_41 01B2                                    i2u222_41 008A  
                                  i2u206_41 0A6E                                    i2u214_41 15E8  
                                  i2u310_41 05CC                                    i2u231_40 0216  
                                  i2u223_40 00A4                                    i2u207_40 0ABA  
                                  i2u215_40 1602                                    i2u311_40 05DE  
                                  i2u231_41 0212                                    i2u223_41 00A0  
                                  i2u215_41 15FE                                    i2u311_41 05DA  
                                  i2u207_47 0AB0                                    i2u232_40 0272  
                                  i2u224_40 00B6                                    i2u208_40 0AE8  
                                  i2u216_40 1638                                    i2u240_40 0C4A  
                                  i2u320_40 069C                                    i2u312_40 05F8  
                                  i2u232_41 026E                                    i2u224_41 00B2  
                                  i2u216_41 1634                                    i2u240_41 0C46  
                                  i2u320_41 0698                                    i2u312_41 05F4  
                                  i2u208_47 0ADE                                    i2u233_40 0288  
                                  i2u225_40 00C6                                    i2u217_40 0024  
                                  i2u209_40 0B04                                    i2u241_40 0CA6  
                                  i2u321_40 06AA                                    i2u313_40 0606  
                                  i2u305_40 0574                                    i2u233_41 0284  
                                  i2u225_41 00C2                                    i2u217_41 0020  
                                  i2u209_41 0B00                                    i2u241_41 0CA2  
                                  i2u321_41 06A6                                    i2u313_41 0602  
                                  i2u305_41 0570                                    i2u242_40 079E  
                                  i2u170_40 0F1A                                    i2u234_40 0298  
                                  i2u226_40 0128                                    i2u218_40 0038  
                                  i2u250_40 206C                                    i2u322_40 06D6  
                                  i2u314_40 0618                                    i2u306_40 0582  
                                  i2u242_41 079A                                    i2u170_41 0F16  
                                  i2u234_41 0294                                    i2u226_41 0124  
                                  i2u218_41 0034                                    i2u250_41 2068  
                                  i2u322_41 06D2                                    i2u314_41 0614  
                                  i2u306_41 057E                                    i2u243_40 07E0  
                                  i2u251_40 1BE4                                    i2u171_40 0F58  
                                  i2u227_40 0150                                    i2u219_40 004C  
                                  i2u235_40 0B88                                    i2u323_40 06EA  
                                  i2u315_40 0626                                    i2u307_40 059A  
                                  i2u243_41 07DC                                    i2u251_41 1BE0  
                                  i2u171_41 0F54                                    i2u227_41 014C  
                                  i2u219_41 0048                                    i2u235_41 0B84  
                                  i2u323_41 06E6                                    i2u315_41 0622  
                                  i2u307_41 0596                                    i2u244_40 07F2  
                                  i2u252_40 1BFE                                    i2u172_40 0FBC  
                                  i2u180_40 152E                                    i2u228_40 0192  
                                  i2u236_40 0B96                                    i2u324_40 06FA  
                                  i2u316_40 0658                                    i2u308_40 05A8  
                                  i2u244_41 07EE                                    i2u252_41 1BFA  
                                  i2u172_41 0FB8                                    i2u180_41 152A  
                                  i2u228_41 018E                                    i2u236_41 0B92  
                                  i2u324_41 06F6                                    i2u316_41 0654  
                                  i2u308_41 05A4                                    i2u260_48 0DC4  
                                  i2u253_40 0CD8                                    i2u245_40 082C  
                                  i2u173_40 1E1A                                    i2u181_40 08FE  
                                  i2u229_40 01A8                                    i2u237_40 0BAA  
                                  i2u325_40 0718                                    i2u317_40 066A  
                                  i2u309_40 05BC                                    i2u260_49 0DD8  
                                  i2u253_41 0CD4                                    i2u245_41 0828  
                                  i2u173_41 1E16                                    i2u181_41 08FA  
                                  i2u229_41 01A4                                    i2u237_41 0BA6  
                                  i2u325_41 0714                                    i2u317_41 0666  
                                  i2u309_41 05B8                                    i2u190_40 12CE  
                                  i2u254_40 0CF0                                    i2u246_40 08B2  
                                  i2u166_40 1A9E                                    i2u174_40 1474  
                                  i2u182_40 0912                                    i2u238_40 0C1E  
                                  i2u270_40 224C                                    i2u326_40 0740  
                                  i2u318_40 067C                                    i2u190_41 12CA  
                                  i2u254_41 0CEC                                    i2u246_41 08AE  
                                  i2u166_41 1A9A                                    i2u174_41 1470  
                                  i2u182_41 090E                                    i2u238_41 0C1A  
                                  i2u270_41 2248                                    i2u326_41 073C  
                                  i2u318_41 0678                                    i2u191_40 12FA  
                                  i2u255_40 0D0C                                    i2u167_40 20CE  
                                  i2u175_40 1490                                    i2u183_40 0928  
                                  i2u239_40 0C32                                    i2u271_40 22A6  
                                  i2u327_40 0774                                    i2u319_40 068A  
                                  i2u255_41 0D08                                    i2u167_41 20CA  
                                  i2u175_41 148C                                    i2u183_41 0924  
                                  i2u239_41 0C2E                                    i2u271_41 22A2  
                                  i2u327_41 0770                                    i2u319_41 0686  
                                  i2u191_47 12F0                                    i2u192_40 1318  
                                  i2u256_40 0D36                                    i2u248_40 08E2  
                                  i2u247_48 08BC                                    i2u168_40 20E6  
                                  i2u176_40 14AE                                    i2u184_40 093C  
                                  i2u272_40 22B8                                    i2u280_40 11C4  
                                  i2u192_41 1314                                    i2u256_41 0D32  
                                  i2u248_41 08DE                                    i2u247_49 08D0  
                                  i2u168_41 20E2                                    i2u176_41 14AA  
                                  i2u184_41 0938                                    i2u272_41 22B4  
                                  i2u280_41 11C0                                    i2u193_40 1344  
                                  i2u257_40 0D62                                    i2u177_40 14CE  
                                  i2u169_40 237E                                    i2u185_40 09A0  
                                  i2u249_40 137C                                    i2u273_40 1F78  
                                  i2u281_40 121A                                    i2u257_41 0D5E  
                                  i2u177_41 14CA                                    i2u169_41 237A  
                                  i2u185_41 099C                                    i2u249_41 1378  
                                  i2u273_41 1F74                                    i2u281_41 1216  
                                  i2u193_47 133A                                    i2u194_40 1362  
                                  i2u258_40 0DA8                                    i2u178_40 14F0  
                                  i2u186_40 1828                                    i2u274_40 1F92  
                                  i2u194_41 135E                                    i2u258_41 0DA4  
                                  i2u178_41 14EC                                    i2u186_41 1824  
                                  i2u274_41 1F8E                                    i2u187_40 126E  
                                  i2u195_40 233E                                    i2u259_40 0DBA  
                                  i2u179_40 150E                                    i2u275_40 1FAC  
                                  i2u187_41 126A                                    i2u195_41 233A  
                                  i2u259_41 0DB6                                    i2u179_41 150A  
                                  i2u275_41 1FA8                                    _PIR2bits 0FA1  
                                  i2u188_40 1282                                    i2u196_40 2286  
                                  i2u276_40 18F6                                    i2u188_41 127E  
                                  i2u196_41 2282                                    i2u276_41 18F2  
                                  i2u189_40 129A                                    i2u197_40 1658  
                                  i2u277_40 1942                                    i2u189_41 1296  
                                  i2u197_41 1654                                    i2u277_41 193E  
                                  i2u198_40 166C                                    i2u278_40 198E  
                                  i2u198_41 1668                                    i2u278_41 198A  
                                  i2u199_40 1682                                    i2u279_40 11A0  
                                  i2u199_41 167E                                    i2u279_41 119C  
                                  _RCONbits 0FD0                                    _UEP0bits 0F70  
                _USBDeferINDataStagePackets 0021                                    _UCONbits 0F6D  
                      _USBConfigureEndpoint 1A3C                       ?_USBTransferOnePacket 007E  
                           i2LED_Enable@led 0032                           _SYS_InterruptHigh 0008  
                              _RemoteWakeup 0029                                    i2_memset 2250  
                        ?_SYS_InterruptHigh 0030                     __end_of_USBStallHandler 1FCA  
                 ?_USBHIDCBSetReportHandler 0030                 ??_USBCtrlEPAllowStatusStage 0030  
               __end_of_USBStdSetCfgHandler 1808                         ??_SYS_InterruptHigh 0050  
                        __end_of_device_dsc 7D3B                    ??_APP_LEDUpdateUSBStatus 0033  
                   ?_USBCtrlTrfSetupHandler 0030                     USBStdGetStatusHandler@p 0030  
                                  __Hrparam 0000                                   memcpy@tmp 003A  
                                  __Lrparam 0000                      USBTransferOnePacket@ep 0086  
                                  _SetupPkt 0420                       ?_USBConfigureEndpoint 0030  
                         ??_USBDeviceAttach 007E                           ?_BUTTON_IsPressed 0030  
                 __end_of_SYS_InterruptHigh 1CAC                          ??_BUTTON_IsPressed 007E  
               ??_USBHIDCBSetReportComplete 0033                                    __ptext10 230C  
                                  __ptext11 1D12                                    __ptext20 18DC  
                                  __ptext12 1D78                                    __ptext21 201E  
                                  __ptext30 0012                                    __ptext22 1AE4  
                                  __ptext14 0564                                    __ptext31 1808  
                                  __ptext23 0B78                                    __ptext15 1144  
                                  __ptext40 0F08                                    __ptext32 206E  
                                  __ptext24 1994                                    __ptext16 2216  
                                  __ptext41 20BE                                    __ptext33 1E44  
                                  __ptext25 1364                                    __ptext17 22BC  
                                  __ptext50 1F08                                    __ptext42 1A3C  
                                  __ptext34 2154                                    __ptext26 1734  
                                  __ptext18 1F6A                                    __ptext51 1254  
                                  __ptext43 1BD2                                    __ptext35 08E8  
                                  __ptext27 2250                                    __ptext19 2288  
                                  __ptext44 0778                                    __ptext36 2350  
                                  __ptext28 155A                                    __ptext45 1648  
                                  __ptext37 236C                                    __ptext29 0A32  
                                  __ptext46 0CAC                                    __ptext38 1466  
                                  __ptext47 23A2                                    __ptext39 1DDE  
                                  __ptext48 232E                                    __ptext49 1EA6  
                                  _keyboard 0068              __end_of_USBCtrlTrfSetupHandler 1B62  
                         ?_USBCtrlEPService 0030                          ??_USBCtrlEPService 004E  
                       _USBCtrlTrfInHandler 0CAC                                 _inputReport 0500  
                                  isa$xinst 0000                         BUTTON_Enable@button 0080  
                                  _outPipes 0001                        _USBCtrlTrfOutHandler 1BD2  
                                  int$flags 005C                   _USBCtrlEPAllowStatusStage 1648  
                                _LED_Enable 1CAC                      ??_USBTransferOnePacket 0082  
                 _USBDeferStatusStagePacket 0024                                  _INTCONbits 0FF2  
                      ?_USBCtrlTrfInHandler 0030                                    memcpy@d1 0030  
                                  memcpy@s1 0032               USBCtrlTrfTxService@byteToSend 0030  
              ??_USBHIDCBSetIdleRateHandler 0031                            ?_USBStallHandler 0030  
                  USBStdFeatureReqHandler@p 004B                                    intlevel2 0000  
   __end_of_USER_USB_CALLBACK_EVENT_HANDLER 18DC           ??_USER_USB_CALLBACK_EVENT_HANDLER 0044  
          ?_USER_USB_CALLBACK_EVENT_HANDLER 003E             _USER_USB_CALLBACK_EVENT_HANDLER 1808  
              i2USBTransferOnePacket@handle 0039                   _USBHIDCBSetReportComplete 23A2  
                i2USBTransferOnePacket@data 0031                      ??_USBConfigureEndpoint 0031  
                     ?_USBCtrlTrfOutHandler 0030                         _USBCtrlTrfRxService 0778  
                        _USBWakeFromSuspend 2216                     _USBStdFeatureReqHandler 0012  
                       i2_SYSTEM_Initialize 206E                         _USBCtrlTrfTxService 1254  
                       ?_USBWakeFromSuspend 0030                       ??_USBCtrlTrfInHandler 0033  
                     _USBAlternateInterface 002E                   i2USBTransferOnePacket@dir 0030  
                 i2USBTransferOnePacket@len 0033       USBHIDCBSetIdleRateHandler@newIdleRate 0030  
                       USBEnableEndpoint@ep 003D                             _endpoint_number 0027  
                      ?_USBCtrlTrfRxService 0030                        ?i2_SYSTEM_Initialize 0030  
                  ?_USBCtrlEPAllowDataStage 0030                        ?_USBCtrlTrfTxService 0030  
                                _SOFCounter 007A                _USBStatusStageTimeoutCounter 0025  
                      ??_USBWakeFromSuspend 0046                  USBTransferOnePacket@handle 0087  
APP_KeyboardTasks@needToSendNewReportPacket 008B                                  _USB_CD_Ptr 7C6F  
