

Microchip MPLAB XC8 Assembler V3.00 build 20241204225717 
                                                                                               Fri Aug 22 10:50:17 2025

Microchip MPLAB XC8 C Compiler v3.00 (Free license) build 20241204225717 Og1 
     1                           	processor	18F2550
     2                           	fnconf	rparam,??,?,0
     3                           	pagewidth 120
     4                           	opt	flic
     5                           	psect	mediumconst,global,reloc=2,class=MEDIUMCONST,space=0,delta=1,noexec
     6                           	psect	cinit,global,reloc=2,class=CODE,space=0,delta=1
     7                           	psect	bssCOMRAM,global,class=COMRAM,space=1,delta=1,lowdata,noexec
     8                           	psect	bssBANK0,global,class=BANK0,space=1,delta=1,lowdata,noexec
     9                           	psect	cstackBANK0,global,class=BANK0,space=1,delta=1,lowdata,noexec
    10                           	psect	cstackCOMRAM,global,class=COMRAM,space=1,delta=1,lowdata,noexec
    11                           	psect	text0,global,reloc=2,class=CODE,space=0,delta=1
    12                           	psect	text1,global,reloc=2,class=CODE,space=0,delta=1
    13                           	psect	text2,global,reloc=2,class=CODE,space=0,delta=1
    14                           	psect	text3,global,reloc=2,class=CODE,space=0,delta=1
    15                           	psect	text4,global,reloc=2,class=CODE,space=0,delta=1
    16                           	psect	text5,global,reloc=2,class=CODE,space=0,delta=1
    17                           	psect	text6,global,reloc=2,class=CODE,space=0,delta=1
    18                           	psect	text7,global,reloc=2,class=CODE,space=0,delta=1,group=2
    19                           	psect	text8,global,reloc=2,class=CODE,space=0,delta=1
    20                           	psect	text9,global,reloc=2,class=CODE,space=0,delta=1
    21                           	psect	text10,global,reloc=2,class=CODE,space=0,delta=1
    22                           	psect	text11,global,reloc=2,class=CODE,space=0,delta=1
    23                           	psect	text12,global,reloc=2,class=CODE,space=0,delta=1
    24                           	psect	text13,global,reloc=2,class=CODE,space=0,delta=1
    25                           	psect	text14,global,reloc=2,class=CODE,space=0,delta=1
    26                           	psect	intcode,global,reloc=2,class=CODE,space=0,delta=1
    27                           	psect	intcode_body,global,reloc=2,class=CODE,space=0,delta=1
    28                           	psect	text16,global,reloc=2,class=CODE,space=0,delta=1
    29                           	psect	text17,global,reloc=2,class=CODE,space=0,delta=1
    30                           	psect	text18,global,reloc=2,class=CODE,space=0,delta=1
    31                           	psect	text19,global,reloc=2,class=CODE,space=0,delta=1
    32                           	psect	text20,global,reloc=2,class=CODE,space=0,delta=1
    33                           	psect	text21,global,reloc=2,class=CODE,space=0,delta=1
    34                           	psect	text22,global,reloc=2,class=CODE,space=0,delta=1
    35                           	psect	text23,global,reloc=2,class=CODE,space=0,delta=1,group=2
    36                           	psect	text24,global,reloc=2,class=CODE,space=0,delta=1
    37                           	psect	text25,global,reloc=2,class=CODE,space=0,delta=1
    38                           	psect	text26,global,reloc=2,class=CODE,space=0,delta=1
    39                           	psect	text27,global,reloc=2,class=CODE,space=0,delta=1
    40                           	psect	text28,global,reloc=2,class=CODE,space=0,delta=1
    41                           	psect	text29,global,reloc=2,class=CODE,space=0,delta=1
    42                           	psect	text30,global,reloc=2,class=CODE,space=0,delta=1
    43                           	psect	text31,global,reloc=2,class=CODE,space=0,delta=1
    44                           	psect	text32,global,reloc=2,class=CODE,space=0,delta=1
    45                           	psect	text33,global,reloc=2,class=CODE,space=0,delta=1
    46                           	psect	text34,global,reloc=2,class=CODE,space=0,delta=1
    47                           	psect	text35,global,reloc=2,class=CODE,space=0,delta=1
    48                           	psect	text36,global,reloc=2,class=CODE,space=0,delta=1
    49                           	psect	text37,global,reloc=2,class=CODE,space=0,delta=1
    50                           	psect	text38,global,reloc=2,class=CODE,space=0,delta=1
    51                           	psect	text39,global,reloc=2,class=CODE,space=0,delta=1
    52                           	psect	text40,global,reloc=2,class=CODE,space=0,delta=1
    53                           	psect	text41,global,reloc=2,class=CODE,space=0,delta=1
    54                           	psect	text42,global,reloc=2,class=CODE,space=0,delta=1
    55                           	psect	text43,global,reloc=2,class=CODE,space=0,delta=1
    56                           	psect	text44,global,reloc=2,class=CODE,space=0,delta=1
    57                           	psect	text45,global,reloc=2,class=CODE,space=0,delta=1
    58                           	psect	text46,global,reloc=2,class=CODE,space=0,delta=1
    59                           	psect	text47,global,reloc=2,class=CODE,space=0,delta=1
    60                           	psect	text48,global,reloc=2,class=CODE,space=0,delta=1
    61                           	psect	text49,global,reloc=2,class=CODE,space=0,delta=1
    62                           	psect	text50,global,reloc=2,class=CODE,space=0,delta=1
    63                           	psect	text51,global,reloc=2,class=CODE,space=0,delta=1
    64                           	psect	text52,global,reloc=2,class=CODE,space=0,delta=1
    65                           	psect	text53,global,reloc=2,class=CODE,space=0,delta=1
    66                           	psect	text54,global,reloc=2,class=CODE,space=0,delta=1
    67                           	psect	intsave_regs,global,class=BIGRAM,space=1,delta=1,noexec
    68                           	psect	rparam,global,class=COMRAM,space=1,delta=1,noexec
    69                           	psect	temp,global,ovrld,common,class=COMRAM,space=1,delta=1,lowdata
    70                           	psect	config,global,abs,ovrld,class=CONFIG,space=4,delta=1,noexec
    71                           	dabs	1,0x420,8,_SetupPkt
    72                           	dabs	1,0x400,32,_BDT
    73                           	dabs	1,0x500,9,_inputReport
    74                           	dabs	1,0x428,8,_CtrlTrfData
    75                           	dabs	1,0x50A,2,_consumerReport
    76                           	dabs	1,0x509,1,_outputReport
    77   000000                     
    78                           ; Generated 17/01/2025 GMT
    79                           ; 
    80                           ; Copyright © 2025, Microchip Technology Inc. and its subsidiaries ("Microchip")
    81                           ; All rights reserved.
    82                           ; 
    83                           ; This software is developed by Microchip Technology Inc. and its subsidiaries ("Microch
      +                          ip").
    84                           ; 
    85                           ; Redistribution and use in source and binary forms, with or without modification, are
    86                           ; permitted provided that the following conditions are met:
    87                           ; 
    88                           ;     1. Redistributions of source code must retain the above copyright notice, this lis
      +                          t of
    89                           ;        conditions and the following disclaimer.
    90                           ; 
    91                           ;     2. Redistributions in binary form must reproduce the above copyright notice, this 
      +                          list
    92                           ;        of conditions and the following disclaimer in the documentation and/or other
    93                           ;        materials provided with the distribution. Publication is not required when
    94                           ;        this file is used in an embedded application.
    95                           ; 
    96                           ;     3. Microchip's name may not be used to endorse or promote products derived from th
      +                          is
    97                           ;        software without specific prior written permission.
    98                           ; 
    99                           ; THIS SOFTWARE IS PROVIDED BY MICROCHIP "AS IS" AND ANY EXPRESS OR IMPLIED WARRANTIES,
   100                           ; INCLUDING, BUT NOT LIMITED TO, THE IMPLIED WARRANTIES OF MERCHANTABILITY AND FITNESS F
      +                          OR
   101                           ; PURPOSE ARE DISCLAIMED.  IN NO EVENT SHALL MICROCHIP BE LIABLE FOR ANY DIRECT, INDIREC
      +                          T,
   102                           ; INCIDENTAL, SPECIAL, EXEMPLARY, OR CONSEQUENTIAL DAMAGES (INCLUDING BUT NOT LIMITED TO
   103                           ; PROCUREMENT OF SUBSTITUTE GOODS OR SERVICES; LOSS OF USE, DATA OR PROFITS; OR BUSINESS
   104                           ; INTERRUPTION) HOWSOEVER CAUSED AND ON ANY THEORY OF LIABILITY, WHETHER IN CONTRACT, ST
      +                          RICT
   105                           ; LIABILITY, OR TORT (INCLUDING NEGLIGENCE OR OTHERWISE) ARISING IN ANY WAY OUT OF THE U
      +                          SE OF
   106                           ; THIS SOFTWARE, EVEN IF ADVISED OF THE POSSIBILITY OF SUCH DAMAGE.
   107                           ; 
   108                           ; 
   109                           ; Code-generator required, PIC18F2550 Definitions
   110                           ; 
   111                           ; SFR Addresses
   112   000FE0                     bsr             equ	4064
   113   000FE9                     fsr0            equ	4073
   114   000FEA                     fsr0h           equ	4074
   115   000FE9                     fsr0l           equ	4073
   116   000FE1                     fsr1            equ	4065
   117   000FE2                     fsr1h           equ	4066
   118   000FE1                     fsr1l           equ	4065
   119   000FD9                     fsr2            equ	4057
   120   000FDA                     fsr2h           equ	4058
   121   000FD9                     fsr2l           equ	4057
   122   000FEF                     indf0           equ	4079
   123   000FE7                     indf1           equ	4071
   124   000FDF                     indf2           equ	4063
   125   000FF2                     intcon          equ	4082
   126   000000                     nvmcon          equ	0
   127   000FF9                     pcl             equ	4089
   128   000FFA                     pclath          equ	4090
   129   000FFB                     pclatu          equ	4091
   130   000FEB                     plusw0          equ	4075
   131   000FE3                     plusw1          equ	4067
   132   000FDB                     plusw2          equ	4059
   133   000FED                     postdec0        equ	4077
   134   000FE5                     postdec1        equ	4069
   135   000FDD                     postdec2        equ	4061
   136   000FEE                     postinc0        equ	4078
   137   000FE6                     postinc1        equ	4070
   138   000FDE                     postinc2        equ	4062
   139   000FEC                     preinc0         equ	4076
   140   000FE4                     preinc1         equ	4068
   141   000FDC                     preinc2         equ	4060
   142   000FF3                     prod            equ	4083
   143   000FF4                     prodh           equ	4084
   144   000FF3                     prodl           equ	4083
   145   000FD8                     status          equ	4056
   146   000FF5                     tablat          equ	4085
   147   000FF6                     tblptr          equ	4086
   148   000FF7                     tblptrh         equ	4087
   149   000FF6                     tblptrl         equ	4086
   150   000FF8                     tblptru         equ	4088
   151   000FFD                     tosl            equ	4093
   152   000FE8                     wreg            equ	4072
   153   000F66                     UFRM            equ	3942	;# 
   154   000F66                     UFRML           equ	3942	;# 
   155   000F67                     UFRMH           equ	3943	;# 
   156   000F68                     UIR             equ	3944	;# 
   157   000F69                     UIE             equ	3945	;# 
   158   000F6A                     UEIR            equ	3946	;# 
   159   000F6B                     UEIE            equ	3947	;# 
   160   000F6C                     USTAT           equ	3948	;# 
   161   000F6D                     UCON            equ	3949	;# 
   162   000F6E                     UADDR           equ	3950	;# 
   163   000F6F                     UCFG            equ	3951	;# 
   164   000F70                     UEP0            equ	3952	;# 
   165   000F71                     UEP1            equ	3953	;# 
   166   000F72                     UEP2            equ	3954	;# 
   167   000F73                     UEP3            equ	3955	;# 
   168   000F74                     UEP4            equ	3956	;# 
   169   000F75                     UEP5            equ	3957	;# 
   170   000F76                     UEP6            equ	3958	;# 
   171   000F77                     UEP7            equ	3959	;# 
   172   000F78                     UEP8            equ	3960	;# 
   173   000F79                     UEP9            equ	3961	;# 
   174   000F7A                     UEP10           equ	3962	;# 
   175   000F7B                     UEP11           equ	3963	;# 
   176   000F7C                     UEP12           equ	3964	;# 
   177   000F7D                     UEP13           equ	3965	;# 
   178   000F7E                     UEP14           equ	3966	;# 
   179   000F7F                     UEP15           equ	3967	;# 
   180   000F80                     PORTA           equ	3968	;# 
   181   000F81                     PORTB           equ	3969	;# 
   182   000F82                     PORTC           equ	3970	;# 
   183   000F84                     PORTE           equ	3972	;# 
   184   000F89                     LATA            equ	3977	;# 
   185   000F8A                     LATB            equ	3978	;# 
   186   000F8B                     LATC            equ	3979	;# 
   187   000F92                     TRISA           equ	3986	;# 
   188   000F92                     DDRA            equ	3986	;# 
   189   000F93                     TRISB           equ	3987	;# 
   190   000F93                     DDRB            equ	3987	;# 
   191   000F94                     TRISC           equ	3988	;# 
   192   000F94                     DDRC            equ	3988	;# 
   193   000F9B                     OSCTUNE         equ	3995	;# 
   194   000F9D                     PIE1            equ	3997	;# 
   195   000F9E                     PIR1            equ	3998	;# 
   196   000F9F                     IPR1            equ	3999	;# 
   197   000FA0                     PIE2            equ	4000	;# 
   198   000FA1                     PIR2            equ	4001	;# 
   199   000FA2                     IPR2            equ	4002	;# 
   200   000FA6                     EECON1          equ	4006	;# 
   201   000FA7                     EECON2          equ	4007	;# 
   202   000FA8                     EEDATA          equ	4008	;# 
   203   000FA9                     EEADR           equ	4009	;# 
   204   000FAB                     RCSTA           equ	4011	;# 
   205   000FAB                     RCSTA1          equ	4011	;# 
   206   000FAC                     TXSTA           equ	4012	;# 
   207   000FAC                     TXSTA1          equ	4012	;# 
   208   000FAD                     TXREG           equ	4013	;# 
   209   000FAD                     TXREG1          equ	4013	;# 
   210   000FAE                     RCREG           equ	4014	;# 
   211   000FAE                     RCREG1          equ	4014	;# 
   212   000FAF                     SPBRG           equ	4015	;# 
   213   000FAF                     SPBRG1          equ	4015	;# 
   214   000FB0                     SPBRGH          equ	4016	;# 
   215   000FB1                     T3CON           equ	4017	;# 
   216   000FB2                     TMR3            equ	4018	;# 
   217   000FB2                     TMR3L           equ	4018	;# 
   218   000FB3                     TMR3H           equ	4019	;# 
   219   000FB4                     CMCON           equ	4020	;# 
   220   000FB5                     CVRCON          equ	4021	;# 
   221   000FB6                     ECCP1AS         equ	4022	;# 
   222   000FB6                     CCP1AS          equ	4022	;# 
   223   000FB7                     ECCP1DEL        equ	4023	;# 
   224   000FB7                     CCP1DEL         equ	4023	;# 
   225   000FB8                     BAUDCON         equ	4024	;# 
   226   000FB8                     BAUDCTL         equ	4024	;# 
   227   000FBA                     CCP2CON         equ	4026	;# 
   228   000FBB                     CCPR2           equ	4027	;# 
   229   000FBB                     CCPR2L          equ	4027	;# 
   230   000FBC                     CCPR2H          equ	4028	;# 
   231   000FBD                     CCP1CON         equ	4029	;# 
   232   000FBE                     CCPR1           equ	4030	;# 
   233   000FBE                     CCPR1L          equ	4030	;# 
   234   000FBF                     CCPR1H          equ	4031	;# 
   235   000FC0                     ADCON2          equ	4032	;# 
   236   000FC1                     ADCON1          equ	4033	;# 
   237   000FC2                     ADCON0          equ	4034	;# 
   238   000FC3                     ADRES           equ	4035	;# 
   239   000FC3                     ADRESL          equ	4035	;# 
   240   000FC4                     ADRESH          equ	4036	;# 
   241   000FC5                     SSPCON2         equ	4037	;# 
   242   000FC6                     SSPCON1         equ	4038	;# 
   243   000FC7                     SSPSTAT         equ	4039	;# 
   244   000FC8                     SSPADD          equ	4040	;# 
   245   000FC9                     SSPBUF          equ	4041	;# 
   246   000FCA                     T2CON           equ	4042	;# 
   247   000FCB                     PR2             equ	4043	;# 
   248   000FCB                     MEMCON          equ	4043	;# 
   249   000FCC                     TMR2            equ	4044	;# 
   250   000FCD                     T1CON           equ	4045	;# 
   251   000FCE                     TMR1            equ	4046	;# 
   252   000FCE                     TMR1L           equ	4046	;# 
   253   000FCF                     TMR1H           equ	4047	;# 
   254   000FD0                     RCON            equ	4048	;# 
   255   000FD1                     WDTCON          equ	4049	;# 
   256   000FD2                     HLVDCON         equ	4050	;# 
   257   000FD2                     LVDCON          equ	4050	;# 
   258   000FD3                     OSCCON          equ	4051	;# 
   259   000FD5                     T0CON           equ	4053	;# 
   260   000FD6                     TMR0            equ	4054	;# 
   261   000FD6                     TMR0L           equ	4054	;# 
   262   000FD7                     TMR0H           equ	4055	;# 
   263   000FD8                     STATUS          equ	4056	;# 
   264   000FD9                     FSR2            equ	4057	;# 
   265   000FD9                     FSR2L           equ	4057	;# 
   266   000FDA                     FSR2H           equ	4058	;# 
   267   000FDB                     PLUSW2          equ	4059	;# 
   268   000FDC                     PREINC2         equ	4060	;# 
   269   000FDD                     POSTDEC2        equ	4061	;# 
   270   000FDE                     POSTINC2        equ	4062	;# 
   271   000FDF                     INDF2           equ	4063	;# 
   272   000FE0                     BSR             equ	4064	;# 
   273   000FE1                     FSR1            equ	4065	;# 
   274   000FE1                     FSR1L           equ	4065	;# 
   275   000FE2                     FSR1H           equ	4066	;# 
   276   000FE3                     PLUSW1          equ	4067	;# 
   277   000FE4                     PREINC1         equ	4068	;# 
   278   000FE5                     POSTDEC1        equ	4069	;# 
   279   000FE6                     POSTINC1        equ	4070	;# 
   280   000FE7                     INDF1           equ	4071	;# 
   281   000FE8                     WREG            equ	4072	;# 
   282   000FE9                     FSR0            equ	4073	;# 
   283   000FE9                     FSR0L           equ	4073	;# 
   284   000FEA                     FSR0H           equ	4074	;# 
   285   000FEB                     PLUSW0          equ	4075	;# 
   286   000FEC                     PREINC0         equ	4076	;# 
   287   000FED                     POSTDEC0        equ	4077	;# 
   288   000FEE                     POSTINC0        equ	4078	;# 
   289   000FEF                     INDF0           equ	4079	;# 
   290   000FF0                     INTCON3         equ	4080	;# 
   291   000FF1                     INTCON2         equ	4081	;# 
   292   000FF2                     INTCON          equ	4082	;# 
   293   000FF3                     PROD            equ	4083	;# 
   294   000FF3                     PRODL           equ	4083	;# 
   295   000FF4                     PRODH           equ	4084	;# 
   296   000FF5                     TABLAT          equ	4085	;# 
   297   000FF6                     TBLPTR          equ	4086	;# 
   298   000FF6                     TBLPTRL         equ	4086	;# 
   299   000FF7                     TBLPTRH         equ	4087	;# 
   300   000FF8                     TBLPTRU         equ	4088	;# 
   301   000FF9                     PCLAT           equ	4089	;# 
   302   000FF9                     PC              equ	4089	;# 
   303   000FF9                     PCL             equ	4089	;# 
   304   000FFA                     PCLATH          equ	4090	;# 
   305   000FFB                     PCLATU          equ	4091	;# 
   306   000FFC                     STKPTR          equ	4092	;# 
   307   000FFD                     TOS             equ	4093	;# 
   308   000FFD                     TOSL            equ	4093	;# 
   309   000FFE                     TOSH            equ	4094	;# 
   310   000FFF                     TOSU            equ	4095	;# 
   311   000F66                     UFRM            equ	3942	;# 
   312   000F66                     UFRML           equ	3942	;# 
   313   000F67                     UFRMH           equ	3943	;# 
   314   000F68                     UIR             equ	3944	;# 
   315   000F69                     UIE             equ	3945	;# 
   316   000F6A                     UEIR            equ	3946	;# 
   317   000F6B                     UEIE            equ	3947	;# 
   318   000F6C                     USTAT           equ	3948	;# 
   319   000F6D                     UCON            equ	3949	;# 
   320   000F6E                     UADDR           equ	3950	;# 
   321   000F6F                     UCFG            equ	3951	;# 
   322   000F70                     UEP0            equ	3952	;# 
   323   000F71                     UEP1            equ	3953	;# 
   324   000F72                     UEP2            equ	3954	;# 
   325   000F73                     UEP3            equ	3955	;# 
   326   000F74                     UEP4            equ	3956	;# 
   327   000F75                     UEP5            equ	3957	;# 
   328   000F76                     UEP6            equ	3958	;# 
   329   000F77                     UEP7            equ	3959	;# 
   330   000F78                     UEP8            equ	3960	;# 
   331   000F79                     UEP9            equ	3961	;# 
   332   000F7A                     UEP10           equ	3962	;# 
   333   000F7B                     UEP11           equ	3963	;# 
   334   000F7C                     UEP12           equ	3964	;# 
   335   000F7D                     UEP13           equ	3965	;# 
   336   000F7E                     UEP14           equ	3966	;# 
   337   000F7F                     UEP15           equ	3967	;# 
   338   000F80                     PORTA           equ	3968	;# 
   339   000F81                     PORTB           equ	3969	;# 
   340   000F82                     PORTC           equ	3970	;# 
   341   000F84                     PORTE           equ	3972	;# 
   342   000F89                     LATA            equ	3977	;# 
   343   000F8A                     LATB            equ	3978	;# 
   344   000F8B                     LATC            equ	3979	;# 
   345   000F92                     TRISA           equ	3986	;# 
   346   000F92                     DDRA            equ	3986	;# 
   347   000F93                     TRISB           equ	3987	;# 
   348   000F93                     DDRB            equ	3987	;# 
   349   000F94                     TRISC           equ	3988	;# 
   350   000F94                     DDRC            equ	3988	;# 
   351   000F9B                     OSCTUNE         equ	3995	;# 
   352   000F9D                     PIE1            equ	3997	;# 
   353   000F9E                     PIR1            equ	3998	;# 
   354   000F9F                     IPR1            equ	3999	;# 
   355   000FA0                     PIE2            equ	4000	;# 
   356   000FA1                     PIR2            equ	4001	;# 
   357   000FA2                     IPR2            equ	4002	;# 
   358   000FA6                     EECON1          equ	4006	;# 
   359   000FA7                     EECON2          equ	4007	;# 
   360   000FA8                     EEDATA          equ	4008	;# 
   361   000FA9                     EEADR           equ	4009	;# 
   362   000FAB                     RCSTA           equ	4011	;# 
   363   000FAB                     RCSTA1          equ	4011	;# 
   364   000FAC                     TXSTA           equ	4012	;# 
   365   000FAC                     TXSTA1          equ	4012	;# 
   366   000FAD                     TXREG           equ	4013	;# 
   367   000FAD                     TXREG1          equ	4013	;# 
   368   000FAE                     RCREG           equ	4014	;# 
   369   000FAE                     RCREG1          equ	4014	;# 
   370   000FAF                     SPBRG           equ	4015	;# 
   371   000FAF                     SPBRG1          equ	4015	;# 
   372   000FB0                     SPBRGH          equ	4016	;# 
   373   000FB1                     T3CON           equ	4017	;# 
   374   000FB2                     TMR3            equ	4018	;# 
   375   000FB2                     TMR3L           equ	4018	;# 
   376   000FB3                     TMR3H           equ	4019	;# 
   377   000FB4                     CMCON           equ	4020	;# 
   378   000FB5                     CVRCON          equ	4021	;# 
   379   000FB6                     ECCP1AS         equ	4022	;# 
   380   000FB6                     CCP1AS          equ	4022	;# 
   381   000FB7                     ECCP1DEL        equ	4023	;# 
   382   000FB7                     CCP1DEL         equ	4023	;# 
   383   000FB8                     BAUDCON         equ	4024	;# 
   384   000FB8                     BAUDCTL         equ	4024	;# 
   385   000FBA                     CCP2CON         equ	4026	;# 
   386   000FBB                     CCPR2           equ	4027	;# 
   387   000FBB                     CCPR2L          equ	4027	;# 
   388   000FBC                     CCPR2H          equ	4028	;# 
   389   000FBD                     CCP1CON         equ	4029	;# 
   390   000FBE                     CCPR1           equ	4030	;# 
   391   000FBE                     CCPR1L          equ	4030	;# 
   392   000FBF                     CCPR1H          equ	4031	;# 
   393   000FC0                     ADCON2          equ	4032	;# 
   394   000FC1                     ADCON1          equ	4033	;# 
   395   000FC2                     ADCON0          equ	4034	;# 
   396   000FC3                     ADRES           equ	4035	;# 
   397   000FC3                     ADRESL          equ	4035	;# 
   398   000FC4                     ADRESH          equ	4036	;# 
   399   000FC5                     SSPCON2         equ	4037	;# 
   400   000FC6                     SSPCON1         equ	4038	;# 
   401   000FC7                     SSPSTAT         equ	4039	;# 
   402   000FC8                     SSPADD          equ	4040	;# 
   403   000FC9                     SSPBUF          equ	4041	;# 
   404   000FCA                     T2CON           equ	4042	;# 
   405   000FCB                     PR2             equ	4043	;# 
   406   000FCB                     MEMCON          equ	4043	;# 
   407   000FCC                     TMR2            equ	4044	;# 
   408   000FCD                     T1CON           equ	4045	;# 
   409   000FCE                     TMR1            equ	4046	;# 
   410   000FCE                     TMR1L           equ	4046	;# 
   411   000FCF                     TMR1H           equ	4047	;# 
   412   000FD0                     RCON            equ	4048	;# 
   413   000FD1                     WDTCON          equ	4049	;# 
   414   000FD2                     HLVDCON         equ	4050	;# 
   415   000FD2                     LVDCON          equ	4050	;# 
   416   000FD3                     OSCCON          equ	4051	;# 
   417   000FD5                     T0CON           equ	4053	;# 
   418   000FD6                     TMR0            equ	4054	;# 
   419   000FD6                     TMR0L           equ	4054	;# 
   420   000FD7                     TMR0H           equ	4055	;# 
   421   000FD8                     STATUS          equ	4056	;# 
   422   000FD9                     FSR2            equ	4057	;# 
   423   000FD9                     FSR2L           equ	4057	;# 
   424   000FDA                     FSR2H           equ	4058	;# 
   425   000FDB                     PLUSW2          equ	4059	;# 
   426   000FDC                     PREINC2         equ	4060	;# 
   427   000FDD                     POSTDEC2        equ	4061	;# 
   428   000FDE                     POSTINC2        equ	4062	;# 
   429   000FDF                     INDF2           equ	4063	;# 
   430   000FE0                     BSR             equ	4064	;# 
   431   000FE1                     FSR1            equ	4065	;# 
   432   000FE1                     FSR1L           equ	4065	;# 
   433   000FE2                     FSR1H           equ	4066	;# 
   434   000FE3                     PLUSW1          equ	4067	;# 
   435   000FE4                     PREINC1         equ	4068	;# 
   436   000FE5                     POSTDEC1        equ	4069	;# 
   437   000FE6                     POSTINC1        equ	4070	;# 
   438   000FE7                     INDF1           equ	4071	;# 
   439   000FE8                     WREG            equ	4072	;# 
   440   000FE9                     FSR0            equ	4073	;# 
   441   000FE9                     FSR0L           equ	4073	;# 
   442   000FEA                     FSR0H           equ	4074	;# 
   443   000FEB                     PLUSW0          equ	4075	;# 
   444   000FEC                     PREINC0         equ	4076	;# 
   445   000FED                     POSTDEC0        equ	4077	;# 
   446   000FEE                     POSTINC0        equ	4078	;# 
   447   000FEF                     INDF0           equ	4079	;# 
   448   000FF0                     INTCON3         equ	4080	;# 
   449   000FF1                     INTCON2         equ	4081	;# 
   450   000FF2                     INTCON          equ	4082	;# 
   451   000FF3                     PROD            equ	4083	;# 
   452   000FF3                     PRODL           equ	4083	;# 
   453   000FF4                     PRODH           equ	4084	;# 
   454   000FF5                     TABLAT          equ	4085	;# 
   455   000FF6                     TBLPTR          equ	4086	;# 
   456   000FF6                     TBLPTRL         equ	4086	;# 
   457   000FF7                     TBLPTRH         equ	4087	;# 
   458   000FF8                     TBLPTRU         equ	4088	;# 
   459   000FF9                     PCLAT           equ	4089	;# 
   460   000FF9                     PC              equ	4089	;# 
   461   000FF9                     PCL             equ	4089	;# 
   462   000FFA                     PCLATH          equ	4090	;# 
   463   000FFB                     PCLATU          equ	4091	;# 
   464   000FFC                     STKPTR          equ	4092	;# 
   465   000FFD                     TOS             equ	4093	;# 
   466   000FFD                     TOSL            equ	4093	;# 
   467   000FFE                     TOSH            equ	4094	;# 
   468   000FFF                     TOSU            equ	4095	;# 
   469   000F66                     UFRM            equ	3942	;# 
   470   000F66                     UFRML           equ	3942	;# 
   471   000F67                     UFRMH           equ	3943	;# 
   472   000F68                     UIR             equ	3944	;# 
   473   000F69                     UIE             equ	3945	;# 
   474   000F6A                     UEIR            equ	3946	;# 
   475   000F6B                     UEIE            equ	3947	;# 
   476   000F6C                     USTAT           equ	3948	;# 
   477   000F6D                     UCON            equ	3949	;# 
   478   000F6E                     UADDR           equ	3950	;# 
   479   000F6F                     UCFG            equ	3951	;# 
   480   000F70                     UEP0            equ	3952	;# 
   481   000F71                     UEP1            equ	3953	;# 
   482   000F72                     UEP2            equ	3954	;# 
   483   000F73                     UEP3            equ	3955	;# 
   484   000F74                     UEP4            equ	3956	;# 
   485   000F75                     UEP5            equ	3957	;# 
   486   000F76                     UEP6            equ	3958	;# 
   487   000F77                     UEP7            equ	3959	;# 
   488   000F78                     UEP8            equ	3960	;# 
   489   000F79                     UEP9            equ	3961	;# 
   490   000F7A                     UEP10           equ	3962	;# 
   491   000F7B                     UEP11           equ	3963	;# 
   492   000F7C                     UEP12           equ	3964	;# 
   493   000F7D                     UEP13           equ	3965	;# 
   494   000F7E                     UEP14           equ	3966	;# 
   495   000F7F                     UEP15           equ	3967	;# 
   496   000F80                     PORTA           equ	3968	;# 
   497   000F81                     PORTB           equ	3969	;# 
   498   000F82                     PORTC           equ	3970	;# 
   499   000F84                     PORTE           equ	3972	;# 
   500   000F89                     LATA            equ	3977	;# 
   501   000F8A                     LATB            equ	3978	;# 
   502   000F8B                     LATC            equ	3979	;# 
   503   000F92                     TRISA           equ	3986	;# 
   504   000F92                     DDRA            equ	3986	;# 
   505   000F93                     TRISB           equ	3987	;# 
   506   000F93                     DDRB            equ	3987	;# 
   507   000F94                     TRISC           equ	3988	;# 
   508   000F94                     DDRC            equ	3988	;# 
   509   000F9B                     OSCTUNE         equ	3995	;# 
   510   000F9D                     PIE1            equ	3997	;# 
   511   000F9E                     PIR1            equ	3998	;# 
   512   000F9F                     IPR1            equ	3999	;# 
   513   000FA0                     PIE2            equ	4000	;# 
   514   000FA1                     PIR2            equ	4001	;# 
   515   000FA2                     IPR2            equ	4002	;# 
   516   000FA6                     EECON1          equ	4006	;# 
   517   000FA7                     EECON2          equ	4007	;# 
   518   000FA8                     EEDATA          equ	4008	;# 
   519   000FA9                     EEADR           equ	4009	;# 
   520   000FAB                     RCSTA           equ	4011	;# 
   521   000FAB                     RCSTA1          equ	4011	;# 
   522   000FAC                     TXSTA           equ	4012	;# 
   523   000FAC                     TXSTA1          equ	4012	;# 
   524   000FAD                     TXREG           equ	4013	;# 
   525   000FAD                     TXREG1          equ	4013	;# 
   526   000FAE                     RCREG           equ	4014	;# 
   527   000FAE                     RCREG1          equ	4014	;# 
   528   000FAF                     SPBRG           equ	4015	;# 
   529   000FAF                     SPBRG1          equ	4015	;# 
   530   000FB0                     SPBRGH          equ	4016	;# 
   531   000FB1                     T3CON           equ	4017	;# 
   532   000FB2                     TMR3            equ	4018	;# 
   533   000FB2                     TMR3L           equ	4018	;# 
   534   000FB3                     TMR3H           equ	4019	;# 
   535   000FB4                     CMCON           equ	4020	;# 
   536   000FB5                     CVRCON          equ	4021	;# 
   537   000FB6                     ECCP1AS         equ	4022	;# 
   538   000FB6                     CCP1AS          equ	4022	;# 
   539   000FB7                     ECCP1DEL        equ	4023	;# 
   540   000FB7                     CCP1DEL         equ	4023	;# 
   541   000FB8                     BAUDCON         equ	4024	;# 
   542   000FB8                     BAUDCTL         equ	4024	;# 
   543   000FBA                     CCP2CON         equ	4026	;# 
   544   000FBB                     CCPR2           equ	4027	;# 
   545   000FBB                     CCPR2L          equ	4027	;# 
   546   000FBC                     CCPR2H          equ	4028	;# 
   547   000FBD                     CCP1CON         equ	4029	;# 
   548   000FBE                     CCPR1           equ	4030	;# 
   549   000FBE                     CCPR1L          equ	4030	;# 
   550   000FBF                     CCPR1H          equ	4031	;# 
   551   000FC0                     ADCON2          equ	4032	;# 
   552   000FC1                     ADCON1          equ	4033	;# 
   553   000FC2                     ADCON0          equ	4034	;# 
   554   000FC3                     ADRES           equ	4035	;# 
   555   000FC3                     ADRESL          equ	4035	;# 
   556   000FC4                     ADRESH          equ	4036	;# 
   557   000FC5                     SSPCON2         equ	4037	;# 
   558   000FC6                     SSPCON1         equ	4038	;# 
   559   000FC7                     SSPSTAT         equ	4039	;# 
   560   000FC8                     SSPADD          equ	4040	;# 
   561   000FC9                     SSPBUF          equ	4041	;# 
   562   000FCA                     T2CON           equ	4042	;# 
   563   000FCB                     PR2             equ	4043	;# 
   564   000FCB                     MEMCON          equ	4043	;# 
   565   000FCC                     TMR2            equ	4044	;# 
   566   000FCD                     T1CON           equ	4045	;# 
   567   000FCE                     TMR1            equ	4046	;# 
   568   000FCE                     TMR1L           equ	4046	;# 
   569   000FCF                     TMR1H           equ	4047	;# 
   570   000FD0                     RCON            equ	4048	;# 
   571   000FD1                     WDTCON          equ	4049	;# 
   572   000FD2                     HLVDCON         equ	4050	;# 
   573   000FD2                     LVDCON          equ	4050	;# 
   574   000FD3                     OSCCON          equ	4051	;# 
   575   000FD5                     T0CON           equ	4053	;# 
   576   000FD6                     TMR0            equ	4054	;# 
   577   000FD6                     TMR0L           equ	4054	;# 
   578   000FD7                     TMR0H           equ	4055	;# 
   579   000FD8                     STATUS          equ	4056	;# 
   580   000FD9                     FSR2            equ	4057	;# 
   581   000FD9                     FSR2L           equ	4057	;# 
   582   000FDA                     FSR2H           equ	4058	;# 
   583   000FDB                     PLUSW2          equ	4059	;# 
   584   000FDC                     PREINC2         equ	4060	;# 
   585   000FDD                     POSTDEC2        equ	4061	;# 
   586   000FDE                     POSTINC2        equ	4062	;# 
   587   000FDF                     INDF2           equ	4063	;# 
   588   000FE0                     BSR             equ	4064	;# 
   589   000FE1                     FSR1            equ	4065	;# 
   590   000FE1                     FSR1L           equ	4065	;# 
   591   000FE2                     FSR1H           equ	4066	;# 
   592   000FE3                     PLUSW1          equ	4067	;# 
   593   000FE4                     PREINC1         equ	4068	;# 
   594   000FE5                     POSTDEC1        equ	4069	;# 
   595   000FE6                     POSTINC1        equ	4070	;# 
   596   000FE7                     INDF1           equ	4071	;# 
   597   000FE8                     WREG            equ	4072	;# 
   598   000FE9                     FSR0            equ	4073	;# 
   599   000FE9                     FSR0L           equ	4073	;# 
   600   000FEA                     FSR0H           equ	4074	;# 
   601   000FEB                     PLUSW0          equ	4075	;# 
   602   000FEC                     PREINC0         equ	4076	;# 
   603   000FED                     POSTDEC0        equ	4077	;# 
   604   000FEE                     POSTINC0        equ	4078	;# 
   605   000FEF                     INDF0           equ	4079	;# 
   606   000FF0                     INTCON3         equ	4080	;# 
   607   000FF1                     INTCON2         equ	4081	;# 
   608   000FF2                     INTCON          equ	4082	;# 
   609   000FF3                     PROD            equ	4083	;# 
   610   000FF3                     PRODL           equ	4083	;# 
   611   000FF4                     PRODH           equ	4084	;# 
   612   000FF5                     TABLAT          equ	4085	;# 
   613   000FF6                     TBLPTR          equ	4086	;# 
   614   000FF6                     TBLPTRL         equ	4086	;# 
   615   000FF7                     TBLPTRH         equ	4087	;# 
   616   000FF8                     TBLPTRU         equ	4088	;# 
   617   000FF9                     PCLAT           equ	4089	;# 
   618   000FF9                     PC              equ	4089	;# 
   619   000FF9                     PCL             equ	4089	;# 
   620   000FFA                     PCLATH          equ	4090	;# 
   621   000FFB                     PCLATU          equ	4091	;# 
   622   000FFC                     STKPTR          equ	4092	;# 
   623   000FFD                     TOS             equ	4093	;# 
   624   000FFD                     TOSL            equ	4093	;# 
   625   000FFE                     TOSH            equ	4094	;# 
   626   000FFF                     TOSU            equ	4095	;# 
   627   000F66                     UFRM            equ	3942	;# 
   628   000F66                     UFRML           equ	3942	;# 
   629   000F67                     UFRMH           equ	3943	;# 
   630   000F68                     UIR             equ	3944	;# 
   631   000F69                     UIE             equ	3945	;# 
   632   000F6A                     UEIR            equ	3946	;# 
   633   000F6B                     UEIE            equ	3947	;# 
   634   000F6C                     USTAT           equ	3948	;# 
   635   000F6D                     UCON            equ	3949	;# 
   636   000F6E                     UADDR           equ	3950	;# 
   637   000F6F                     UCFG            equ	3951	;# 
   638   000F70                     UEP0            equ	3952	;# 
   639   000F71                     UEP1            equ	3953	;# 
   640   000F72                     UEP2            equ	3954	;# 
   641   000F73                     UEP3            equ	3955	;# 
   642   000F74                     UEP4            equ	3956	;# 
   643   000F75                     UEP5            equ	3957	;# 
   644   000F76                     UEP6            equ	3958	;# 
   645   000F77                     UEP7            equ	3959	;# 
   646   000F78                     UEP8            equ	3960	;# 
   647   000F79                     UEP9            equ	3961	;# 
   648   000F7A                     UEP10           equ	3962	;# 
   649   000F7B                     UEP11           equ	3963	;# 
   650   000F7C                     UEP12           equ	3964	;# 
   651   000F7D                     UEP13           equ	3965	;# 
   652   000F7E                     UEP14           equ	3966	;# 
   653   000F7F                     UEP15           equ	3967	;# 
   654   000F80                     PORTA           equ	3968	;# 
   655   000F81                     PORTB           equ	3969	;# 
   656   000F82                     PORTC           equ	3970	;# 
   657   000F84                     PORTE           equ	3972	;# 
   658   000F89                     LATA            equ	3977	;# 
   659   000F8A                     LATB            equ	3978	;# 
   660   000F8B                     LATC            equ	3979	;# 
   661   000F92                     TRISA           equ	3986	;# 
   662   000F92                     DDRA            equ	3986	;# 
   663   000F93                     TRISB           equ	3987	;# 
   664   000F93                     DDRB            equ	3987	;# 
   665   000F94                     TRISC           equ	3988	;# 
   666   000F94                     DDRC            equ	3988	;# 
   667   000F9B                     OSCTUNE         equ	3995	;# 
   668   000F9D                     PIE1            equ	3997	;# 
   669   000F9E                     PIR1            equ	3998	;# 
   670   000F9F                     IPR1            equ	3999	;# 
   671   000FA0                     PIE2            equ	4000	;# 
   672   000FA1                     PIR2            equ	4001	;# 
   673   000FA2                     IPR2            equ	4002	;# 
   674   000FA6                     EECON1          equ	4006	;# 
   675   000FA7                     EECON2          equ	4007	;# 
   676   000FA8                     EEDATA          equ	4008	;# 
   677   000FA9                     EEADR           equ	4009	;# 
   678   000FAB                     RCSTA           equ	4011	;# 
   679   000FAB                     RCSTA1          equ	4011	;# 
   680   000FAC                     TXSTA           equ	4012	;# 
   681   000FAC                     TXSTA1          equ	4012	;# 
   682   000FAD                     TXREG           equ	4013	;# 
   683   000FAD                     TXREG1          equ	4013	;# 
   684   000FAE                     RCREG           equ	4014	;# 
   685   000FAE                     RCREG1          equ	4014	;# 
   686   000FAF                     SPBRG           equ	4015	;# 
   687   000FAF                     SPBRG1          equ	4015	;# 
   688   000FB0                     SPBRGH          equ	4016	;# 
   689   000FB1                     T3CON           equ	4017	;# 
   690   000FB2                     TMR3            equ	4018	;# 
   691   000FB2                     TMR3L           equ	4018	;# 
   692   000FB3                     TMR3H           equ	4019	;# 
   693   000FB4                     CMCON           equ	4020	;# 
   694   000FB5                     CVRCON          equ	4021	;# 
   695   000FB6                     ECCP1AS         equ	4022	;# 
   696   000FB6                     CCP1AS          equ	4022	;# 
   697   000FB7                     ECCP1DEL        equ	4023	;# 
   698   000FB7                     CCP1DEL         equ	4023	;# 
   699   000FB8                     BAUDCON         equ	4024	;# 
   700   000FB8                     BAUDCTL         equ	4024	;# 
   701   000FBA                     CCP2CON         equ	4026	;# 
   702   000FBB                     CCPR2           equ	4027	;# 
   703   000FBB                     CCPR2L          equ	4027	;# 
   704   000FBC                     CCPR2H          equ	4028	;# 
   705   000FBD                     CCP1CON         equ	4029	;# 
   706   000FBE                     CCPR1           equ	4030	;# 
   707   000FBE                     CCPR1L          equ	4030	;# 
   708   000FBF                     CCPR1H          equ	4031	;# 
   709   000FC0                     ADCON2          equ	4032	;# 
   710   000FC1                     ADCON1          equ	4033	;# 
   711   000FC2                     ADCON0          equ	4034	;# 
   712   000FC3                     ADRES           equ	4035	;# 
   713   000FC3                     ADRESL          equ	4035	;# 
   714   000FC4                     ADRESH          equ	4036	;# 
   715   000FC5                     SSPCON2         equ	4037	;# 
   716   000FC6                     SSPCON1         equ	4038	;# 
   717   000FC7                     SSPSTAT         equ	4039	;# 
   718   000FC8                     SSPADD          equ	4040	;# 
   719   000FC9                     SSPBUF          equ	4041	;# 
   720   000FCA                     T2CON           equ	4042	;# 
   721   000FCB                     PR2             equ	4043	;# 
   722   000FCB                     MEMCON          equ	4043	;# 
   723   000FCC                     TMR2            equ	4044	;# 
   724   000FCD                     T1CON           equ	4045	;# 
   725   000FCE                     TMR1            equ	4046	;# 
   726   000FCE                     TMR1L           equ	4046	;# 
   727   000FCF                     TMR1H           equ	4047	;# 
   728   000FD0                     RCON            equ	4048	;# 
   729   000FD1                     WDTCON          equ	4049	;# 
   730   000FD2                     HLVDCON         equ	4050	;# 
   731   000FD2                     LVDCON          equ	4050	;# 
   732   000FD3                     OSCCON          equ	4051	;# 
   733   000FD5                     T0CON           equ	4053	;# 
   734   000FD6                     TMR0            equ	4054	;# 
   735   000FD6                     TMR0L           equ	4054	;# 
   736   000FD7                     TMR0H           equ	4055	;# 
   737   000FD8                     STATUS          equ	4056	;# 
   738   000FD9                     FSR2            equ	4057	;# 
   739   000FD9                     FSR2L           equ	4057	;# 
   740   000FDA                     FSR2H           equ	4058	;# 
   741   000FDB                     PLUSW2          equ	4059	;# 
   742   000FDC                     PREINC2         equ	4060	;# 
   743   000FDD                     POSTDEC2        equ	4061	;# 
   744   000FDE                     POSTINC2        equ	4062	;# 
   745   000FDF                     INDF2           equ	4063	;# 
   746   000FE0                     BSR             equ	4064	;# 
   747   000FE1                     FSR1            equ	4065	;# 
   748   000FE1                     FSR1L           equ	4065	;# 
   749   000FE2                     FSR1H           equ	4066	;# 
   750   000FE3                     PLUSW1          equ	4067	;# 
   751   000FE4                     PREINC1         equ	4068	;# 
   752   000FE5                     POSTDEC1        equ	4069	;# 
   753   000FE6                     POSTINC1        equ	4070	;# 
   754   000FE7                     INDF1           equ	4071	;# 
   755   000FE8                     WREG            equ	4072	;# 
   756   000FE9                     FSR0            equ	4073	;# 
   757   000FE9                     FSR0L           equ	4073	;# 
   758   000FEA                     FSR0H           equ	4074	;# 
   759   000FEB                     PLUSW0          equ	4075	;# 
   760   000FEC                     PREINC0         equ	4076	;# 
   761   000FED                     POSTDEC0        equ	4077	;# 
   762   000FEE                     POSTINC0        equ	4078	;# 
   763   000FEF                     INDF0           equ	4079	;# 
   764   000FF0                     INTCON3         equ	4080	;# 
   765   000FF1                     INTCON2         equ	4081	;# 
   766   000FF2                     INTCON          equ	4082	;# 
   767   000FF3                     PROD            equ	4083	;# 
   768   000FF3                     PRODL           equ	4083	;# 
   769   000FF4                     PRODH           equ	4084	;# 
   770   000FF5                     TABLAT          equ	4085	;# 
   771   000FF6                     TBLPTR          equ	4086	;# 
   772   000FF6                     TBLPTRL         equ	4086	;# 
   773   000FF7                     TBLPTRH         equ	4087	;# 
   774   000FF8                     TBLPTRU         equ	4088	;# 
   775   000FF9                     PCLAT           equ	4089	;# 
   776   000FF9                     PC              equ	4089	;# 
   777   000FF9                     PCL             equ	4089	;# 
   778   000FFA                     PCLATH          equ	4090	;# 
   779   000FFB                     PCLATU          equ	4091	;# 
   780   000FFC                     STKPTR          equ	4092	;# 
   781   000FFD                     TOS             equ	4093	;# 
   782   000FFD                     TOSL            equ	4093	;# 
   783   000FFE                     TOSH            equ	4094	;# 
   784   000FFF                     TOSU            equ	4095	;# 
   785   000F66                     UFRM            equ	3942	;# 
   786   000F66                     UFRML           equ	3942	;# 
   787   000F67                     UFRMH           equ	3943	;# 
   788   000F68                     UIR             equ	3944	;# 
   789   000F69                     UIE             equ	3945	;# 
   790   000F6A                     UEIR            equ	3946	;# 
   791   000F6B                     UEIE            equ	3947	;# 
   792   000F6C                     USTAT           equ	3948	;# 
   793   000F6D                     UCON            equ	3949	;# 
   794   000F6E                     UADDR           equ	3950	;# 
   795   000F6F                     UCFG            equ	3951	;# 
   796   000F70                     UEP0            equ	3952	;# 
   797   000F71                     UEP1            equ	3953	;# 
   798   000F72                     UEP2            equ	3954	;# 
   799   000F73                     UEP3            equ	3955	;# 
   800   000F74                     UEP4            equ	3956	;# 
   801   000F75                     UEP5            equ	3957	;# 
   802   000F76                     UEP6            equ	3958	;# 
   803   000F77                     UEP7            equ	3959	;# 
   804   000F78                     UEP8            equ	3960	;# 
   805   000F79                     UEP9            equ	3961	;# 
   806   000F7A                     UEP10           equ	3962	;# 
   807   000F7B                     UEP11           equ	3963	;# 
   808   000F7C                     UEP12           equ	3964	;# 
   809   000F7D                     UEP13           equ	3965	;# 
   810   000F7E                     UEP14           equ	3966	;# 
   811   000F7F                     UEP15           equ	3967	;# 
   812   000F80                     PORTA           equ	3968	;# 
   813   000F81                     PORTB           equ	3969	;# 
   814   000F82                     PORTC           equ	3970	;# 
   815   000F84                     PORTE           equ	3972	;# 
   816   000F89                     LATA            equ	3977	;# 
   817   000F8A                     LATB            equ	3978	;# 
   818   000F8B                     LATC            equ	3979	;# 
   819   000F92                     TRISA           equ	3986	;# 
   820   000F92                     DDRA            equ	3986	;# 
   821   000F93                     TRISB           equ	3987	;# 
   822   000F93                     DDRB            equ	3987	;# 
   823   000F94                     TRISC           equ	3988	;# 
   824   000F94                     DDRC            equ	3988	;# 
   825   000F9B                     OSCTUNE         equ	3995	;# 
   826   000F9D                     PIE1            equ	3997	;# 
   827   000F9E                     PIR1            equ	3998	;# 
   828   000F9F                     IPR1            equ	3999	;# 
   829   000FA0                     PIE2            equ	4000	;# 
   830   000FA1                     PIR2            equ	4001	;# 
   831   000FA2                     IPR2            equ	4002	;# 
   832   000FA6                     EECON1          equ	4006	;# 
   833   000FA7                     EECON2          equ	4007	;# 
   834   000FA8                     EEDATA          equ	4008	;# 
   835   000FA9                     EEADR           equ	4009	;# 
   836   000FAB                     RCSTA           equ	4011	;# 
   837   000FAB                     RCSTA1          equ	4011	;# 
   838   000FAC                     TXSTA           equ	4012	;# 
   839   000FAC                     TXSTA1          equ	4012	;# 
   840   000FAD                     TXREG           equ	4013	;# 
   841   000FAD                     TXREG1          equ	4013	;# 
   842   000FAE                     RCREG           equ	4014	;# 
   843   000FAE                     RCREG1          equ	4014	;# 
   844   000FAF                     SPBRG           equ	4015	;# 
   845   000FAF                     SPBRG1          equ	4015	;# 
   846   000FB0                     SPBRGH          equ	4016	;# 
   847   000FB1                     T3CON           equ	4017	;# 
   848   000FB2                     TMR3            equ	4018	;# 
   849   000FB2                     TMR3L           equ	4018	;# 
   850   000FB3                     TMR3H           equ	4019	;# 
   851   000FB4                     CMCON           equ	4020	;# 
   852   000FB5                     CVRCON          equ	4021	;# 
   853   000FB6                     ECCP1AS         equ	4022	;# 
   854   000FB6                     CCP1AS          equ	4022	;# 
   855   000FB7                     ECCP1DEL        equ	4023	;# 
   856   000FB7                     CCP1DEL         equ	4023	;# 
   857   000FB8                     BAUDCON         equ	4024	;# 
   858   000FB8                     BAUDCTL         equ	4024	;# 
   859   000FBA                     CCP2CON         equ	4026	;# 
   860   000FBB                     CCPR2           equ	4027	;# 
   861   000FBB                     CCPR2L          equ	4027	;# 
   862   000FBC                     CCPR2H          equ	4028	;# 
   863   000FBD                     CCP1CON         equ	4029	;# 
   864   000FBE                     CCPR1           equ	4030	;# 
   865   000FBE                     CCPR1L          equ	4030	;# 
   866   000FBF                     CCPR1H          equ	4031	;# 
   867   000FC0                     ADCON2          equ	4032	;# 
   868   000FC1                     ADCON1          equ	4033	;# 
   869   000FC2                     ADCON0          equ	4034	;# 
   870   000FC3                     ADRES           equ	4035	;# 
   871   000FC3                     ADRESL          equ	4035	;# 
   872   000FC4                     ADRESH          equ	4036	;# 
   873   000FC5                     SSPCON2         equ	4037	;# 
   874   000FC6                     SSPCON1         equ	4038	;# 
   875   000FC7                     SSPSTAT         equ	4039	;# 
   876   000FC8                     SSPADD          equ	4040	;# 
   877   000FC9                     SSPBUF          equ	4041	;# 
   878   000FCA                     T2CON           equ	4042	;# 
   879   000FCB                     PR2             equ	4043	;# 
   880   000FCB                     MEMCON          equ	4043	;# 
   881   000FCC                     TMR2            equ	4044	;# 
   882   000FCD                     T1CON           equ	4045	;# 
   883   000FCE                     TMR1            equ	4046	;# 
   884   000FCE                     TMR1L           equ	4046	;# 
   885   000FCF                     TMR1H           equ	4047	;# 
   886   000FD0                     RCON            equ	4048	;# 
   887   000FD1                     WDTCON          equ	4049	;# 
   888   000FD2                     HLVDCON         equ	4050	;# 
   889   000FD2                     LVDCON          equ	4050	;# 
   890   000FD3                     OSCCON          equ	4051	;# 
   891   000FD5                     T0CON           equ	4053	;# 
   892   000FD6                     TMR0            equ	4054	;# 
   893   000FD6                     TMR0L           equ	4054	;# 
   894   000FD7                     TMR0H           equ	4055	;# 
   895   000FD8                     STATUS          equ	4056	;# 
   896   000FD9                     FSR2            equ	4057	;# 
   897   000FD9                     FSR2L           equ	4057	;# 
   898   000FDA                     FSR2H           equ	4058	;# 
   899   000FDB                     PLUSW2          equ	4059	;# 
   900   000FDC                     PREINC2         equ	4060	;# 
   901   000FDD                     POSTDEC2        equ	4061	;# 
   902   000FDE                     POSTINC2        equ	4062	;# 
   903   000FDF                     INDF2           equ	4063	;# 
   904   000FE0                     BSR             equ	4064	;# 
   905   000FE1                     FSR1            equ	4065	;# 
   906   000FE1                     FSR1L           equ	4065	;# 
   907   000FE2                     FSR1H           equ	4066	;# 
   908   000FE3                     PLUSW1          equ	4067	;# 
   909   000FE4                     PREINC1         equ	4068	;# 
   910   000FE5                     POSTDEC1        equ	4069	;# 
   911   000FE6                     POSTINC1        equ	4070	;# 
   912   000FE7                     INDF1           equ	4071	;# 
   913   000FE8                     WREG            equ	4072	;# 
   914   000FE9                     FSR0            equ	4073	;# 
   915   000FE9                     FSR0L           equ	4073	;# 
   916   000FEA                     FSR0H           equ	4074	;# 
   917   000FEB                     PLUSW0          equ	4075	;# 
   918   000FEC                     PREINC0         equ	4076	;# 
   919   000FED                     POSTDEC0        equ	4077	;# 
   920   000FEE                     POSTINC0        equ	4078	;# 
   921   000FEF                     INDF0           equ	4079	;# 
   922   000FF0                     INTCON3         equ	4080	;# 
   923   000FF1                     INTCON2         equ	4081	;# 
   924   000FF2                     INTCON          equ	4082	;# 
   925   000FF3                     PROD            equ	4083	;# 
   926   000FF3                     PRODL           equ	4083	;# 
   927   000FF4                     PRODH           equ	4084	;# 
   928   000FF5                     TABLAT          equ	4085	;# 
   929   000FF6                     TBLPTR          equ	4086	;# 
   930   000FF6                     TBLPTRL         equ	4086	;# 
   931   000FF7                     TBLPTRH         equ	4087	;# 
   932   000FF8                     TBLPTRU         equ	4088	;# 
   933   000FF9                     PCLAT           equ	4089	;# 
   934   000FF9                     PC              equ	4089	;# 
   935   000FF9                     PCL             equ	4089	;# 
   936   000FFA                     PCLATH          equ	4090	;# 
   937   000FFB                     PCLATU          equ	4091	;# 
   938   000FFC                     STKPTR          equ	4092	;# 
   939   000FFD                     TOS             equ	4093	;# 
   940   000FFD                     TOSL            equ	4093	;# 
   941   000FFE                     TOSH            equ	4094	;# 
   942   000FFF                     TOSU            equ	4095	;# 
   943   000F66                     UFRM            equ	3942	;# 
   944   000F66                     UFRML           equ	3942	;# 
   945   000F67                     UFRMH           equ	3943	;# 
   946   000F68                     UIR             equ	3944	;# 
   947   000F69                     UIE             equ	3945	;# 
   948   000F6A                     UEIR            equ	3946	;# 
   949   000F6B                     UEIE            equ	3947	;# 
   950   000F6C                     USTAT           equ	3948	;# 
   951   000F6D                     UCON            equ	3949	;# 
   952   000F6E                     UADDR           equ	3950	;# 
   953   000F6F                     UCFG            equ	3951	;# 
   954   000F70                     UEP0            equ	3952	;# 
   955   000F71                     UEP1            equ	3953	;# 
   956   000F72                     UEP2            equ	3954	;# 
   957   000F73                     UEP3            equ	3955	;# 
   958   000F74                     UEP4            equ	3956	;# 
   959   000F75                     UEP5            equ	3957	;# 
   960   000F76                     UEP6            equ	3958	;# 
   961   000F77                     UEP7            equ	3959	;# 
   962   000F78                     UEP8            equ	3960	;# 
   963   000F79                     UEP9            equ	3961	;# 
   964   000F7A                     UEP10           equ	3962	;# 
   965   000F7B                     UEP11           equ	3963	;# 
   966   000F7C                     UEP12           equ	3964	;# 
   967   000F7D                     UEP13           equ	3965	;# 
   968   000F7E                     UEP14           equ	3966	;# 
   969   000F7F                     UEP15           equ	3967	;# 
   970   000F80                     PORTA           equ	3968	;# 
   971   000F81                     PORTB           equ	3969	;# 
   972   000F82                     PORTC           equ	3970	;# 
   973   000F84                     PORTE           equ	3972	;# 
   974   000F89                     LATA            equ	3977	;# 
   975   000F8A                     LATB            equ	3978	;# 
   976   000F8B                     LATC            equ	3979	;# 
   977   000F92                     TRISA           equ	3986	;# 
   978   000F92                     DDRA            equ	3986	;# 
   979   000F93                     TRISB           equ	3987	;# 
   980   000F93                     DDRB            equ	3987	;# 
   981   000F94                     TRISC           equ	3988	;# 
   982   000F94                     DDRC            equ	3988	;# 
   983   000F9B                     OSCTUNE         equ	3995	;# 
   984   000F9D                     PIE1            equ	3997	;# 
   985   000F9E                     PIR1            equ	3998	;# 
   986   000F9F                     IPR1            equ	3999	;# 
   987   000FA0                     PIE2            equ	4000	;# 
   988   000FA1                     PIR2            equ	4001	;# 
   989   000FA2                     IPR2            equ	4002	;# 
   990   000FA6                     EECON1          equ	4006	;# 
   991   000FA7                     EECON2          equ	4007	;# 
   992   000FA8                     EEDATA          equ	4008	;# 
   993   000FA9                     EEADR           equ	4009	;# 
   994   000FAB                     RCSTA           equ	4011	;# 
   995   000FAB                     RCSTA1          equ	4011	;# 
   996   000FAC                     TXSTA           equ	4012	;# 
   997   000FAC                     TXSTA1          equ	4012	;# 
   998   000FAD                     TXREG           equ	4013	;# 
   999   000FAD                     TXREG1          equ	4013	;# 
  1000   000FAE                     RCREG           equ	4014	;# 
  1001   000FAE                     RCREG1          equ	4014	;# 
  1002   000FAF                     SPBRG           equ	4015	;# 
  1003   000FAF                     SPBRG1          equ	4015	;# 
  1004   000FB0                     SPBRGH          equ	4016	;# 
  1005   000FB1                     T3CON           equ	4017	;# 
  1006   000FB2                     TMR3            equ	4018	;# 
  1007   000FB2                     TMR3L           equ	4018	;# 
  1008   000FB3                     TMR3H           equ	4019	;# 
  1009   000FB4                     CMCON           equ	4020	;# 
  1010   000FB5                     CVRCON          equ	4021	;# 
  1011   000FB6                     ECCP1AS         equ	4022	;# 
  1012   000FB6                     CCP1AS          equ	4022	;# 
  1013   000FB7                     ECCP1DEL        equ	4023	;# 
  1014   000FB7                     CCP1DEL         equ	4023	;# 
  1015   000FB8                     BAUDCON         equ	4024	;# 
  1016   000FB8                     BAUDCTL         equ	4024	;# 
  1017   000FBA                     CCP2CON         equ	4026	;# 
  1018   000FBB                     CCPR2           equ	4027	;# 
  1019   000FBB                     CCPR2L          equ	4027	;# 
  1020   000FBC                     CCPR2H          equ	4028	;# 
  1021   000FBD                     CCP1CON         equ	4029	;# 
  1022   000FBE                     CCPR1           equ	4030	;# 
  1023   000FBE                     CCPR1L          equ	4030	;# 
  1024   000FBF                     CCPR1H          equ	4031	;# 
  1025   000FC0                     ADCON2          equ	4032	;# 
  1026   000FC1                     ADCON1          equ	4033	;# 
  1027   000FC2                     ADCON0          equ	4034	;# 
  1028   000FC3                     ADRES           equ	4035	;# 
  1029   000FC3                     ADRESL          equ	4035	;# 
  1030   000FC4                     ADRESH          equ	4036	;# 
  1031   000FC5                     SSPCON2         equ	4037	;# 
  1032   000FC6                     SSPCON1         equ	4038	;# 
  1033   000FC7                     SSPSTAT         equ	4039	;# 
  1034   000FC8                     SSPADD          equ	4040	;# 
  1035   000FC9                     SSPBUF          equ	4041	;# 
  1036   000FCA                     T2CON           equ	4042	;# 
  1037   000FCB                     PR2             equ	4043	;# 
  1038   000FCB                     MEMCON          equ	4043	;# 
  1039   000FCC                     TMR2            equ	4044	;# 
  1040   000FCD                     T1CON           equ	4045	;# 
  1041   000FCE                     TMR1            equ	4046	;# 
  1042   000FCE                     TMR1L           equ	4046	;# 
  1043   000FCF                     TMR1H           equ	4047	;# 
  1044   000FD0                     RCON            equ	4048	;# 
  1045   000FD1                     WDTCON          equ	4049	;# 
  1046   000FD2                     HLVDCON         equ	4050	;# 
  1047   000FD2                     LVDCON          equ	4050	;# 
  1048   000FD3                     OSCCON          equ	4051	;# 
  1049   000FD5                     T0CON           equ	4053	;# 
  1050   000FD6                     TMR0            equ	4054	;# 
  1051   000FD6                     TMR0L           equ	4054	;# 
  1052   000FD7                     TMR0H           equ	4055	;# 
  1053   000FD8                     STATUS          equ	4056	;# 
  1054   000FD9                     FSR2            equ	4057	;# 
  1055   000FD9                     FSR2L           equ	4057	;# 
  1056   000FDA                     FSR2H           equ	4058	;# 
  1057   000FDB                     PLUSW2          equ	4059	;# 
  1058   000FDC                     PREINC2         equ	4060	;# 
  1059   000FDD                     POSTDEC2        equ	4061	;# 
  1060   000FDE                     POSTINC2        equ	4062	;# 
  1061   000FDF                     INDF2           equ	4063	;# 
  1062   000FE0                     BSR             equ	4064	;# 
  1063   000FE1                     FSR1            equ	4065	;# 
  1064   000FE1                     FSR1L           equ	4065	;# 
  1065   000FE2                     FSR1H           equ	4066	;# 
  1066   000FE3                     PLUSW1          equ	4067	;# 
  1067   000FE4                     PREINC1         equ	4068	;# 
  1068   000FE5                     POSTDEC1        equ	4069	;# 
  1069   000FE6                     POSTINC1        equ	4070	;# 
  1070   000FE7                     INDF1           equ	4071	;# 
  1071   000FE8                     WREG            equ	4072	;# 
  1072   000FE9                     FSR0            equ	4073	;# 
  1073   000FE9                     FSR0L           equ	4073	;# 
  1074   000FEA                     FSR0H           equ	4074	;# 
  1075   000FEB                     PLUSW0          equ	4075	;# 
  1076   000FEC                     PREINC0         equ	4076	;# 
  1077   000FED                     POSTDEC0        equ	4077	;# 
  1078   000FEE                     POSTINC0        equ	4078	;# 
  1079   000FEF                     INDF0           equ	4079	;# 
  1080   000FF0                     INTCON3         equ	4080	;# 
  1081   000FF1                     INTCON2         equ	4081	;# 
  1082   000FF2                     INTCON          equ	4082	;# 
  1083   000FF3                     PROD            equ	4083	;# 
  1084   000FF3                     PRODL           equ	4083	;# 
  1085   000FF4                     PRODH           equ	4084	;# 
  1086   000FF5                     TABLAT          equ	4085	;# 
  1087   000FF6                     TBLPTR          equ	4086	;# 
  1088   000FF6                     TBLPTRL         equ	4086	;# 
  1089   000FF7                     TBLPTRH         equ	4087	;# 
  1090   000FF8                     TBLPTRU         equ	4088	;# 
  1091   000FF9                     PCLAT           equ	4089	;# 
  1092   000FF9                     PC              equ	4089	;# 
  1093   000FF9                     PCL             equ	4089	;# 
  1094   000FFA                     PCLATH          equ	4090	;# 
  1095   000FFB                     PCLATU          equ	4091	;# 
  1096   000FFC                     STKPTR          equ	4092	;# 
  1097   000FFD                     TOS             equ	4093	;# 
  1098   000FFD                     TOSL            equ	4093	;# 
  1099   000FFE                     TOSH            equ	4094	;# 
  1100   000FFF                     TOSU            equ	4095	;# 
  1101   000F66                     UFRM            equ	3942	;# 
  1102   000F66                     UFRML           equ	3942	;# 
  1103   000F67                     UFRMH           equ	3943	;# 
  1104   000F68                     UIR             equ	3944	;# 
  1105   000F69                     UIE             equ	3945	;# 
  1106   000F6A                     UEIR            equ	3946	;# 
  1107   000F6B                     UEIE            equ	3947	;# 
  1108   000F6C                     USTAT           equ	3948	;# 
  1109   000F6D                     UCON            equ	3949	;# 
  1110   000F6E                     UADDR           equ	3950	;# 
  1111   000F6F                     UCFG            equ	3951	;# 
  1112   000F70                     UEP0            equ	3952	;# 
  1113   000F71                     UEP1            equ	3953	;# 
  1114   000F72                     UEP2            equ	3954	;# 
  1115   000F73                     UEP3            equ	3955	;# 
  1116   000F74                     UEP4            equ	3956	;# 
  1117   000F75                     UEP5            equ	3957	;# 
  1118   000F76                     UEP6            equ	3958	;# 
  1119   000F77                     UEP7            equ	3959	;# 
  1120   000F78                     UEP8            equ	3960	;# 
  1121   000F79                     UEP9            equ	3961	;# 
  1122   000F7A                     UEP10           equ	3962	;# 
  1123   000F7B                     UEP11           equ	3963	;# 
  1124   000F7C                     UEP12           equ	3964	;# 
  1125   000F7D                     UEP13           equ	3965	;# 
  1126   000F7E                     UEP14           equ	3966	;# 
  1127   000F7F                     UEP15           equ	3967	;# 
  1128   000F80                     PORTA           equ	3968	;# 
  1129   000F81                     PORTB           equ	3969	;# 
  1130   000F82                     PORTC           equ	3970	;# 
  1131   000F84                     PORTE           equ	3972	;# 
  1132   000F89                     LATA            equ	3977	;# 
  1133   000F8A                     LATB            equ	3978	;# 
  1134   000F8B                     LATC            equ	3979	;# 
  1135   000F92                     TRISA           equ	3986	;# 
  1136   000F92                     DDRA            equ	3986	;# 
  1137   000F93                     TRISB           equ	3987	;# 
  1138   000F93                     DDRB            equ	3987	;# 
  1139   000F94                     TRISC           equ	3988	;# 
  1140   000F94                     DDRC            equ	3988	;# 
  1141   000F9B                     OSCTUNE         equ	3995	;# 
  1142   000F9D                     PIE1            equ	3997	;# 
  1143   000F9E                     PIR1            equ	3998	;# 
  1144   000F9F                     IPR1            equ	3999	;# 
  1145   000FA0                     PIE2            equ	4000	;# 
  1146   000FA1                     PIR2            equ	4001	;# 
  1147   000FA2                     IPR2            equ	4002	;# 
  1148   000FA6                     EECON1          equ	4006	;# 
  1149   000FA7                     EECON2          equ	4007	;# 
  1150   000FA8                     EEDATA          equ	4008	;# 
  1151   000FA9                     EEADR           equ	4009	;# 
  1152   000FAB                     RCSTA           equ	4011	;# 
  1153   000FAB                     RCSTA1          equ	4011	;# 
  1154   000FAC                     TXSTA           equ	4012	;# 
  1155   000FAC                     TXSTA1          equ	4012	;# 
  1156   000FAD                     TXREG           equ	4013	;# 
  1157   000FAD                     TXREG1          equ	4013	;# 
  1158   000FAE                     RCREG           equ	4014	;# 
  1159   000FAE                     RCREG1          equ	4014	;# 
  1160   000FAF                     SPBRG           equ	4015	;# 
  1161   000FAF                     SPBRG1          equ	4015	;# 
  1162   000FB0                     SPBRGH          equ	4016	;# 
  1163   000FB1                     T3CON           equ	4017	;# 
  1164   000FB2                     TMR3            equ	4018	;# 
  1165   000FB2                     TMR3L           equ	4018	;# 
  1166   000FB3                     TMR3H           equ	4019	;# 
  1167   000FB4                     CMCON           equ	4020	;# 
  1168   000FB5                     CVRCON          equ	4021	;# 
  1169   000FB6                     ECCP1AS         equ	4022	;# 
  1170   000FB6                     CCP1AS          equ	4022	;# 
  1171   000FB7                     ECCP1DEL        equ	4023	;# 
  1172   000FB7                     CCP1DEL         equ	4023	;# 
  1173   000FB8                     BAUDCON         equ	4024	;# 
  1174   000FB8                     BAUDCTL         equ	4024	;# 
  1175   000FBA                     CCP2CON         equ	4026	;# 
  1176   000FBB                     CCPR2           equ	4027	;# 
  1177   000FBB                     CCPR2L          equ	4027	;# 
  1178   000FBC                     CCPR2H          equ	4028	;# 
  1179   000FBD                     CCP1CON         equ	4029	;# 
  1180   000FBE                     CCPR1           equ	4030	;# 
  1181   000FBE                     CCPR1L          equ	4030	;# 
  1182   000FBF                     CCPR1H          equ	4031	;# 
  1183   000FC0                     ADCON2          equ	4032	;# 
  1184   000FC1                     ADCON1          equ	4033	;# 
  1185   000FC2                     ADCON0          equ	4034	;# 
  1186   000FC3                     ADRES           equ	4035	;# 
  1187   000FC3                     ADRESL          equ	4035	;# 
  1188   000FC4                     ADRESH          equ	4036	;# 
  1189   000FC5                     SSPCON2         equ	4037	;# 
  1190   000FC6                     SSPCON1         equ	4038	;# 
  1191   000FC7                     SSPSTAT         equ	4039	;# 
  1192   000FC8                     SSPADD          equ	4040	;# 
  1193   000FC9                     SSPBUF          equ	4041	;# 
  1194   000FCA                     T2CON           equ	4042	;# 
  1195   000FCB                     PR2             equ	4043	;# 
  1196   000FCB                     MEMCON          equ	4043	;# 
  1197   000FCC                     TMR2            equ	4044	;# 
  1198   000FCD                     T1CON           equ	4045	;# 
  1199   000FCE                     TMR1            equ	4046	;# 
  1200   000FCE                     TMR1L           equ	4046	;# 
  1201   000FCF                     TMR1H           equ	4047	;# 
  1202   000FD0                     RCON            equ	4048	;# 
  1203   000FD1                     WDTCON          equ	4049	;# 
  1204   000FD2                     HLVDCON         equ	4050	;# 
  1205   000FD2                     LVDCON          equ	4050	;# 
  1206   000FD3                     OSCCON          equ	4051	;# 
  1207   000FD5                     T0CON           equ	4053	;# 
  1208   000FD6                     TMR0            equ	4054	;# 
  1209   000FD6                     TMR0L           equ	4054	;# 
  1210   000FD7                     TMR0H           equ	4055	;# 
  1211   000FD8                     STATUS          equ	4056	;# 
  1212   000FD9                     FSR2            equ	4057	;# 
  1213   000FD9                     FSR2L           equ	4057	;# 
  1214   000FDA                     FSR2H           equ	4058	;# 
  1215   000FDB                     PLUSW2          equ	4059	;# 
  1216   000FDC                     PREINC2         equ	4060	;# 
  1217   000FDD                     POSTDEC2        equ	4061	;# 
  1218   000FDE                     POSTINC2        equ	4062	;# 
  1219   000FDF                     INDF2           equ	4063	;# 
  1220   000FE0                     BSR             equ	4064	;# 
  1221   000FE1                     FSR1            equ	4065	;# 
  1222   000FE1                     FSR1L           equ	4065	;# 
  1223   000FE2                     FSR1H           equ	4066	;# 
  1224   000FE3                     PLUSW1          equ	4067	;# 
  1225   000FE4                     PREINC1         equ	4068	;# 
  1226   000FE5                     POSTDEC1        equ	4069	;# 
  1227   000FE6                     POSTINC1        equ	4070	;# 
  1228   000FE7                     INDF1           equ	4071	;# 
  1229   000FE8                     WREG            equ	4072	;# 
  1230   000FE9                     FSR0            equ	4073	;# 
  1231   000FE9                     FSR0L           equ	4073	;# 
  1232   000FEA                     FSR0H           equ	4074	;# 
  1233   000FEB                     PLUSW0          equ	4075	;# 
  1234   000FEC                     PREINC0         equ	4076	;# 
  1235   000FED                     POSTDEC0        equ	4077	;# 
  1236   000FEE                     POSTINC0        equ	4078	;# 
  1237   000FEF                     INDF0           equ	4079	;# 
  1238   000FF0                     INTCON3         equ	4080	;# 
  1239   000FF1                     INTCON2         equ	4081	;# 
  1240   000FF2                     INTCON          equ	4082	;# 
  1241   000FF3                     PROD            equ	4083	;# 
  1242   000FF3                     PRODL           equ	4083	;# 
  1243   000FF4                     PRODH           equ	4084	;# 
  1244   000FF5                     TABLAT          equ	4085	;# 
  1245   000FF6                     TBLPTR          equ	4086	;# 
  1246   000FF6                     TBLPTRL         equ	4086	;# 
  1247   000FF7                     TBLPTRH         equ	4087	;# 
  1248   000FF8                     TBLPTRU         equ	4088	;# 
  1249   000FF9                     PCLAT           equ	4089	;# 
  1250   000FF9                     PC              equ	4089	;# 
  1251   000FF9                     PCL             equ	4089	;# 
  1252   000FFA                     PCLATH          equ	4090	;# 
  1253   000FFB                     PCLATU          equ	4091	;# 
  1254   000FFC                     STKPTR          equ	4092	;# 
  1255   000FFD                     TOS             equ	4093	;# 
  1256   000FFD                     TOSL            equ	4093	;# 
  1257   000FFE                     TOSH            equ	4094	;# 
  1258   000FFF                     TOSU            equ	4095	;# 
  1259   000F66                     UFRM            equ	3942	;# 
  1260   000F66                     UFRML           equ	3942	;# 
  1261   000F67                     UFRMH           equ	3943	;# 
  1262   000F68                     UIR             equ	3944	;# 
  1263   000F69                     UIE             equ	3945	;# 
  1264   000F6A                     UEIR            equ	3946	;# 
  1265   000F6B                     UEIE            equ	3947	;# 
  1266   000F6C                     USTAT           equ	3948	;# 
  1267   000F6D                     UCON            equ	3949	;# 
  1268   000F6E                     UADDR           equ	3950	;# 
  1269   000F6F                     UCFG            equ	3951	;# 
  1270   000F70                     UEP0            equ	3952	;# 
  1271   000F71                     UEP1            equ	3953	;# 
  1272   000F72                     UEP2            equ	3954	;# 
  1273   000F73                     UEP3            equ	3955	;# 
  1274   000F74                     UEP4            equ	3956	;# 
  1275   000F75                     UEP5            equ	3957	;# 
  1276   000F76                     UEP6            equ	3958	;# 
  1277   000F77                     UEP7            equ	3959	;# 
  1278   000F78                     UEP8            equ	3960	;# 
  1279   000F79                     UEP9            equ	3961	;# 
  1280   000F7A                     UEP10           equ	3962	;# 
  1281   000F7B                     UEP11           equ	3963	;# 
  1282   000F7C                     UEP12           equ	3964	;# 
  1283   000F7D                     UEP13           equ	3965	;# 
  1284   000F7E                     UEP14           equ	3966	;# 
  1285   000F7F                     UEP15           equ	3967	;# 
  1286   000F80                     PORTA           equ	3968	;# 
  1287   000F81                     PORTB           equ	3969	;# 
  1288   000F82                     PORTC           equ	3970	;# 
  1289   000F84                     PORTE           equ	3972	;# 
  1290   000F89                     LATA            equ	3977	;# 
  1291   000F8A                     LATB            equ	3978	;# 
  1292   000F8B                     LATC            equ	3979	;# 
  1293   000F92                     TRISA           equ	3986	;# 
  1294   000F92                     DDRA            equ	3986	;# 
  1295   000F93                     TRISB           equ	3987	;# 
  1296   000F93                     DDRB            equ	3987	;# 
  1297   000F94                     TRISC           equ	3988	;# 
  1298   000F94                     DDRC            equ	3988	;# 
  1299   000F9B                     OSCTUNE         equ	3995	;# 
  1300   000F9D                     PIE1            equ	3997	;# 
  1301   000F9E                     PIR1            equ	3998	;# 
  1302   000F9F                     IPR1            equ	3999	;# 
  1303   000FA0                     PIE2            equ	4000	;# 
  1304   000FA1                     PIR2            equ	4001	;# 
  1305   000FA2                     IPR2            equ	4002	;# 
  1306   000FA6                     EECON1          equ	4006	;# 
  1307   000FA7                     EECON2          equ	4007	;# 
  1308   000FA8                     EEDATA          equ	4008	;# 
  1309   000FA9                     EEADR           equ	4009	;# 
  1310   000FAB                     RCSTA           equ	4011	;# 
  1311   000FAB                     RCSTA1          equ	4011	;# 
  1312   000FAC                     TXSTA           equ	4012	;# 
  1313   000FAC                     TXSTA1          equ	4012	;# 
  1314   000FAD                     TXREG           equ	4013	;# 
  1315   000FAD                     TXREG1          equ	4013	;# 
  1316   000FAE                     RCREG           equ	4014	;# 
  1317   000FAE                     RCREG1          equ	4014	;# 
  1318   000FAF                     SPBRG           equ	4015	;# 
  1319   000FAF                     SPBRG1          equ	4015	;# 
  1320   000FB0                     SPBRGH          equ	4016	;# 
  1321   000FB1                     T3CON           equ	4017	;# 
  1322   000FB2                     TMR3            equ	4018	;# 
  1323   000FB2                     TMR3L           equ	4018	;# 
  1324   000FB3                     TMR3H           equ	4019	;# 
  1325   000FB4                     CMCON           equ	4020	;# 
  1326   000FB5                     CVRCON          equ	4021	;# 
  1327   000FB6                     ECCP1AS         equ	4022	;# 
  1328   000FB6                     CCP1AS          equ	4022	;# 
  1329   000FB7                     ECCP1DEL        equ	4023	;# 
  1330   000FB7                     CCP1DEL         equ	4023	;# 
  1331   000FB8                     BAUDCON         equ	4024	;# 
  1332   000FB8                     BAUDCTL         equ	4024	;# 
  1333   000FBA                     CCP2CON         equ	4026	;# 
  1334   000FBB                     CCPR2           equ	4027	;# 
  1335   000FBB                     CCPR2L          equ	4027	;# 
  1336   000FBC                     CCPR2H          equ	4028	;# 
  1337   000FBD                     CCP1CON         equ	4029	;# 
  1338   000FBE                     CCPR1           equ	4030	;# 
  1339   000FBE                     CCPR1L          equ	4030	;# 
  1340   000FBF                     CCPR1H          equ	4031	;# 
  1341   000FC0                     ADCON2          equ	4032	;# 
  1342   000FC1                     ADCON1          equ	4033	;# 
  1343   000FC2                     ADCON0          equ	4034	;# 
  1344   000FC3                     ADRES           equ	4035	;# 
  1345   000FC3                     ADRESL          equ	4035	;# 
  1346   000FC4                     ADRESH          equ	4036	;# 
  1347   000FC5                     SSPCON2         equ	4037	;# 
  1348   000FC6                     SSPCON1         equ	4038	;# 
  1349   000FC7                     SSPSTAT         equ	4039	;# 
  1350   000FC8                     SSPADD          equ	4040	;# 
  1351   000FC9                     SSPBUF          equ	4041	;# 
  1352   000FCA                     T2CON           equ	4042	;# 
  1353   000FCB                     PR2             equ	4043	;# 
  1354   000FCB                     MEMCON          equ	4043	;# 
  1355   000FCC                     TMR2            equ	4044	;# 
  1356   000FCD                     T1CON           equ	4045	;# 
  1357   000FCE                     TMR1            equ	4046	;# 
  1358   000FCE                     TMR1L           equ	4046	;# 
  1359   000FCF                     TMR1H           equ	4047	;# 
  1360   000FD0                     RCON            equ	4048	;# 
  1361   000FD1                     WDTCON          equ	4049	;# 
  1362   000FD2                     HLVDCON         equ	4050	;# 
  1363   000FD2                     LVDCON          equ	4050	;# 
  1364   000FD3                     OSCCON          equ	4051	;# 
  1365   000FD5                     T0CON           equ	4053	;# 
  1366   000FD6                     TMR0            equ	4054	;# 
  1367   000FD6                     TMR0L           equ	4054	;# 
  1368   000FD7                     TMR0H           equ	4055	;# 
  1369   000FD8                     STATUS          equ	4056	;# 
  1370   000FD9                     FSR2            equ	4057	;# 
  1371   000FD9                     FSR2L           equ	4057	;# 
  1372   000FDA                     FSR2H           equ	4058	;# 
  1373   000FDB                     PLUSW2          equ	4059	;# 
  1374   000FDC                     PREINC2         equ	4060	;# 
  1375   000FDD                     POSTDEC2        equ	4061	;# 
  1376   000FDE                     POSTINC2        equ	4062	;# 
  1377   000FDF                     INDF2           equ	4063	;# 
  1378   000FE0                     BSR             equ	4064	;# 
  1379   000FE1                     FSR1            equ	4065	;# 
  1380   000FE1                     FSR1L           equ	4065	;# 
  1381   000FE2                     FSR1H           equ	4066	;# 
  1382   000FE3                     PLUSW1          equ	4067	;# 
  1383   000FE4                     PREINC1         equ	4068	;# 
  1384   000FE5                     POSTDEC1        equ	4069	;# 
  1385   000FE6                     POSTINC1        equ	4070	;# 
  1386   000FE7                     INDF1           equ	4071	;# 
  1387   000FE8                     WREG            equ	4072	;# 
  1388   000FE9                     FSR0            equ	4073	;# 
  1389   000FE9                     FSR0L           equ	4073	;# 
  1390   000FEA                     FSR0H           equ	4074	;# 
  1391   000FEB                     PLUSW0          equ	4075	;# 
  1392   000FEC                     PREINC0         equ	4076	;# 
  1393   000FED                     POSTDEC0        equ	4077	;# 
  1394   000FEE                     POSTINC0        equ	4078	;# 
  1395   000FEF                     INDF0           equ	4079	;# 
  1396   000FF0                     INTCON3         equ	4080	;# 
  1397   000FF1                     INTCON2         equ	4081	;# 
  1398   000FF2                     INTCON          equ	4082	;# 
  1399   000FF3                     PROD            equ	4083	;# 
  1400   000FF3                     PRODL           equ	4083	;# 
  1401   000FF4                     PRODH           equ	4084	;# 
  1402   000FF5                     TABLAT          equ	4085	;# 
  1403   000FF6                     TBLPTR          equ	4086	;# 
  1404   000FF6                     TBLPTRL         equ	4086	;# 
  1405   000FF7                     TBLPTRH         equ	4087	;# 
  1406   000FF8                     TBLPTRU         equ	4088	;# 
  1407   000FF9                     PCLAT           equ	4089	;# 
  1408   000FF9                     PC              equ	4089	;# 
  1409   000FF9                     PCL             equ	4089	;# 
  1410   000FFA                     PCLATH          equ	4090	;# 
  1411   000FFB                     PCLATU          equ	4091	;# 
  1412   000FFC                     STKPTR          equ	4092	;# 
  1413   000FFD                     TOS             equ	4093	;# 
  1414   000FFD                     TOSL            equ	4093	;# 
  1415   000FFE                     TOSH            equ	4094	;# 
  1416   000FFF                     TOSU            equ	4095	;# 
  1417   000F66                     UFRM            equ	3942	;# 
  1418   000F66                     UFRML           equ	3942	;# 
  1419   000F67                     UFRMH           equ	3943	;# 
  1420   000F68                     UIR             equ	3944	;# 
  1421   000F69                     UIE             equ	3945	;# 
  1422   000F6A                     UEIR            equ	3946	;# 
  1423   000F6B                     UEIE            equ	3947	;# 
  1424   000F6C                     USTAT           equ	3948	;# 
  1425   000F6D                     UCON            equ	3949	;# 
  1426   000F6E                     UADDR           equ	3950	;# 
  1427   000F6F                     UCFG            equ	3951	;# 
  1428   000F70                     UEP0            equ	3952	;# 
  1429   000F71                     UEP1            equ	3953	;# 
  1430   000F72                     UEP2            equ	3954	;# 
  1431   000F73                     UEP3            equ	3955	;# 
  1432   000F74                     UEP4            equ	3956	;# 
  1433   000F75                     UEP5            equ	3957	;# 
  1434   000F76                     UEP6            equ	3958	;# 
  1435   000F77                     UEP7            equ	3959	;# 
  1436   000F78                     UEP8            equ	3960	;# 
  1437   000F79                     UEP9            equ	3961	;# 
  1438   000F7A                     UEP10           equ	3962	;# 
  1439   000F7B                     UEP11           equ	3963	;# 
  1440   000F7C                     UEP12           equ	3964	;# 
  1441   000F7D                     UEP13           equ	3965	;# 
  1442   000F7E                     UEP14           equ	3966	;# 
  1443   000F7F                     UEP15           equ	3967	;# 
  1444   000F80                     PORTA           equ	3968	;# 
  1445   000F81                     PORTB           equ	3969	;# 
  1446   000F82                     PORTC           equ	3970	;# 
  1447   000F84                     PORTE           equ	3972	;# 
  1448   000F89                     LATA            equ	3977	;# 
  1449   000F8A                     LATB            equ	3978	;# 
  1450   000F8B                     LATC            equ	3979	;# 
  1451   000F92                     TRISA           equ	3986	;# 
  1452   000F92                     DDRA            equ	3986	;# 
  1453   000F93                     TRISB           equ	3987	;# 
  1454   000F93                     DDRB            equ	3987	;# 
  1455   000F94                     TRISC           equ	3988	;# 
  1456   000F94                     DDRC            equ	3988	;# 
  1457   000F9B                     OSCTUNE         equ	3995	;# 
  1458   000F9D                     PIE1            equ	3997	;# 
  1459   000F9E                     PIR1            equ	3998	;# 
  1460   000F9F                     IPR1            equ	3999	;# 
  1461   000FA0                     PIE2            equ	4000	;# 
  1462   000FA1                     PIR2            equ	4001	;# 
  1463   000FA2                     IPR2            equ	4002	;# 
  1464   000FA6                     EECON1          equ	4006	;# 
  1465   000FA7                     EECON2          equ	4007	;# 
  1466   000FA8                     EEDATA          equ	4008	;# 
  1467   000FA9                     EEADR           equ	4009	;# 
  1468   000FAB                     RCSTA           equ	4011	;# 
  1469   000FAB                     RCSTA1          equ	4011	;# 
  1470   000FAC                     TXSTA           equ	4012	;# 
  1471   000FAC                     TXSTA1          equ	4012	;# 
  1472   000FAD                     TXREG           equ	4013	;# 
  1473   000FAD                     TXREG1          equ	4013	;# 
  1474   000FAE                     RCREG           equ	4014	;# 
  1475   000FAE                     RCREG1          equ	4014	;# 
  1476   000FAF                     SPBRG           equ	4015	;# 
  1477   000FAF                     SPBRG1          equ	4015	;# 
  1478   000FB0                     SPBRGH          equ	4016	;# 
  1479   000FB1                     T3CON           equ	4017	;# 
  1480   000FB2                     TMR3            equ	4018	;# 
  1481   000FB2                     TMR3L           equ	4018	;# 
  1482   000FB3                     TMR3H           equ	4019	;# 
  1483   000FB4                     CMCON           equ	4020	;# 
  1484   000FB5                     CVRCON          equ	4021	;# 
  1485   000FB6                     ECCP1AS         equ	4022	;# 
  1486   000FB6                     CCP1AS          equ	4022	;# 
  1487   000FB7                     ECCP1DEL        equ	4023	;# 
  1488   000FB7                     CCP1DEL         equ	4023	;# 
  1489   000FB8                     BAUDCON         equ	4024	;# 
  1490   000FB8                     BAUDCTL         equ	4024	;# 
  1491   000FBA                     CCP2CON         equ	4026	;# 
  1492   000FBB                     CCPR2           equ	4027	;# 
  1493   000FBB                     CCPR2L          equ	4027	;# 
  1494   000FBC                     CCPR2H          equ	4028	;# 
  1495   000FBD                     CCP1CON         equ	4029	;# 
  1496   000FBE                     CCPR1           equ	4030	;# 
  1497   000FBE                     CCPR1L          equ	4030	;# 
  1498   000FBF                     CCPR1H          equ	4031	;# 
  1499   000FC0                     ADCON2          equ	4032	;# 
  1500   000FC1                     ADCON1          equ	4033	;# 
  1501   000FC2                     ADCON0          equ	4034	;# 
  1502   000FC3                     ADRES           equ	4035	;# 
  1503   000FC3                     ADRESL          equ	4035	;# 
  1504   000FC4                     ADRESH          equ	4036	;# 
  1505   000FC5                     SSPCON2         equ	4037	;# 
  1506   000FC6                     SSPCON1         equ	4038	;# 
  1507   000FC7                     SSPSTAT         equ	4039	;# 
  1508   000FC8                     SSPADD          equ	4040	;# 
  1509   000FC9                     SSPBUF          equ	4041	;# 
  1510   000FCA                     T2CON           equ	4042	;# 
  1511   000FCB                     PR2             equ	4043	;# 
  1512   000FCB                     MEMCON          equ	4043	;# 
  1513   000FCC                     TMR2            equ	4044	;# 
  1514   000FCD                     T1CON           equ	4045	;# 
  1515   000FCE                     TMR1            equ	4046	;# 
  1516   000FCE                     TMR1L           equ	4046	;# 
  1517   000FCF                     TMR1H           equ	4047	;# 
  1518   000FD0                     RCON            equ	4048	;# 
  1519   000FD1                     WDTCON          equ	4049	;# 
  1520   000FD2                     HLVDCON         equ	4050	;# 
  1521   000FD2                     LVDCON          equ	4050	;# 
  1522   000FD3                     OSCCON          equ	4051	;# 
  1523   000FD5                     T0CON           equ	4053	;# 
  1524   000FD6                     TMR0            equ	4054	;# 
  1525   000FD6                     TMR0L           equ	4054	;# 
  1526   000FD7                     TMR0H           equ	4055	;# 
  1527   000FD8                     STATUS          equ	4056	;# 
  1528   000FD9                     FSR2            equ	4057	;# 
  1529   000FD9                     FSR2L           equ	4057	;# 
  1530   000FDA                     FSR2H           equ	4058	;# 
  1531   000FDB                     PLUSW2          equ	4059	;# 
  1532   000FDC                     PREINC2         equ	4060	;# 
  1533   000FDD                     POSTDEC2        equ	4061	;# 
  1534   000FDE                     POSTINC2        equ	4062	;# 
  1535   000FDF                     INDF2           equ	4063	;# 
  1536   000FE0                     BSR             equ	4064	;# 
  1537   000FE1                     FSR1            equ	4065	;# 
  1538   000FE1                     FSR1L           equ	4065	;# 
  1539   000FE2                     FSR1H           equ	4066	;# 
  1540   000FE3                     PLUSW1          equ	4067	;# 
  1541   000FE4                     PREINC1         equ	4068	;# 
  1542   000FE5                     POSTDEC1        equ	4069	;# 
  1543   000FE6                     POSTINC1        equ	4070	;# 
  1544   000FE7                     INDF1           equ	4071	;# 
  1545   000FE8                     WREG            equ	4072	;# 
  1546   000FE9                     FSR0            equ	4073	;# 
  1547   000FE9                     FSR0L           equ	4073	;# 
  1548   000FEA                     FSR0H           equ	4074	;# 
  1549   000FEB                     PLUSW0          equ	4075	;# 
  1550   000FEC                     PREINC0         equ	4076	;# 
  1551   000FED                     POSTDEC0        equ	4077	;# 
  1552   000FEE                     POSTINC0        equ	4078	;# 
  1553   000FEF                     INDF0           equ	4079	;# 
  1554   000FF0                     INTCON3         equ	4080	;# 
  1555   000FF1                     INTCON2         equ	4081	;# 
  1556   000FF2                     INTCON          equ	4082	;# 
  1557   000FF3                     PROD            equ	4083	;# 
  1558   000FF3                     PRODL           equ	4083	;# 
  1559   000FF4                     PRODH           equ	4084	;# 
  1560   000FF5                     TABLAT          equ	4085	;# 
  1561   000FF6                     TBLPTR          equ	4086	;# 
  1562   000FF6                     TBLPTRL         equ	4086	;# 
  1563   000FF7                     TBLPTRH         equ	4087	;# 
  1564   000FF8                     TBLPTRU         equ	4088	;# 
  1565   000FF9                     PCLAT           equ	4089	;# 
  1566   000FF9                     PC              equ	4089	;# 
  1567   000FF9                     PCL             equ	4089	;# 
  1568   000FFA                     PCLATH          equ	4090	;# 
  1569   000FFB                     PCLATU          equ	4091	;# 
  1570   000FFC                     STKPTR          equ	4092	;# 
  1571   000FFD                     TOS             equ	4093	;# 
  1572   000FFD                     TOSL            equ	4093	;# 
  1573   000FFE                     TOSH            equ	4094	;# 
  1574   000FFF                     TOSU            equ	4095	;# 
  1575   000F66                     UFRM            equ	3942	;# 
  1576   000F66                     UFRML           equ	3942	;# 
  1577   000F67                     UFRMH           equ	3943	;# 
  1578   000F68                     UIR             equ	3944	;# 
  1579   000F69                     UIE             equ	3945	;# 
  1580   000F6A                     UEIR            equ	3946	;# 
  1581   000F6B                     UEIE            equ	3947	;# 
  1582   000F6C                     USTAT           equ	3948	;# 
  1583   000F6D                     UCON            equ	3949	;# 
  1584   000F6E                     UADDR           equ	3950	;# 
  1585   000F6F                     UCFG            equ	3951	;# 
  1586   000F70                     UEP0            equ	3952	;# 
  1587   000F71                     UEP1            equ	3953	;# 
  1588   000F72                     UEP2            equ	3954	;# 
  1589   000F73                     UEP3            equ	3955	;# 
  1590   000F74                     UEP4            equ	3956	;# 
  1591   000F75                     UEP5            equ	3957	;# 
  1592   000F76                     UEP6            equ	3958	;# 
  1593   000F77                     UEP7            equ	3959	;# 
  1594   000F78                     UEP8            equ	3960	;# 
  1595   000F79                     UEP9            equ	3961	;# 
  1596   000F7A                     UEP10           equ	3962	;# 
  1597   000F7B                     UEP11           equ	3963	;# 
  1598   000F7C                     UEP12           equ	3964	;# 
  1599   000F7D                     UEP13           equ	3965	;# 
  1600   000F7E                     UEP14           equ	3966	;# 
  1601   000F7F                     UEP15           equ	3967	;# 
  1602   000F80                     PORTA           equ	3968	;# 
  1603   000F81                     PORTB           equ	3969	;# 
  1604   000F82                     PORTC           equ	3970	;# 
  1605   000F84                     PORTE           equ	3972	;# 
  1606   000F89                     LATA            equ	3977	;# 
  1607   000F8A                     LATB            equ	3978	;# 
  1608   000F8B                     LATC            equ	3979	;# 
  1609   000F92                     TRISA           equ	3986	;# 
  1610   000F92                     DDRA            equ	3986	;# 
  1611   000F93                     TRISB           equ	3987	;# 
  1612   000F93                     DDRB            equ	3987	;# 
  1613   000F94                     TRISC           equ	3988	;# 
  1614   000F94                     DDRC            equ	3988	;# 
  1615   000F9B                     OSCTUNE         equ	3995	;# 
  1616   000F9D                     PIE1            equ	3997	;# 
  1617   000F9E                     PIR1            equ	3998	;# 
  1618   000F9F                     IPR1            equ	3999	;# 
  1619   000FA0                     PIE2            equ	4000	;# 
  1620   000FA1                     PIR2            equ	4001	;# 
  1621   000FA2                     IPR2            equ	4002	;# 
  1622   000FA6                     EECON1          equ	4006	;# 
  1623   000FA7                     EECON2          equ	4007	;# 
  1624   000FA8                     EEDATA          equ	4008	;# 
  1625   000FA9                     EEADR           equ	4009	;# 
  1626   000FAB                     RCSTA           equ	4011	;# 
  1627   000FAB                     RCSTA1          equ	4011	;# 
  1628   000FAC                     TXSTA           equ	4012	;# 
  1629   000FAC                     TXSTA1          equ	4012	;# 
  1630   000FAD                     TXREG           equ	4013	;# 
  1631   000FAD                     TXREG1          equ	4013	;# 
  1632   000FAE                     RCREG           equ	4014	;# 
  1633   000FAE                     RCREG1          equ	4014	;# 
  1634   000FAF                     SPBRG           equ	4015	;# 
  1635   000FAF                     SPBRG1          equ	4015	;# 
  1636   000FB0                     SPBRGH          equ	4016	;# 
  1637   000FB1                     T3CON           equ	4017	;# 
  1638   000FB2                     TMR3            equ	4018	;# 
  1639   000FB2                     TMR3L           equ	4018	;# 
  1640   000FB3                     TMR3H           equ	4019	;# 
  1641   000FB4                     CMCON           equ	4020	;# 
  1642   000FB5                     CVRCON          equ	4021	;# 
  1643   000FB6                     ECCP1AS         equ	4022	;# 
  1644   000FB6                     CCP1AS          equ	4022	;# 
  1645   000FB7                     ECCP1DEL        equ	4023	;# 
  1646   000FB7                     CCP1DEL         equ	4023	;# 
  1647   000FB8                     BAUDCON         equ	4024	;# 
  1648   000FB8                     BAUDCTL         equ	4024	;# 
  1649   000FBA                     CCP2CON         equ	4026	;# 
  1650   000FBB                     CCPR2           equ	4027	;# 
  1651   000FBB                     CCPR2L          equ	4027	;# 
  1652   000FBC                     CCPR2H          equ	4028	;# 
  1653   000FBD                     CCP1CON         equ	4029	;# 
  1654   000FBE                     CCPR1           equ	4030	;# 
  1655   000FBE                     CCPR1L          equ	4030	;# 
  1656   000FBF                     CCPR1H          equ	4031	;# 
  1657   000FC0                     ADCON2          equ	4032	;# 
  1658   000FC1                     ADCON1          equ	4033	;# 
  1659   000FC2                     ADCON0          equ	4034	;# 
  1660   000FC3                     ADRES           equ	4035	;# 
  1661   000FC3                     ADRESL          equ	4035	;# 
  1662   000FC4                     ADRESH          equ	4036	;# 
  1663   000FC5                     SSPCON2         equ	4037	;# 
  1664   000FC6                     SSPCON1         equ	4038	;# 
  1665   000FC7                     SSPSTAT         equ	4039	;# 
  1666   000FC8                     SSPADD          equ	4040	;# 
  1667   000FC9                     SSPBUF          equ	4041	;# 
  1668   000FCA                     T2CON           equ	4042	;# 
  1669   000FCB                     PR2             equ	4043	;# 
  1670   000FCB                     MEMCON          equ	4043	;# 
  1671   000FCC                     TMR2            equ	4044	;# 
  1672   000FCD                     T1CON           equ	4045	;# 
  1673   000FCE                     TMR1            equ	4046	;# 
  1674   000FCE                     TMR1L           equ	4046	;# 
  1675   000FCF                     TMR1H           equ	4047	;# 
  1676   000FD0                     RCON            equ	4048	;# 
  1677   000FD1                     WDTCON          equ	4049	;# 
  1678   000FD2                     HLVDCON         equ	4050	;# 
  1679   000FD2                     LVDCON          equ	4050	;# 
  1680   000FD3                     OSCCON          equ	4051	;# 
  1681   000FD5                     T0CON           equ	4053	;# 
  1682   000FD6                     TMR0            equ	4054	;# 
  1683   000FD6                     TMR0L           equ	4054	;# 
  1684   000FD7                     TMR0H           equ	4055	;# 
  1685   000FD8                     STATUS          equ	4056	;# 
  1686   000FD9                     FSR2            equ	4057	;# 
  1687   000FD9                     FSR2L           equ	4057	;# 
  1688   000FDA                     FSR2H           equ	4058	;# 
  1689   000FDB                     PLUSW2          equ	4059	;# 
  1690   000FDC                     PREINC2         equ	4060	;# 
  1691   000FDD                     POSTDEC2        equ	4061	;# 
  1692   000FDE                     POSTINC2        equ	4062	;# 
  1693   000FDF                     INDF2           equ	4063	;# 
  1694   000FE0                     BSR             equ	4064	;# 
  1695   000FE1                     FSR1            equ	4065	;# 
  1696   000FE1                     FSR1L           equ	4065	;# 
  1697   000FE2                     FSR1H           equ	4066	;# 
  1698   000FE3                     PLUSW1          equ	4067	;# 
  1699   000FE4                     PREINC1         equ	4068	;# 
  1700   000FE5                     POSTDEC1        equ	4069	;# 
  1701   000FE6                     POSTINC1        equ	4070	;# 
  1702   000FE7                     INDF1           equ	4071	;# 
  1703   000FE8                     WREG            equ	4072	;# 
  1704   000FE9                     FSR0            equ	4073	;# 
  1705   000FE9                     FSR0L           equ	4073	;# 
  1706   000FEA                     FSR0H           equ	4074	;# 
  1707   000FEB                     PLUSW0          equ	4075	;# 
  1708   000FEC                     PREINC0         equ	4076	;# 
  1709   000FED                     POSTDEC0        equ	4077	;# 
  1710   000FEE                     POSTINC0        equ	4078	;# 
  1711   000FEF                     INDF0           equ	4079	;# 
  1712   000FF0                     INTCON3         equ	4080	;# 
  1713   000FF1                     INTCON2         equ	4081	;# 
  1714   000FF2                     INTCON          equ	4082	;# 
  1715   000FF3                     PROD            equ	4083	;# 
  1716   000FF3                     PRODL           equ	4083	;# 
  1717   000FF4                     PRODH           equ	4084	;# 
  1718   000FF5                     TABLAT          equ	4085	;# 
  1719   000FF6                     TBLPTR          equ	4086	;# 
  1720   000FF6                     TBLPTRL         equ	4086	;# 
  1721   000FF7                     TBLPTRH         equ	4087	;# 
  1722   000FF8                     TBLPTRU         equ	4088	;# 
  1723   000FF9                     PCLAT           equ	4089	;# 
  1724   000FF9                     PC              equ	4089	;# 
  1725   000FF9                     PCL             equ	4089	;# 
  1726   000FFA                     PCLATH          equ	4090	;# 
  1727   000FFB                     PCLATU          equ	4091	;# 
  1728   000FFC                     STKPTR          equ	4092	;# 
  1729   000FFD                     TOS             equ	4093	;# 
  1730   000FFD                     TOSL            equ	4093	;# 
  1731   000FFE                     TOSH            equ	4094	;# 
  1732   000FFF                     TOSU            equ	4095	;# 
  1733   000F66                     UFRM            equ	3942	;# 
  1734   000F66                     UFRML           equ	3942	;# 
  1735   000F67                     UFRMH           equ	3943	;# 
  1736   000F68                     UIR             equ	3944	;# 
  1737   000F69                     UIE             equ	3945	;# 
  1738   000F6A                     UEIR            equ	3946	;# 
  1739   000F6B                     UEIE            equ	3947	;# 
  1740   000F6C                     USTAT           equ	3948	;# 
  1741   000F6D                     UCON            equ	3949	;# 
  1742   000F6E                     UADDR           equ	3950	;# 
  1743   000F6F                     UCFG            equ	3951	;# 
  1744   000F70                     UEP0            equ	3952	;# 
  1745   000F71                     UEP1            equ	3953	;# 
  1746   000F72                     UEP2            equ	3954	;# 
  1747   000F73                     UEP3            equ	3955	;# 
  1748   000F74                     UEP4            equ	3956	;# 
  1749   000F75                     UEP5            equ	3957	;# 
  1750   000F76                     UEP6            equ	3958	;# 
  1751   000F77                     UEP7            equ	3959	;# 
  1752   000F78                     UEP8            equ	3960	;# 
  1753   000F79                     UEP9            equ	3961	;# 
  1754   000F7A                     UEP10           equ	3962	;# 
  1755   000F7B                     UEP11           equ	3963	;# 
  1756   000F7C                     UEP12           equ	3964	;# 
  1757   000F7D                     UEP13           equ	3965	;# 
  1758   000F7E                     UEP14           equ	3966	;# 
  1759   000F7F                     UEP15           equ	3967	;# 
  1760   000F80                     PORTA           equ	3968	;# 
  1761   000F81                     PORTB           equ	3969	;# 
  1762   000F82                     PORTC           equ	3970	;# 
  1763   000F84                     PORTE           equ	3972	;# 
  1764   000F89                     LATA            equ	3977	;# 
  1765   000F8A                     LATB            equ	3978	;# 
  1766   000F8B                     LATC            equ	3979	;# 
  1767   000F92                     TRISA           equ	3986	;# 
  1768   000F92                     DDRA            equ	3986	;# 
  1769   000F93                     TRISB           equ	3987	;# 
  1770   000F93                     DDRB            equ	3987	;# 
  1771   000F94                     TRISC           equ	3988	;# 
  1772   000F94                     DDRC            equ	3988	;# 
  1773   000F9B                     OSCTUNE         equ	3995	;# 
  1774   000F9D                     PIE1            equ	3997	;# 
  1775   000F9E                     PIR1            equ	3998	;# 
  1776   000F9F                     IPR1            equ	3999	;# 
  1777   000FA0                     PIE2            equ	4000	;# 
  1778   000FA1                     PIR2            equ	4001	;# 
  1779   000FA2                     IPR2            equ	4002	;# 
  1780   000FA6                     EECON1          equ	4006	;# 
  1781   000FA7                     EECON2          equ	4007	;# 
  1782   000FA8                     EEDATA          equ	4008	;# 
  1783   000FA9                     EEADR           equ	4009	;# 
  1784   000FAB                     RCSTA           equ	4011	;# 
  1785   000FAB                     RCSTA1          equ	4011	;# 
  1786   000FAC                     TXSTA           equ	4012	;# 
  1787   000FAC                     TXSTA1          equ	4012	;# 
  1788   000FAD                     TXREG           equ	4013	;# 
  1789   000FAD                     TXREG1          equ	4013	;# 
  1790   000FAE                     RCREG           equ	4014	;# 
  1791   000FAE                     RCREG1          equ	4014	;# 
  1792   000FAF                     SPBRG           equ	4015	;# 
  1793   000FAF                     SPBRG1          equ	4015	;# 
  1794   000FB0                     SPBRGH          equ	4016	;# 
  1795   000FB1                     T3CON           equ	4017	;# 
  1796   000FB2                     TMR3            equ	4018	;# 
  1797   000FB2                     TMR3L           equ	4018	;# 
  1798   000FB3                     TMR3H           equ	4019	;# 
  1799   000FB4                     CMCON           equ	4020	;# 
  1800   000FB5                     CVRCON          equ	4021	;# 
  1801   000FB6                     ECCP1AS         equ	4022	;# 
  1802   000FB6                     CCP1AS          equ	4022	;# 
  1803   000FB7                     ECCP1DEL        equ	4023	;# 
  1804   000FB7                     CCP1DEL         equ	4023	;# 
  1805   000FB8                     BAUDCON         equ	4024	;# 
  1806   000FB8                     BAUDCTL         equ	4024	;# 
  1807   000FBA                     CCP2CON         equ	4026	;# 
  1808   000FBB                     CCPR2           equ	4027	;# 
  1809   000FBB                     CCPR2L          equ	4027	;# 
  1810   000FBC                     CCPR2H          equ	4028	;# 
  1811   000FBD                     CCP1CON         equ	4029	;# 
  1812   000FBE                     CCPR1           equ	4030	;# 
  1813   000FBE                     CCPR1L          equ	4030	;# 
  1814   000FBF                     CCPR1H          equ	4031	;# 
  1815   000FC0                     ADCON2          equ	4032	;# 
  1816   000FC1                     ADCON1          equ	4033	;# 
  1817   000FC2                     ADCON0          equ	4034	;# 
  1818   000FC3                     ADRES           equ	4035	;# 
  1819   000FC3                     ADRESL          equ	4035	;# 
  1820   000FC4                     ADRESH          equ	4036	;# 
  1821   000FC5                     SSPCON2         equ	4037	;# 
  1822   000FC6                     SSPCON1         equ	4038	;# 
  1823   000FC7                     SSPSTAT         equ	4039	;# 
  1824   000FC8                     SSPADD          equ	4040	;# 
  1825   000FC9                     SSPBUF          equ	4041	;# 
  1826   000FCA                     T2CON           equ	4042	;# 
  1827   000FCB                     PR2             equ	4043	;# 
  1828   000FCB                     MEMCON          equ	4043	;# 
  1829   000FCC                     TMR2            equ	4044	;# 
  1830   000FCD                     T1CON           equ	4045	;# 
  1831   000FCE                     TMR1            equ	4046	;# 
  1832   000FCE                     TMR1L           equ	4046	;# 
  1833   000FCF                     TMR1H           equ	4047	;# 
  1834   000FD0                     RCON            equ	4048	;# 
  1835   000FD1                     WDTCON          equ	4049	;# 
  1836   000FD2                     HLVDCON         equ	4050	;# 
  1837   000FD2                     LVDCON          equ	4050	;# 
  1838   000FD3                     OSCCON          equ	4051	;# 
  1839   000FD5                     T0CON           equ	4053	;# 
  1840   000FD6                     TMR0            equ	4054	;# 
  1841   000FD6                     TMR0L           equ	4054	;# 
  1842   000FD7                     TMR0H           equ	4055	;# 
  1843   000FD8                     STATUS          equ	4056	;# 
  1844   000FD9                     FSR2            equ	4057	;# 
  1845   000FD9                     FSR2L           equ	4057	;# 
  1846   000FDA                     FSR2H           equ	4058	;# 
  1847   000FDB                     PLUSW2          equ	4059	;# 
  1848   000FDC                     PREINC2         equ	4060	;# 
  1849   000FDD                     POSTDEC2        equ	4061	;# 
  1850   000FDE                     POSTINC2        equ	4062	;# 
  1851   000FDF                     INDF2           equ	4063	;# 
  1852   000FE0                     BSR             equ	4064	;# 
  1853   000FE1                     FSR1            equ	4065	;# 
  1854   000FE1                     FSR1L           equ	4065	;# 
  1855   000FE2                     FSR1H           equ	4066	;# 
  1856   000FE3                     PLUSW1          equ	4067	;# 
  1857   000FE4                     PREINC1         equ	4068	;# 
  1858   000FE5                     POSTDEC1        equ	4069	;# 
  1859   000FE6                     POSTINC1        equ	4070	;# 
  1860   000FE7                     INDF1           equ	4071	;# 
  1861   000FE8                     WREG            equ	4072	;# 
  1862   000FE9                     FSR0            equ	4073	;# 
  1863   000FE9                     FSR0L           equ	4073	;# 
  1864   000FEA                     FSR0H           equ	4074	;# 
  1865   000FEB                     PLUSW0          equ	4075	;# 
  1866   000FEC                     PREINC0         equ	4076	;# 
  1867   000FED                     POSTDEC0        equ	4077	;# 
  1868   000FEE                     POSTINC0        equ	4078	;# 
  1869   000FEF                     INDF0           equ	4079	;# 
  1870   000FF0                     INTCON3         equ	4080	;# 
  1871   000FF1                     INTCON2         equ	4081	;# 
  1872   000FF2                     INTCON          equ	4082	;# 
  1873   000FF3                     PROD            equ	4083	;# 
  1874   000FF3                     PRODL           equ	4083	;# 
  1875   000FF4                     PRODH           equ	4084	;# 
  1876   000FF5                     TABLAT          equ	4085	;# 
  1877   000FF6                     TBLPTR          equ	4086	;# 
  1878   000FF6                     TBLPTRL         equ	4086	;# 
  1879   000FF7                     TBLPTRH         equ	4087	;# 
  1880   000FF8                     TBLPTRU         equ	4088	;# 
  1881   000FF9                     PCLAT           equ	4089	;# 
  1882   000FF9                     PC              equ	4089	;# 
  1883   000FF9                     PCL             equ	4089	;# 
  1884   000FFA                     PCLATH          equ	4090	;# 
  1885   000FFB                     PCLATU          equ	4091	;# 
  1886   000FFC                     STKPTR          equ	4092	;# 
  1887   000FFD                     TOS             equ	4093	;# 
  1888   000FFD                     TOSL            equ	4093	;# 
  1889   000FFE                     TOSH            equ	4094	;# 
  1890   000FFF                     TOSU            equ	4095	;# 
  1891                           
  1892                           	psect	mediumconst
  1893   007EEE                     __pmediumconst:
  1894                           	callstack 0
  1895   007EEE  00                 	db	0
  1896   007EEF                     _encoder_table:
  1897                           	callstack 0
  1898   007EEF  00                 	db	0
  1899   007EF0  FF                 	db	255
  1900   007EF1  01                 	db	1
  1901   007EF2  00                 	db	0
  1902   007EF3  01                 	db	1
  1903   007EF4  00                 	db	0
  1904   007EF5  00                 	db	0
  1905   007EF6  FF                 	db	255
  1906   007EF7  FF                 	db	255
  1907   007EF8  00                 	db	0
  1908   007EF9  00                 	db	0
  1909   007EFA  01                 	db	1
  1910   007EFB  00                 	db	0
  1911   007EFC  01                 	db	1
  1912   007EFD  FF                 	db	255
  1913   007EFE  00                 	db	0
  1914   007EFF                     __end_of_encoder_table:
  1915                           	callstack 0
  1916   007EFF                     _USB_SD_Ptr:
  1917                           	callstack 0
  1918   007EFF  FA                 	db	low _sd000
  1919   007F00  7F                 	db	high _sd000
  1920   007F01  6F                 	db	low _sd001
  1921   007F02  7F                 	db	high _sd001
  1922   007F03  CC                 	db	low _sd002
  1923   007F04  7F                 	db	high _sd002
  1924   007F05                     __end_of_USB_SD_Ptr:
  1925                           	callstack 0
  1926   007F05                     _USB_CD_Ptr:
  1927                           	callstack 0
  1928   007F05  A3                 	db	low _configDescriptor1
  1929   007F06  7F                 	db	high _configDescriptor1
  1930   007F07                     __end_of_USB_CD_Ptr:
  1931                           	callstack 0
  1932   007F07                     _hid_rpt01:
  1933                           	callstack 0
  1934   007F07  05                 	db	5
  1935   007F08  01                 	db	1
  1936   007F09  09                 	db	9
  1937   007F0A  06                 	db	6
  1938   007F0B  A1                 	db	161
  1939   007F0C  01                 	db	1
  1940   007F0D  85                 	db	133
  1941   007F0E  01                 	db	1
  1942   007F0F  05                 	db	5
  1943   007F10  07                 	db	7
  1944   007F11  19                 	db	25
  1945   007F12  E0                 	db	224
  1946   007F13  29                 	db	41
  1947   007F14  E7                 	db	231
  1948   007F15  15                 	db	21
  1949   007F16  00                 	db	0
  1950   007F17  25                 	db	37
  1951   007F18  01                 	db	1
  1952   007F19  75                 	db	117
  1953   007F1A  01                 	db	1
  1954   007F1B  95                 	db	149
  1955   007F1C  08                 	db	8
  1956   007F1D  81                 	db	129
  1957   007F1E  02                 	db	2
  1958   007F1F  95                 	db	149
  1959   007F20  01                 	db	1
  1960   007F21  75                 	db	117
  1961   007F22  08                 	db	8
  1962   007F23  81                 	db	129
  1963   007F24  03                 	db	3
  1964   007F25  95                 	db	149
  1965   007F26  05                 	db	5
  1966   007F27  75                 	db	117
  1967   007F28  01                 	db	1
  1968   007F29  05                 	db	5
  1969   007F2A  08                 	db	8
  1970   007F2B  19                 	db	25
  1971   007F2C  01                 	db	1
  1972   007F2D  29                 	db	41
  1973   007F2E  05                 	db	5
  1974   007F2F  91                 	db	145
  1975   007F30  02                 	db	2
  1976   007F31  95                 	db	149
  1977   007F32  01                 	db	1
  1978   007F33  75                 	db	117
  1979   007F34  03                 	db	3
  1980   007F35  91                 	db	145
  1981   007F36  03                 	db	3
  1982   007F37  95                 	db	149
  1983   007F38  06                 	db	6
  1984   007F39  75                 	db	117
  1985   007F3A  08                 	db	8
  1986   007F3B  15                 	db	21
  1987   007F3C  00                 	db	0
  1988   007F3D  25                 	db	37
  1989   007F3E  65                 	db	101
  1990   007F3F  05                 	db	5
  1991   007F40  07                 	db	7
  1992   007F41  19                 	db	25
  1993   007F42  00                 	db	0
  1994   007F43  29                 	db	41
  1995   007F44  65                 	db	101
  1996   007F45  81                 	db	129
  1997   007F46  00                 	db	0
  1998   007F47  C0                 	db	192
  1999   007F48  05                 	db	5
  2000   007F49  0C                 	db	12
  2001   007F4A  09                 	db	9
  2002   007F4B  01                 	db	1
  2003   007F4C  A1                 	db	161
  2004   007F4D  01                 	db	1
  2005   007F4E  85                 	db	133
  2006   007F4F  02                 	db	2
  2007   007F50  05                 	db	5
  2008   007F51  0C                 	db	12
  2009   007F52  15                 	db	21
  2010   007F53  00                 	db	0
  2011   007F54  25                 	db	37
  2012   007F55  01                 	db	1
  2013   007F56  75                 	db	117
  2014   007F57  01                 	db	1
  2015   007F58  95                 	db	149
  2016   007F59  07                 	db	7
  2017   007F5A  09                 	db	9
  2018   007F5B  B5                 	db	181
  2019   007F5C  09                 	db	9
  2020   007F5D  B6                 	db	182
  2021   007F5E  09                 	db	9
  2022   007F5F  B7                 	db	183
  2023   007F60  09                 	db	9
  2024   007F61  CD                 	db	205
  2025   007F62  09                 	db	9
  2026   007F63  E2                 	db	226
  2027   007F64  09                 	db	9
  2028   007F65  E9                 	db	233
  2029   007F66  09                 	db	9
  2030   007F67  EA                 	db	234
  2031   007F68  81                 	db	129
  2032   007F69  02                 	db	2
  2033   007F6A  95                 	db	149
  2034   007F6B  01                 	db	1
  2035   007F6C  81                 	db	129
  2036   007F6D  01                 	db	1
  2037   007F6E  C0                 	db	192
  2038   007F6F                     __end_of_hid_rpt01:
  2039                           	callstack 0
  2040   007F6F                     _sd001:
  2041                           	callstack 0
  2042   007F6F  34                 	db	52
  2043   007F70  03                 	db	3
  2044   007F71  004D               	dw	77
  2045   007F73  0069               	dw	105
  2046   007F75  0063               	dw	99
  2047   007F77  0072               	dw	114
  2048   007F79  006F               	dw	111
  2049   007F7B  0063               	dw	99
  2050   007F7D  0068               	dw	104
  2051   007F7F  0069               	dw	105
  2052   007F81  0070               	dw	112
  2053   007F83  0020               	dw	32
  2054   007F85  0054               	dw	84
  2055   007F87  0065               	dw	101
  2056   007F89  0063               	dw	99
  2057   007F8B  0068               	dw	104
  2058   007F8D  006E               	dw	110
  2059   007F8F  006F               	dw	111
  2060   007F91  006C               	dw	108
  2061   007F93  006F               	dw	111
  2062   007F95  0067               	dw	103
  2063   007F97  0079               	dw	121
  2064   007F99  0020               	dw	32
  2065   007F9B  0049               	dw	73
  2066   007F9D  006E               	dw	110
  2067   007F9F  0063               	dw	99
  2068   007FA1  002E               	dw	46
  2069   007FA3                     __end_of_sd001:
  2070                           	callstack 0
  2071   007FA3                     _configDescriptor1:
  2072                           	callstack 0
  2073   007FA3  09                 	db	9
  2074   007FA4  02                 	db	2
  2075   007FA5  29                 	db	41
  2076   007FA6  00                 	db	0
  2077   007FA7  01                 	db	1
  2078   007FA8  01                 	db	1
  2079   007FA9  00                 	db	0
  2080   007FAA  C0                 	db	192
  2081   007FAB  32                 	db	50
  2082   007FAC  09                 	db	9
  2083   007FAD  04                 	db	4
  2084   007FAE  00                 	db	0
  2085   007FAF  00                 	db	0
  2086   007FB0  02                 	db	2
  2087   007FB1  03                 	db	3
  2088   007FB2  01                 	db	1
  2089   007FB3  01                 	db	1
  2090   007FB4  00                 	db	0
  2091   007FB5  09                 	db	9
  2092   007FB6  21                 	db	33
  2093   007FB7  11                 	db	17
  2094   007FB8  01                 	db	1
  2095   007FB9  00                 	db	0
  2096   007FBA  01                 	db	1
  2097   007FBB  22                 	db	34
  2098   007FBC  68                 	db	104
  2099   007FBD  00                 	db	0
  2100   007FBE  07                 	db	7
  2101   007FBF  05                 	db	5
  2102   007FC0  81                 	db	129
  2103   007FC1  03                 	db	3
  2104   007FC2  09                 	db	9
  2105   007FC3  00                 	db	0
  2106   007FC4  01                 	db	1
  2107   007FC5  07                 	db	7
  2108   007FC6  05                 	db	5
  2109   007FC7  01                 	db	1
  2110   007FC8  03                 	db	3
  2111   007FC9  01                 	db	1
  2112   007FCA  00                 	db	0
  2113   007FCB  01                 	db	1
  2114   007FCC                     __end_of_configDescriptor1:
  2115                           	callstack 0
  2116   007FCC                     _sd002:
  2117                           	callstack 0
  2118   007FCC  1C                 	db	28
  2119   007FCD  03                 	db	3
  2120   007FCE  0056               	dw	86
  2121   007FD0  006F               	dw	111
  2122   007FD2  006C               	dw	108
  2123   007FD4  0075               	dw	117
  2124   007FD6  006D               	dw	109
  2125   007FD8  0065               	dw	101
  2126   007FDA  00                 	db	0
  2127   007FDB  00                 	db	0
  2128   007FDC  00                 	db	0
  2129   007FDD  00                 	db	0
  2130   007FDE  00                 	db	0
  2131   007FDF  00                 	db	0
  2132   007FE0  00                 	db	0
  2133   007FE1  00                 	db	0
  2134   007FE2  00                 	db	0
  2135   007FE3  00                 	db	0
  2136   007FE4  00                 	db	0
  2137   007FE5  00                 	db	0
  2138   007FE6  00                 	db	0
  2139   007FE7  00                 	db	0
  2140   007FE8                     __end_of_sd002:
  2141                           	callstack 0
  2142   007FE8                     _device_dsc:
  2143                           	callstack 0
  2144   007FE8  12                 	db	18
  2145   007FE9  01                 	db	1
  2146   007FEA  0200               	dw	512
  2147   007FEC  00                 	db	0
  2148   007FED  00                 	db	0
  2149   007FEE  00                 	db	0
  2150   007FEF  08                 	db	8
  2151   007FF0  04D8               	dw	1240
  2152   007FF2  0055               	dw	85
  2153   007FF4  0001               	dw	1
  2154   007FF6  01                 	db	1
  2155   007FF7  02                 	db	2
  2156   007FF8  00                 	db	0
  2157   007FF9  01                 	db	1
  2158   007FFA                     __end_of_device_dsc:
  2159                           	callstack 0
  2160   007FFA                     _sd000:
  2161                           	callstack 0
  2162   007FFA  04                 	db	4
  2163   007FFB  03                 	db	3
  2164   007FFC  0409               	dw	1033
  2165   007FFE                     __end_of_sd000:
  2166                           	callstack 0
  2167   000500                     _inputReport    equ	1280
  2168   00050A                     _consumerReport equ	1290
  2169   000509                     _outputReport   equ	1289
  2170   000FF1                     _INTCON2bits    set	4081
  2171   000F70                     _UEP0bits       set	3952
  2172   000FF2                     _INTCONbits     set	4082
  2173   000FA2                     _IPR2bits       set	4002
  2174   000FD0                     _RCONbits       set	4048
  2175   000F6D                     _UCON           set	3949
  2176   000F6C                     _USTAT          set	3948
  2177   000FA1                     _PIR2bits       set	4001
  2178   000F69                     _UIEbits        set	3945
  2179   000F68                     _UIRbits        set	3944
  2180   000F6E                     _UADDR          set	3950
  2181   000F69                     _UIE            set	3945
  2182   000F6B                     _UEIE           set	3947
  2183   000F6F                     _UCFG           set	3951
  2184   000F68                     _UIR            set	3944
  2185   000F6A                     _UEIR           set	3946
  2186   000FA0                     _PIE2bits       set	4000
  2187   000F92                     _TRISAbits      set	3986
  2188   000F89                     _LATAbits       set	3977
  2189   000F93                     _TRISBbits      set	3987
  2190   000F81                     _PORTBbits      set	3969
  2191   000F6D                     _UCONbits       set	3949
  2192   000F71                     _UEP1           set	3953
  2193   000F70                     _UEP0           set	3952
  2194   007FFE  00                 	db	0	; dummy byte at the end
  2195   007EEE                     __smallconst    set	__pmediumconst
  2196   007EEE                     __mediumconst   set	__pmediumconst
  2197   000002                     __activetblptr  equ	2
  2198                           
  2199                           ; #config settings
  2200                           
  2201                           	psect	cinit
  2202   00257E                     __pcinit:
  2203                           	callstack 0
  2204   00257E                     start_initialization:
  2205                           	callstack 0
  2206   00257E                     __initialization:
  2207                           	callstack 0
  2208                           
  2209                           ; Clear objects allocated to BANK0 (47 bytes)
  2210   00257E  EE00  F060         	lfsr	0,__pbssBANK0
  2211   002582  0E2F               	movlw	47
  2212   002584                     clear_0:
  2213   002584  6AEE               	clrf	postinc0,c
  2214   002586  06E8               	decf	wreg,f,c
  2215   002588  E1FD               	bnz	clear_0
  2216                           
  2217                           ; Clear objects allocated to COMRAM (47 bytes)
  2218   00258A  EE00  F001         	lfsr	0,__pbssCOMRAM
  2219   00258E  0E2F               	movlw	47
  2220   002590                     clear_1:
  2221   002590  6AEE               	clrf	postinc0,c
  2222   002592  06E8               	decf	wreg,f,c
  2223   002594  E1FD               	bnz	clear_1
  2224   002596                     end_of_initialization:
  2225                           	callstack 0
  2226   002596                     __end_of__initialization:
  2227                           	callstack 0
  2228   002596  905C               	bcf	int$flags,0,c	;clear compiler interrupt flag (level 1)
  2229   002598  925C               	bcf	int$flags,1,c	;clear compiler interrupt flag (level 2)
  2230   00259A  0E00               	movlw	low (__Lmediumconst shr (0+16))
  2231   00259C  6EF8               	movwf	tblptru,c
  2232   00259E  0100               	movlb	0
  2233   0025A0  EF10  F013         	goto	_main	;jump to C main() function
  2234                           
  2235                           	psect	bssCOMRAM
  2236   000001                     __pbssCOMRAM:
  2237                           	callstack 0
  2238   000001                     _outPipes:
  2239                           	callstack 0
  2240   000001                     	ds	7
  2241   000008                     _inPipes:
  2242                           	callstack 0
  2243   000008                     	ds	5
  2244   00000D                     _pBDTEntryIn:
  2245                           	callstack 0
  2246   00000D                     	ds	4
  2247   000011                     _pBDTEntryOut:
  2248                           	callstack 0
  2249   000011                     	ds	4
  2250   000015                     _ep_data_out:
  2251                           	callstack 0
  2252   000015                     	ds	2
  2253   000017                     _ep_data_in:
  2254                           	callstack 0
  2255   000017                     	ds	2
  2256   000019                     _pBDTEntryEP0OutNext:
  2257                           	callstack 0
  2258   000019                     	ds	2
  2259   00001B                     _pBDTEntryEP0OutCurrent:
  2260                           	callstack 0
  2261   00001B                     	ds	2
  2262   00001D                     APP_LEDUpdateUSBStatus@ledCount:
  2263                           	callstack 0
  2264   00001D                     	ds	2
  2265   00001F                     _USBTicksSinceSuspendEnd:
  2266                           	callstack 0
  2267   00001F                     	ds	1
  2268   000020                     _USBDeferOUTDataStagePackets:
  2269                           	callstack 0
  2270   000020                     	ds	1
  2271   000021                     _USBDeferINDataStagePackets:
  2272                           	callstack 0
  2273   000021                     	ds	1
  2274   000022                     _USBStatusStageEnabledFlag2:
  2275                           	callstack 0
  2276   000022                     	ds	1
  2277   000023                     _USBStatusStageEnabledFlag1:
  2278                           	callstack 0
  2279   000023                     	ds	1
  2280   000024                     _USBDeferStatusStagePacket:
  2281                           	callstack 0
  2282   000024                     	ds	1
  2283   000025                     _USBStatusStageTimeoutCounter:
  2284                           	callstack 0
  2285   000025                     	ds	1
  2286   000026                     _BothEP0OutUOWNsSet:
  2287                           	callstack 0
  2288   000026                     	ds	1
  2289   000027                     _endpoint_number:
  2290                           	callstack 0
  2291   000027                     	ds	1
  2292   000028                     _USBBusIsSuspended:
  2293                           	callstack 0
  2294   000028                     	ds	1
  2295   000029                     _RemoteWakeup:
  2296                           	callstack 0
  2297   000029                     	ds	1
  2298   00002A                     _controlTransferState:
  2299                           	callstack 0
  2300   00002A                     	ds	1
  2301   00002B                     _shortPacketStatus:
  2302                           	callstack 0
  2303   00002B                     	ds	1
  2304   00002C                     _USBDeviceState:
  2305                           	callstack 0
  2306   00002C                     	ds	1
  2307   00002D                     _USTATcopy:
  2308                           	callstack 0
  2309   00002D                     	ds	1
  2310   00002E                     _USBAlternateInterface:
  2311                           	callstack 0
  2312   00002E                     	ds	1
  2313   00002F                     _USBActiveConfiguration:
  2314                           	callstack 0
  2315   00002F                     	ds	1
  2316                           
  2317                           	psect	bssBANK0
  2318   000060                     __pbssBANK0:
  2319                           	callstack 0
  2320   000060                     _oldInputReport:
  2321                           	callstack 0
  2322   000060                     	ds	9
  2323   000069                     _consumer:
  2324                           	callstack 0
  2325   000069                     	ds	6
  2326   00006F                     _keyboard:
  2327                           	callstack 0
  2328   00006F                     	ds	6
  2329   000075                     _USB1msTickCount:
  2330                           	callstack 0
  2331   000075                     	ds	4
  2332   000079                     _pDst:
  2333                           	callstack 0
  2334   000079                     	ds	2
  2335   00007B                     _lastConsumerTransmission:
  2336                           	callstack 0
  2337   00007B                     	ds	2
  2338   00007D                     _OldSOFCount:
  2339                           	callstack 0
  2340   00007D                     	ds	2
  2341   00007F                     _LocalSOFCount:
  2342                           	callstack 0
  2343   00007F                     	ds	2
  2344   000081                     _keyboardIdleRate:
  2345                           	callstack 0
  2346   000081                     	ds	2
  2347   000083                     _oldconsumerReport:
  2348                           	callstack 0
  2349   000083                     	ds	2
  2350   000085                     _SOFCounter:
  2351                           	callstack 0
  2352   000085                     	ds	2
  2353   000087                     _last_stable_state:
  2354                           	callstack 0
  2355   000087                     	ds	1
  2356   000088                     _debounce_count:
  2357                           	callstack 0
  2358   000088                     	ds	1
  2359   000089                     _encoder_count:
  2360                           	callstack 0
  2361   000089                     	ds	1
  2362   00008A                     _encoder_prev_state:
  2363                           	callstack 0
  2364   00008A                     	ds	1
  2365   00008B                     _consumerWaitingForRelease:
  2366                           	callstack 0
  2367   00008B                     	ds	1
  2368   00008C                     	ds	1
  2369   00008D                     _active_protocol:
  2370                           	callstack 0
  2371   00008D                     	ds	1
  2372   00008E                     _idle_rate:
  2373                           	callstack 0
  2374   00008E                     	ds	1
  2375                           
  2376                           	psect	cstackBANK0
  2377   00008F                     __pcstackBANK0:
  2378                           	callstack 0
  2379   00008F                     ?_USBTransferOnePacket:
  2380                           	callstack 0
  2381   00008F                     USBTransferOnePacket@dir:
  2382                           	callstack 0
  2383   00008F                     ENCODER_GetDirection@direction:
  2384                           	callstack 0
  2385   00008F                     memset@dest:
  2386                           	callstack 0
  2387   00008F                     ??_ENCODER_Task:
  2388   00008F                     ??_BUTTON_IsPressed:
  2389   00008F                     ??_LED_On:
  2390   00008F                     ??_LED_Off:
  2391   00008F                     ??_BUTTON_Enable:
  2392   00008F                     ??_LED_Enable:
  2393                           
  2394                           ; 1 bytes @ 0x0
  2395   00008F                     	ds	1
  2396   000090                     USBTransferOnePacket@data:
  2397                           	callstack 0
  2398                           
  2399                           ; 2 bytes @ 0x1
  2400   000090                     	ds	1
  2401   000091                     BUTTON_IsPressed@button:
  2402                           	callstack 0
  2403   000091                     BUTTON_Enable@button:
  2404                           	callstack 0
  2405   000091                     LED_On@led:
  2406                           	callstack 0
  2407   000091                     LED_Off@led:
  2408                           	callstack 0
  2409   000091                     LED_Enable@led:
  2410                           	callstack 0
  2411   000091                     ENCODER_Task@direction:
  2412                           	callstack 0
  2413   000091                     memset@c:
  2414                           	callstack 0
  2415                           
  2416                           ; 2 bytes @ 0x2
  2417   000091                     	ds	1
  2418   000092                     USBTransferOnePacket@len:
  2419                           	callstack 0
  2420   000092                     ENCODER_Task@current_state:
  2421                           	callstack 0
  2422   000092                     ??_SYSTEM_Initialize:
  2423                           
  2424                           ; 1 bytes @ 0x3
  2425   000092                     	ds	1
  2426   000093                     memset@n:
  2427                           	callstack 0
  2428   000093                     ??_USBTransferOnePacket:
  2429                           
  2430                           ; 1 bytes @ 0x4
  2431   000093                     	ds	1
  2432   000094                     SYSTEM_Initialize@state:
  2433                           	callstack 0
  2434                           
  2435                           ; 1 bytes @ 0x5
  2436   000094                     	ds	1
  2437   000095                     memset@p:
  2438                           	callstack 0
  2439   000095                     
  2440                           ; 1 bytes @ 0x6
  2441   000095                     	ds	2
  2442   000097                     USBDeviceInit@i:
  2443                           	callstack 0
  2444   000097                     USBTransferOnePacket@ep:
  2445                           	callstack 0
  2446   000097                     
  2447                           ; 1 bytes @ 0x8
  2448   000097                     	ds	1
  2449   000098                     USBTransferOnePacket@handle:
  2450                           	callstack 0
  2451                           
  2452                           ; 2 bytes @ 0x9
  2453   000098                     	ds	2
  2454   00009A                     ??_APP_KeyboardTasks:
  2455                           
  2456                           ; 1 bytes @ 0xB
  2457   00009A                     	ds	2
  2458   00009C                     APP_KeyboardTasks@needToSendNewReportPacket_consumer:
  2459                           	callstack 0
  2460                           
  2461                           ; 1 bytes @ 0xD
  2462   00009C                     	ds	1
  2463   00009D                     APP_KeyboardTasks@needToSendNewReportPacket:
  2464                           	callstack 0
  2465                           
  2466                           ; 1 bytes @ 0xE
  2467   00009D                     	ds	1
  2468   00009E                     APP_KeyboardTasks@encoder_dir:
  2469                           	callstack 0
  2470                           
  2471                           ; 1 bytes @ 0xF
  2472   00009E                     	ds	1
  2473   00009F                     APP_KeyboardTasks@TimeDeltaMilliseconds:
  2474                           	callstack 0
  2475                           
  2476                           ; 2 bytes @ 0x10
  2477   00009F                     	ds	2
  2478   0000A1                     APP_KeyboardTasks@i:
  2479                           	callstack 0
  2480                           
  2481                           ; 1 bytes @ 0x12
  2482   0000A1                     	ds	1
  2483   0000A2                     
  2484                           ; 1 bytes @ 0x13
  2485                           
  2486                           	psect	cstackCOMRAM
  2487   000030                     __pcstackCOMRAM:
  2488                           	callstack 0
  2489   000030                     ?i2_USBTransferOnePacket:
  2490                           	callstack 0
  2491   000030                     USBHIDCBSetIdleRateHandler@newIdleRate:
  2492                           	callstack 0
  2493   000030                     USBConfigureEndpoint@direction:
  2494                           	callstack 0
  2495   000030                     USBCtrlTrfTxService@byteToSend:
  2496                           	callstack 0
  2497   000030                     i2USBTransferOnePacket@dir:
  2498                           	callstack 0
  2499   000030                     USBStdGetStatusHandler@p:
  2500                           	callstack 0
  2501   000030                     memcpy@d1:
  2502                           	callstack 0
  2503   000030                     i2memset@dest:
  2504                           	callstack 0
  2505   000030                     ??_ENCODER_Initialize:
  2506   000030                     ??_USBStdGetDscHandler:
  2507   000030                     ??i2_BUTTON_Enable:
  2508   000030                     ??i2_LED_On:
  2509   000030                     ??i2_LED_Off:
  2510   000030                     ??i2_LED_Enable:
  2511                           
  2512                           ; 1 bytes @ 0x0
  2513   000030                     	ds	1
  2514   000031                     USBHIDCBSetIdleRateHandler@reportID:
  2515                           	callstack 0
  2516   000031                     i2USBTransferOnePacket@data:
  2517                           	callstack 0
  2518   000031                     ??_USBConfigureEndpoint:
  2519   000031                     
  2520                           ; 1 bytes @ 0x1
  2521   000031                     	ds	1
  2522   000032                     i2BUTTON_Enable@button:
  2523                           	callstack 0
  2524   000032                     i2LED_On@led:
  2525                           	callstack 0
  2526   000032                     i2LED_Off@led:
  2527                           	callstack 0
  2528   000032                     i2LED_Enable@led:
  2529                           	callstack 0
  2530   000032                     memcpy@s1:
  2531                           	callstack 0
  2532   000032                     i2memset@c:
  2533                           	callstack 0
  2534   000032                     
  2535                           ; 1 bytes @ 0x2
  2536   000032                     	ds	1
  2537   000033                     USBCtrlTrfRxService@i:
  2538                           	callstack 0
  2539   000033                     USBCtrlTrfInHandler@lastDTS:
  2540                           	callstack 0
  2541   000033                     i2USBTransferOnePacket@len:
  2542                           	callstack 0
  2543   000033                     ??_APP_LEDUpdateUSBStatus:
  2544   000033                     ??i2_SYSTEM_Initialize:
  2545                           
  2546                           ; 1 bytes @ 0x3
  2547   000033                     	ds	1
  2548   000034                     USBCtrlTrfRxService@byteToRead:
  2549                           	callstack 0
  2550   000034                     memcpy@n:
  2551                           	callstack 0
  2552   000034                     i2memset@n:
  2553                           	callstack 0
  2554   000034                     ??i2_USBTransferOnePacket:
  2555                           
  2556                           ; 1 bytes @ 0x4
  2557   000034                     	ds	1
  2558   000035                     i2SYSTEM_Initialize@state:
  2559                           	callstack 0
  2560   000035                     
  2561                           ; 1 bytes @ 0x5
  2562   000035                     	ds	1
  2563   000036                     memcpy@d:
  2564                           	callstack 0
  2565   000036                     i2memset@p:
  2566                           	callstack 0
  2567   000036                     
  2568                           ; 1 bytes @ 0x6
  2569   000036                     	ds	1
  2570   000037                     USBConfigureEndpoint@EPNum:
  2571                           	callstack 0
  2572                           
  2573                           ; 1 bytes @ 0x7
  2574   000037                     	ds	1
  2575   000038                     i2USBDeviceInit@i:
  2576                           	callstack 0
  2577   000038                     i2USBTransferOnePacket@ep:
  2578                           	callstack 0
  2579   000038                     USBConfigureEndpoint@handle:
  2580                           	callstack 0
  2581   000038                     memcpy@s:
  2582                           	callstack 0
  2583   000038                     
  2584                           ; 1 bytes @ 0x8
  2585   000038                     	ds	1
  2586   000039                     i2USBTransferOnePacket@handle:
  2587                           	callstack 0
  2588                           
  2589                           ; 2 bytes @ 0x9
  2590   000039                     	ds	1
  2591   00003A                     USBEnableEndpoint@options:
  2592                           	callstack 0
  2593   00003A                     memcpy@tmp:
  2594                           	callstack 0
  2595                           
  2596                           ; 1 bytes @ 0xA
  2597   00003A                     	ds	1
  2598   00003B                     USBEnableEndpoint@p:
  2599                           	callstack 0
  2600   00003B                     
  2601                           ; 1 bytes @ 0xB
  2602   00003B                     	ds	2
  2603   00003D                     USBEnableEndpoint@ep:
  2604                           	callstack 0
  2605                           
  2606                           ; 1 bytes @ 0xD
  2607   00003D                     	ds	1
  2608   00003E                     USER_USB_CALLBACK_EVENT_HANDLER@event:
  2609                           	callstack 0
  2610   00003E                     
  2611                           ; 1 bytes @ 0xE
  2612   00003E                     	ds	2
  2613   000040                     USER_USB_CALLBACK_EVENT_HANDLER@pdata:
  2614                           	callstack 0
  2615                           
  2616                           ; 2 bytes @ 0x10
  2617   000040                     	ds	2
  2618   000042                     USER_USB_CALLBACK_EVENT_HANDLER@size:
  2619                           	callstack 0
  2620                           
  2621                           ; 2 bytes @ 0x12
  2622   000042                     	ds	2
  2623   000044                     ??_USER_USB_CALLBACK_EVENT_HANDLER:
  2624                           
  2625                           ; 1 bytes @ 0x14
  2626   000044                     	ds	2
  2627   000046                     USBStdSetCfgHandler@i:
  2628                           	callstack 0
  2629   000046                     ??_USBStdFeatureReqHandler:
  2630   000046                     
  2631                           ; 1 bytes @ 0x16
  2632   000046                     	ds	2
  2633   000048                     USBStdFeatureReqHandler@pUEP:
  2634                           	callstack 0
  2635                           
  2636                           ; 2 bytes @ 0x18
  2637   000048                     	ds	2
  2638   00004A                     USBStdFeatureReqHandler@current_ep_data:
  2639                           	callstack 0
  2640                           
  2641                           ; 1 bytes @ 0x1A
  2642   00004A                     	ds	1
  2643   00004B                     USBStdFeatureReqHandler@p:
  2644                           	callstack 0
  2645                           
  2646                           ; 2 bytes @ 0x1B
  2647   00004B                     	ds	2
  2648   00004D                     ??_USBCheckStdRequest:
  2649                           
  2650                           ; 1 bytes @ 0x1D
  2651   00004D                     	ds	1
  2652   00004E                     ??_USBCtrlEPService:
  2653   00004E                     
  2654                           ; 1 bytes @ 0x1E
  2655   00004E                     	ds	1
  2656   00004F                     USBDeviceTasks@i:
  2657                           	callstack 0
  2658   00004F                     
  2659                           ; 1 bytes @ 0x1F
  2660   00004F                     	ds	1
  2661   000050                     ??_SYS_InterruptHigh:
  2662                           
  2663                           ; 1 bytes @ 0x20
  2664   000050                     	ds	12
  2665                           
  2666 ;;
  2667 ;;Main: autosize = 0, tempsize = 0, incstack = 0, save=0
  2668 ;;
  2669 ;; *************** function _main *****************
  2670 ;; Defined at:
  2671 ;;		line 38 in file "main.c"
  2672 ;; Parameters:    Size  Location     Type
  2673 ;;		None
  2674 ;; Auto vars:     Size  Location     Type
  2675 ;;		None
  2676 ;; Return value:  Size  Location     Type
  2677 ;;                  2  244[None  ] int 
  2678 ;; Registers used:
  2679 ;;		wreg, fsr1l, fsr1h, fsr2l, fsr2h, status,2, status,0, tblptrl, tblptrh, tblptru, prodl, prodh, cstack
  2680 ;; Tracked objects:
  2681 ;;		On entry : 0/0
  2682 ;;		On exit  : 0/0
  2683 ;;		Unchanged: 0/0
  2684 ;; Data sizes:     COMRAM   BANK0   BANK1   BANK2   BANK3  BANK4h  BANK5h   BANK6   BANK7
  2685 ;;      Params:         0       0       0       0       0       0       0       0       0
  2686 ;;      Locals:         0       0       0       0       0       0       0       0       0
  2687 ;;      Temps:          0       0       0       0       0       0       0       0       0
  2688 ;;      Totals:         0       0       0       0       0       0       0       0       0
  2689 ;;Total ram usage:        0 bytes
  2690 ;; Hardware stack levels required when called: 13
  2691 ;; This function calls:
  2692 ;;		_APP_KeyboardTasks
  2693 ;;		_SYSTEM_Initialize
  2694 ;;		_USBDeviceAttach
  2695 ;;		_USBDeviceInit
  2696 ;; This function is called by:
  2697 ;;		Startup code after reset
  2698 ;; This function uses a non-reentrant model
  2699 ;;
  2700                           
  2701                           	psect	text0
  2702   002620                     __ptext0:
  2703                           	callstack 0
  2704   002620                     _main:
  2705                           	callstack 18
  2706   002620                     
  2707                           ;main.c: 40:     SYSTEM_Initialize( SYSTEM_STATE_USB_START );
  2708   002620  0E00               	movlw	0
  2709   002622  ECEE  F010         	call	_SYSTEM_Initialize
  2710   002626                     
  2711                           ;main.c: 42:     USBDeviceInit();
  2712   002626  ECB0  F008         	call	_USBDeviceInit	;wreg free
  2713   00262A                     
  2714                           ;main.c: 43:     USBDeviceAttach();
  2715   00262A  ECF8  F011         	call	_USBDeviceAttach	;wreg free
  2716   00262E                     l5239:
  2717                           
  2718                           ;main.c: 46:     {;main.c: 65:         APP_KeyboardTasks();
  2719   00262E  EC09  F000         	call	_APP_KeyboardTasks	;wreg free
  2720   002632  EF17  F013         	goto	l5239
  2721   002636  EF07  F000         	goto	start
  2722   00263A                     __end_of_main:
  2723                           	callstack 0
  2724                           
  2725 ;; *************** function _USBDeviceInit *****************
  2726 ;; Defined at:
  2727 ;;		line 281 in file "usb_device.c"
  2728 ;; Parameters:    Size  Location     Type
  2729 ;;		None
  2730 ;; Auto vars:     Size  Location     Type
  2731 ;;  i               1    8[BANK0 ] unsigned char 
  2732 ;; Return value:  Size  Location     Type
  2733 ;;                  1    wreg      void 
  2734 ;; Registers used:
  2735 ;;		wreg, fsr2l, fsr2h, status,2, status,0, prodl, prodh, cstack
  2736 ;; Tracked objects:
  2737 ;;		On entry : 0/0
  2738 ;;		On exit  : 0/0
  2739 ;;		Unchanged: 0/0
  2740 ;; Data sizes:     COMRAM   BANK0   BANK1   BANK2   BANK3  BANK4h  BANK5h   BANK6   BANK7
  2741 ;;      Params:         0       0       0       0       0       0       0       0       0
  2742 ;;      Locals:         0       1       0       0       0       0       0       0       0
  2743 ;;      Temps:          0       0       0       0       0       0       0       0       0
  2744 ;;      Totals:         0       1       0       0       0       0       0       0       0
  2745 ;;Total ram usage:        1 bytes
  2746 ;; Hardware stack levels used: 1
  2747 ;; Hardware stack levels required when called: 11
  2748 ;; This function calls:
  2749 ;;		_memset
  2750 ;; This function is called by:
  2751 ;;		_main
  2752 ;; This function uses a non-reentrant model
  2753 ;;
  2754                           
  2755                           	psect	text1
  2756   001160                     __ptext1:
  2757                           	callstack 0
  2758   001160                     _USBDeviceInit:
  2759                           	callstack 19
  2760   001160                     
  2761                           ;usb_device.c: 283:     uint8_t i;;usb_device.c: 285:     {PIE2bits.USBIE = 0;};
  2762   001160  9AA0               	bcf	160,5,c	;volatile
  2763                           
  2764                           ;usb_device.c: 292:     {UEIR = 0;};
  2765   001162  6A6A               	clrf	106,c	;volatile
  2766                           
  2767                           ;usb_device.c: 295:     {UIR = 0;};
  2768   001164  6A68               	clrf	104,c	;volatile
  2769                           
  2770                           ;usb_device.c: 298:     UEP0 = 0;
  2771   001166  6A70               	clrf	112,c	;volatile
  2772   001168                     
  2773                           ;usb_device.c: 300:     memset((void*)&UEP1,0x00,(1));;
  2774   001168  0E71               	movlw	113
  2775   00116A  0100               	movlb	0	; () banked
  2776   00116C  6F8F               	movwf	memset@dest& (0+255),b
  2777   00116E  0E0F               	movlw	15
  2778   001170  6F90               	movwf	(memset@dest+1)& (0+255),b
  2779   001172  0E00               	movlw	0
  2780   001174  6F92               	movwf	(memset@c+1)& (0+255),b
  2781   001176  0E00               	movlw	0
  2782   001178  6F91               	movwf	memset@c& (0+255),b
  2783   00117A  0E00               	movlw	0
  2784   00117C  6F94               	movwf	(memset@n+1)& (0+255),b
  2785   00117E  0E01               	movlw	1
  2786   001180  6F93               	movwf	memset@n& (0+255),b
  2787   001182  EC3A  F012         	call	_memset	;wreg free
  2788   001186                     
  2789                           ;usb_device.c: 302:     { UCFG = 0x10 | 0x00 | 0x04 | 0x02; UEIE = 0x9F; UIE = 0x39 | 0x
      +                          40 | 0x02; };
  2790   001186  0E16               	movlw	22
  2791   001188  6E6F               	movwf	111,c	;volatile
  2792   00118A  0E9F               	movlw	159
  2793   00118C  6E6B               	movwf	107,c	;volatile
  2794   00118E  0E7B               	movlw	123
  2795   001190  6E69               	movwf	105,c	;volatile
  2796   001192                     
  2797                           ;usb_device.c: 311:     for(i = 0; i < (sizeof(BDT)/sizeof(BDT_ENTRY)); i++)
  2798   001192  0100               	movlb	0	; () banked
  2799   001194  6B97               	clrf	USBDeviceInit@i& (0+255),b
  2800   001196                     l5157:
  2801                           
  2802                           ; BSR set to: 0
  2803                           ;usb_device.c: 312:     {;usb_device.c: 313:         BDT[i].Val = 0x00;
  2804   001196  5197               	movf	USBDeviceInit@i& (0+255),w,b
  2805   001198  0D04               	mullw	4
  2806   00119A  0E00               	movlw	0
  2807   00119C  24F3               	addwf	243,w,c
  2808   00119E  6ED9               	movwf	fsr2l,c
  2809   0011A0  0E04               	movlw	4
  2810   0011A2  20F4               	addwfc	prodh,w,c
  2811   0011A4  6EDA               	movwf	fsr2h,c
  2812   0011A6  6ADE               	clrf	postinc2,c
  2813   0011A8  6ADE               	clrf	postinc2,c
  2814   0011AA  6ADE               	clrf	postinc2,c
  2815   0011AC  6ADD               	clrf	postdec2,c
  2816   0011AE                     
  2817                           ; BSR set to: 0
  2818                           ;usb_device.c: 314:     }
  2819   0011AE  2B97               	incf	USBDeviceInit@i& (0+255),f,b
  2820   0011B0                     
  2821                           ; BSR set to: 0
  2822   0011B0  0E07               	movlw	7
  2823   0011B2  6597               	cpfsgt	USBDeviceInit@i& (0+255),b
  2824   0011B4  EFDE  F008         	goto	u3951
  2825   0011B8  EFE0  F008         	goto	u3950
  2826   0011BC                     u3951:
  2827   0011BC  EFCB  F008         	goto	l5157
  2828   0011C0                     u3950:
  2829   0011C0                     
  2830                           ; BSR set to: 0
  2831                           ;usb_device.c: 317:     UCONbits.PPBRST = 1;
  2832   0011C0  8C6D               	bsf	109,6,c	;volatile
  2833                           
  2834                           ;usb_device.c: 320:     UADDR = 0x00;
  2835   0011C2  6A6E               	clrf	110,c	;volatile
  2836                           
  2837                           ;usb_device.c: 323:     UCONbits.PKTDIS = 0;
  2838   0011C4  986D               	bcf	109,4,c	;volatile
  2839                           
  2840                           ;usb_device.c: 326:     UCONbits.PPBRST = 0;
  2841   0011C6  9C6D               	bcf	109,6,c	;volatile
  2842   0011C8                     l5163:
  2843                           
  2844                           ;usb_device.c: 330:     {;usb_device.c: 331:         (UIR &= 0xF7);
  2845   0011C8  9668               	bcf	104,3,c	;volatile
  2846   0011CA                     
  2847                           ;usb_device.c: 333:         inPipes[0].info.Val = 0;
  2848   0011CA  6A0A               	clrf	(_inPipes+2)^0,c	;volatile
  2849   0011CC                     
  2850                           ;usb_device.c: 334:         outPipes[0].info.Val = 0;
  2851   0011CC  6A03               	clrf	(_outPipes+2)^0,c	;volatile
  2852   0011CE                     
  2853                           ;usb_device.c: 335:         outPipes[0].wCount.Val = 0;
  2854   0011CE  0E00               	movlw	0
  2855   0011D0  6E05               	movwf	(_outPipes+4)^0,c	;volatile
  2856   0011D2  0E00               	movlw	0
  2857   0011D4  6E04               	movwf	(_outPipes+3)^0,c	;volatile
  2858   0011D6                     
  2859                           ;usb_device.c: 336:     }while(UIRbits.TRNIF == 1);
  2860   0011D6  B668               	btfsc	104,3,c	;volatile
  2861   0011D8  EFF0  F008         	goto	u3961
  2862   0011DC  EFF2  F008         	goto	u3960
  2863   0011E0                     u3961:
  2864   0011E0  EFE4  F008         	goto	l5163
  2865   0011E4                     u3960:
  2866   0011E4                     
  2867                           ;usb_device.c: 340:     USBStatusStageEnabledFlag1 = 1;
  2868   0011E4  0E01               	movlw	1
  2869   0011E6  6E23               	movwf	_USBStatusStageEnabledFlag1^0,c	;volatile
  2870                           
  2871                           ;usb_device.c: 341:     USBStatusStageEnabledFlag2 = 1;
  2872   0011E8  0E01               	movlw	1
  2873   0011EA  6E22               	movwf	_USBStatusStageEnabledFlag2^0,c	;volatile
  2874   0011EC                     
  2875                           ;usb_device.c: 343:     USBDeferINDataStagePackets = 0;
  2876   0011EC  6A21               	clrf	_USBDeferINDataStagePackets^0,c	;volatile
  2877   0011EE                     
  2878                           ;usb_device.c: 344:     USBDeferOUTDataStagePackets = 0;
  2879   0011EE  6A20               	clrf	_USBDeferOUTDataStagePackets^0,c	;volatile
  2880   0011F0                     
  2881                           ;usb_device.c: 345:     USBBusIsSuspended = 0;
  2882   0011F0  6A28               	clrf	_USBBusIsSuspended^0,c	;volatile
  2883   0011F2                     
  2884                           ;usb_device.c: 349:     for(i = 0; i < (uint8_t)(1 +1u); i++)
  2885   0011F2  0100               	movlb	0	; () banked
  2886   0011F4  6B97               	clrf	USBDeviceInit@i& (0+255),b
  2887   0011F6                     l5187:
  2888                           
  2889                           ; BSR set to: 0
  2890                           ;usb_device.c: 350:     {;usb_device.c: 351:         pBDTEntryIn[i] = 0u;
  2891   0011F6  5197               	movf	USBDeviceInit@i& (0+255),w,b
  2892   0011F8  0D02               	mullw	2
  2893   0011FA  50F3               	movf	243,w,c
  2894   0011FC  0F0D               	addlw	low _pBDTEntryIn
  2895   0011FE  6ED9               	movwf	fsr2l,c
  2896   001200  6ADA               	clrf	fsr2h,c
  2897   001202  6ADE               	clrf	postinc2,c
  2898   001204  6ADD               	clrf	postdec2,c
  2899                           
  2900                           ;usb_device.c: 352:         pBDTEntryOut[i] = 0u;
  2901   001206  5197               	movf	USBDeviceInit@i& (0+255),w,b
  2902   001208  0D02               	mullw	2
  2903   00120A  50F3               	movf	243,w,c
  2904   00120C  0F11               	addlw	low _pBDTEntryOut
  2905   00120E  6ED9               	movwf	fsr2l,c
  2906   001210  6ADA               	clrf	fsr2h,c
  2907   001212  6ADE               	clrf	postinc2,c
  2908   001214  6ADD               	clrf	postdec2,c
  2909   001216                     
  2910                           ; BSR set to: 0
  2911                           ;usb_device.c: 353:         ep_data_in[i].Val = 0u;
  2912   001216  5197               	movf	USBDeviceInit@i& (0+255),w,b
  2913   001218  0F17               	addlw	low _ep_data_in
  2914   00121A  6ED9               	movwf	fsr2l,c
  2915   00121C  6ADA               	clrf	fsr2h,c
  2916   00121E  6ADF               	clrf	indf2,c
  2917   001220                     
  2918                           ; BSR set to: 0
  2919                           ;usb_device.c: 354:         ep_data_out[i].Val = 0u;
  2920   001220  5197               	movf	USBDeviceInit@i& (0+255),w,b
  2921   001222  0F15               	addlw	low _ep_data_out
  2922   001224  6ED9               	movwf	fsr2l,c
  2923   001226  6ADA               	clrf	fsr2h,c
  2924   001228  6ADF               	clrf	indf2,c
  2925   00122A                     
  2926                           ; BSR set to: 0
  2927                           ;usb_device.c: 355:     }
  2928   00122A  2B97               	incf	USBDeviceInit@i& (0+255),f,b
  2929   00122C                     
  2930                           ; BSR set to: 0
  2931   00122C  0E01               	movlw	1
  2932   00122E  6597               	cpfsgt	USBDeviceInit@i& (0+255),b
  2933   001230  EF1C  F009         	goto	u3971
  2934   001234  EF1E  F009         	goto	u3970
  2935   001238                     u3971:
  2936   001238  EFFB  F008         	goto	l5187
  2937   00123C                     u3970:
  2938   00123C                     
  2939                           ; BSR set to: 0
  2940                           ;usb_device.c: 358:     pBDTEntryIn[0] = (volatile BDT_ENTRY*)&BDT[2];
  2941   00123C  0E08               	movlw	8
  2942   00123E  6E0D               	movwf	_pBDTEntryIn^0,c
  2943   001240  0E04               	movlw	4
  2944   001242  6E0E               	movwf	(_pBDTEntryIn+1)^0,c
  2945   001244                     
  2946                           ; BSR set to: 0
  2947                           ;usb_device.c: 360:     UEP0 = 0x06|0x10;
  2948   001244  0E16               	movlw	22
  2949   001246  6E70               	movwf	112,c	;volatile
  2950   001248                     
  2951                           ; BSR set to: 0
  2952                           ;usb_device.c: 362:     BDT[0].ADR = ((uint16_t)(&SetupPkt));
  2953   001248  0E04               	movlw	4
  2954   00124A  0104               	movlb	4	; () banked
  2955   00124C  6F03               	movwf	3,b	;volatile
  2956   00124E  0E20               	movlw	32
  2957   001250  6F02               	movwf	2,b	;volatile
  2958   001252                     
  2959                           ; BSR set to: 4
  2960                           ;usb_device.c: 363:     BDT[0].CNT = 8;
  2961   001252  0E08               	movlw	8
  2962   001254  6F01               	movwf	1,b	;volatile
  2963   001256                     
  2964                           ; BSR set to: 4
  2965                           ;usb_device.c: 364:     BDT[0].STAT.Val = 0x00|0x04;
  2966   001256  0E04               	movlw	4
  2967   001258  6F00               	movwf	0,b	;volatile
  2968   00125A                     
  2969                           ; BSR set to: 4
  2970                           ;usb_device.c: 365:     BDT[0].STAT.Val |= 0x80;
  2971   00125A  8F00               	bsf	0,7,b	;volatile
  2972   00125C                     
  2973                           ; BSR set to: 4
  2974                           ;usb_device.c: 368:     USBActiveConfiguration = 0;
  2975   00125C  6A2F               	clrf	_USBActiveConfiguration^0,c	;volatile
  2976   00125E                     
  2977                           ; BSR set to: 4
  2978                           ;usb_device.c: 370:     USB1msTickCount = 0;
  2979   00125E  0E00               	movlw	0
  2980   001260  0100               	movlb	0	; () banked
  2981   001262  6F75               	movwf	_USB1msTickCount& (0+255),b	;volatile
  2982   001264  0E00               	movlw	0
  2983   001266  6F76               	movwf	(_USB1msTickCount+1)& (0+255),b	;volatile
  2984   001268  0E00               	movlw	0
  2985   00126A  6F77               	movwf	(_USB1msTickCount+2)& (0+255),b	;volatile
  2986   00126C  0E00               	movlw	0
  2987   00126E  6F78               	movwf	(_USB1msTickCount+3)& (0+255),b	;volatile
  2988   001270                     
  2989                           ; BSR set to: 0
  2990                           ;usb_device.c: 371:     USBTicksSinceSuspendEnd = 0;
  2991   001270  6A1F               	clrf	_USBTicksSinceSuspendEnd^0,c	;volatile
  2992   001272                     
  2993                           ; BSR set to: 0
  2994                           ;usb_device.c: 374:     USBDeviceState = DETACHED_STATE;
  2995   001272  6A2C               	clrf	_USBDeviceState^0,c	;volatile
  2996   001274                     
  2997                           ; BSR set to: 0
  2998   001274  0012               	return		;funcret
  2999   001276                     __end_of_USBDeviceInit:
  3000                           	callstack 0
  3001                           
  3002 ;; *************** function _USBDeviceAttach *****************
  3003 ;; Defined at:
  3004 ;;		line 1356 in file "usb_device.c"
  3005 ;; Parameters:    Size  Location     Type
  3006 ;;		None
  3007 ;; Auto vars:     Size  Location     Type
  3008 ;;		None
  3009 ;; Return value:  Size  Location     Type
  3010 ;;                  1    wreg      void 
  3011 ;; Registers used:
  3012 ;;		wreg, status,2
  3013 ;; Tracked objects:
  3014 ;;		On entry : 0/0
  3015 ;;		On exit  : 0/0
  3016 ;;		Unchanged: 0/0
  3017 ;; Data sizes:     COMRAM   BANK0   BANK1   BANK2   BANK3  BANK4h  BANK5h   BANK6   BANK7
  3018 ;;      Params:         0       0       0       0       0       0       0       0       0
  3019 ;;      Locals:         0       0       0       0       0       0       0       0       0
  3020 ;;      Temps:          0       0       0       0       0       0       0       0       0
  3021 ;;      Totals:         0       0       0       0       0       0       0       0       0
  3022 ;;Total ram usage:        0 bytes
  3023 ;; Hardware stack levels used: 1
  3024 ;; Hardware stack levels required when called: 10
  3025 ;; This function calls:
  3026 ;;		Nothing
  3027 ;; This function is called by:
  3028 ;;		_main
  3029 ;; This function uses a non-reentrant model
  3030 ;;
  3031                           
  3032                           	psect	text2
  3033   0023F0                     __ptext2:
  3034                           	callstack 0
  3035   0023F0                     _USBDeviceAttach:
  3036                           	callstack 20
  3037   0023F0                     
  3038                           ;usb_device.c: 1360:     {;usb_device.c: 1361:         if(1 == 1)
  3039   0023F0  502C               	movf	_USBDeviceState^0,w,c	;volatile
  3040   0023F2  A4D8               	btfss	status,2,c
  3041   0023F4  EFFE  F011         	goto	u3981
  3042   0023F8  EF00  F012         	goto	u3980
  3043   0023FC                     u3981:
  3044   0023FC  EF18  F012         	goto	l470
  3045   002400                     u3980:
  3046   002400                     
  3047                           ;usb_device.c: 1362:         {;usb_device.c: 1364:             UCON = 0;
  3048   002400  6A6D               	clrf	109,c	;volatile
  3049                           
  3050                           ;usb_device.c: 1367:             UIE = 0;
  3051   002402  6A69               	clrf	105,c	;volatile
  3052   002404                     
  3053                           ;usb_device.c: 1371:             { UCFG = 0x10 | 0x00 | 0x04 | 0x02; UEIE = 0x9F; UIE = 
      +                          0x39 | 0x40 | 0x02; };
  3054   002404  0E16               	movlw	22
  3055   002406  6E6F               	movwf	111,c	;volatile
  3056   002408  0E9F               	movlw	159
  3057   00240A  6E6B               	movwf	107,c	;volatile
  3058   00240C  0E7B               	movlw	123
  3059   00240E  6E69               	movwf	105,c	;volatile
  3060   002410                     
  3061                           ;usb_device.c: 1373:             {RCONbits.IPEN = 1;IPR2bits.USBIP = 1;PIE2bits.USBIE = 
      +                          1;INTCONbits.GIEH = 1;};
  3062   002410  8ED0               	bsf	208,7,c	;volatile
  3063   002412  8AA2               	bsf	162,5,c	;volatile
  3064   002414  8AA0               	bsf	160,5,c	;volatile
  3065   002416  8EF2               	bsf	242,7,c	;volatile
  3066                           
  3067                           ;usb_device.c: 1376:             while(!UCONbits.USBEN){UCONbits.USBEN = 1;}
  3068   002418  EF0F  F012         	goto	l467
  3069   00241C                     l468:
  3070   00241C  866D               	bsf	109,3,c	;volatile
  3071   00241E                     l467:
  3072   00241E  A66D               	btfss	109,3,c	;volatile
  3073   002420  EF14  F012         	goto	u3991
  3074   002424  EF16  F012         	goto	u3990
  3075   002428                     u3991:
  3076   002428  EF0E  F012         	goto	l468
  3077   00242C                     u3990:
  3078   00242C                     
  3079                           ;usb_device.c: 1379:             USBDeviceState = ATTACHED_STATE;
  3080   00242C  0E01               	movlw	1
  3081   00242E  6E2C               	movwf	_USBDeviceState^0,c	;volatile
  3082   002430                     l470:
  3083   002430  0012               	return		;funcret
  3084   002432                     __end_of_USBDeviceAttach:
  3085                           	callstack 0
  3086                           
  3087 ;; *************** function _SYSTEM_Initialize *****************
  3088 ;; Defined at:
  3089 ;;		line 87 in file "system.c"
  3090 ;; Parameters:    Size  Location     Type
  3091 ;;  state           1    wreg     enum E3192
  3092 ;; Auto vars:     Size  Location     Type
  3093 ;;  state           1    5[BANK0 ] enum E3192
  3094 ;; Return value:  Size  Location     Type
  3095 ;;                  1    wreg      void 
  3096 ;; Registers used:
  3097 ;;		wreg, status,2, status,0, cstack
  3098 ;; Tracked objects:
  3099 ;;		On entry : 0/0
  3100 ;;		On exit  : 0/0
  3101 ;;		Unchanged: 0/0
  3102 ;; Data sizes:     COMRAM   BANK0   BANK1   BANK2   BANK3  BANK4h  BANK5h   BANK6   BANK7
  3103 ;;      Params:         0       0       0       0       0       0       0       0       0
  3104 ;;      Locals:         0       1       0       0       0       0       0       0       0
  3105 ;;      Temps:          0       2       0       0       0       0       0       0       0
  3106 ;;      Totals:         0       3       0       0       0       0       0       0       0
  3107 ;;Total ram usage:        3 bytes
  3108 ;; Hardware stack levels used: 1
  3109 ;; Hardware stack levels required when called: 11
  3110 ;; This function calls:
  3111 ;;		_BUTTON_Enable
  3112 ;;		_LED_Enable
  3113 ;; This function is called by:
  3114 ;;		_main
  3115 ;; This function uses a non-reentrant model
  3116 ;;
  3117                           
  3118                           	psect	text3
  3119   0021DC                     __ptext3:
  3120                           	callstack 0
  3121   0021DC                     _SYSTEM_Initialize:
  3122                           	callstack 19
  3123                           
  3124                           ;incstack = 0
  3125                           ;SYSTEM_Initialize@state stored from wreg
  3126   0021DC  0100               	movlb	0	; () banked
  3127   0021DE  6F94               	movwf	SYSTEM_Initialize@state& (0+255),b
  3128   0021E0                     
  3129                           ;system.c: 87: void SYSTEM_Initialize( SYSTEM_STATE state );system.c: 88: {;system.c: 89
      +                          :     switch(state)
  3130   0021E0  EFFD  F010         	goto	l4443
  3131   0021E4                     l4439:
  3132                           
  3133                           ; BSR set to: 0
  3134                           ;system.c: 92:             LED_Enable(LED_D1);
  3135   0021E4  0E01               	movlw	1
  3136   0021E6  EC92  F00F         	call	_LED_Enable
  3137                           
  3138                           ;system.c: 93:             LED_Enable(LED_D2);
  3139   0021EA  0E02               	movlw	2
  3140   0021EC  EC92  F00F         	call	_LED_Enable
  3141                           
  3142                           ;system.c: 94:             BUTTON_Enable(BUTTON_S4);
  3143   0021F0  0E03               	movlw	3
  3144   0021F2  EC8E  F011         	call	_BUTTON_Enable
  3145                           
  3146                           ;system.c: 95:             break;
  3147   0021F6  EF17  F011         	goto	l262
  3148   0021FA                     l4443:
  3149   0021FA  0100               	movlb	0	; () banked
  3150   0021FC  5194               	movf	SYSTEM_Initialize@state& (0+255),w,b
  3151   0021FE  6F92               	movwf	??_SYSTEM_Initialize& (0+255),b
  3152   002200  6B93               	clrf	(??_SYSTEM_Initialize+1)& (0+255),b
  3153                           
  3154                           ; Switch on 2 bytes has been partitioned into a top level switch of size 1, and 1 sub-sw
      +                          itches
  3155                           ; Switch size 1, requested type "simple"
  3156                           ; Number of cases is 1, Range of values is 0 to 0
  3157                           ; switch strategies available:
  3158                           ; Name         Instructions Cycles
  3159                           ; simple_byte            4     3 (average)
  3160                           ;	Chosen strategy is simple_byte
  3161   002202  5193               	movf	(??_SYSTEM_Initialize+1)& (0+255),w,b
  3162   002204  0A00               	xorlw	0	; case 0
  3163   002206  B4D8               	btfsc	status,2,c
  3164   002208  EF08  F011         	goto	l5571
  3165   00220C  EF17  F011         	goto	l262
  3166   002210                     l5571:
  3167                           
  3168                           ; BSR set to: 0
  3169                           ; Switch size 1, requested type "simple"
  3170                           ; Number of cases is 3, Range of values is 0 to 2
  3171                           ; switch strategies available:
  3172                           ; Name         Instructions Cycles
  3173                           ; simple_byte           10     6 (average)
  3174                           ;	Chosen strategy is simple_byte
  3175   002210  5192               	movf	??_SYSTEM_Initialize& (0+255),w,b
  3176   002212  0A00               	xorlw	0	; case 0
  3177   002214  B4D8               	btfsc	status,2,c
  3178   002216  EFF2  F010         	goto	l4439
  3179   00221A  0A01               	xorlw	1	; case 1
  3180   00221C  B4D8               	btfsc	status,2,c
  3181   00221E  EF17  F011         	goto	l262
  3182   002222  0A03               	xorlw	3	; case 2
  3183   002224  B4D8               	btfsc	status,2,c
  3184   002226  EF17  F011         	goto	l262
  3185   00222A  EF17  F011         	goto	l262
  3186   00222E                     l262:
  3187   00222E  0012               	return		;funcret
  3188   002230                     __end_of_SYSTEM_Initialize:
  3189                           	callstack 0
  3190                           
  3191 ;; *************** function _LED_Enable *****************
  3192 ;; Defined at:
  3193 ;;		line 257 in file "leds.c"
  3194 ;; Parameters:    Size  Location     Type
  3195 ;;  led             1    wreg     enum E2
  3196 ;; Auto vars:     Size  Location     Type
  3197 ;;  led             1    2[BANK0 ] enum E2
  3198 ;; Return value:  Size  Location     Type
  3199 ;;                  1    wreg      void 
  3200 ;; Registers used:
  3201 ;;		wreg, status,2, status,0
  3202 ;; Tracked objects:
  3203 ;;		On entry : 0/0
  3204 ;;		On exit  : 0/0
  3205 ;;		Unchanged: 0/0
  3206 ;; Data sizes:     COMRAM   BANK0   BANK1   BANK2   BANK3  BANK4h  BANK5h   BANK6   BANK7
  3207 ;;      Params:         0       0       0       0       0       0       0       0       0
  3208 ;;      Locals:         0       1       0       0       0       0       0       0       0
  3209 ;;      Temps:          0       2       0       0       0       0       0       0       0
  3210 ;;      Totals:         0       3       0       0       0       0       0       0       0
  3211 ;;Total ram usage:        3 bytes
  3212 ;; Hardware stack levels used: 1
  3213 ;; Hardware stack levels required when called: 10
  3214 ;; This function calls:
  3215 ;;		Nothing
  3216 ;; This function is called by:
  3217 ;;		_SYSTEM_Initialize
  3218 ;; This function uses a non-reentrant model
  3219 ;;
  3220                           
  3221                           	psect	text4
  3222   001F24                     __ptext4:
  3223                           	callstack 0
  3224   001F24                     _LED_Enable:
  3225                           	callstack 19
  3226                           
  3227                           ;incstack = 0
  3228                           ;LED_Enable@led stored from wreg
  3229   001F24  0100               	movlb	0	; () banked
  3230   001F26  6F91               	movwf	LED_Enable@led& (0+255),b
  3231   001F28                     
  3232                           ;leds.c: 257: void LED_Enable(LED led);leds.c: 258: {;leds.c: 259:     switch(led)
  3233   001F28  EFA2  F00F         	goto	l4161
  3234   001F2C                     l226:
  3235                           
  3236                           ; BSR set to: 0
  3237                           ;leds.c: 262:             TRISAbits.TRISA3 = 0;
  3238   001F2C  9692               	bcf	146,3,c	;volatile
  3239                           
  3240                           ;leds.c: 263:             break;
  3241   001F2E  EFC4  F00F         	goto	l232
  3242   001F32                     l228:
  3243                           
  3244                           ; BSR set to: 0
  3245                           ;leds.c: 266:             TRISAbits.TRISA1 = 0;
  3246   001F32  9292               	bcf	146,1,c	;volatile
  3247                           
  3248                           ;leds.c: 267:             break;
  3249   001F34  EFC4  F00F         	goto	l232
  3250   001F38                     l229:
  3251                           
  3252                           ; BSR set to: 0
  3253                           ;leds.c: 270:             TRISAbits.TRISA2 = 0;
  3254   001F38  9492               	bcf	146,2,c	;volatile
  3255                           
  3256                           ;leds.c: 271:             break;
  3257   001F3A  EFC4  F00F         	goto	l232
  3258   001F3E                     l230:
  3259                           
  3260                           ; BSR set to: 0
  3261                           ;leds.c: 274:             TRISAbits.TRISA3 = 0;
  3262   001F3E  9692               	bcf	146,3,c	;volatile
  3263                           
  3264                           ;leds.c: 275:             break;
  3265   001F40  EFC4  F00F         	goto	l232
  3266   001F44                     l4161:
  3267   001F44  0100               	movlb	0	; () banked
  3268   001F46  5191               	movf	LED_Enable@led& (0+255),w,b
  3269   001F48  6F8F               	movwf	??_LED_Enable& (0+255),b
  3270   001F4A  6B90               	clrf	(??_LED_Enable+1)& (0+255),b
  3271                           
  3272                           ; Switch on 2 bytes has been partitioned into a top level switch of size 1, and 1 sub-sw
      +                          itches
  3273                           ; Switch size 1, requested type "simple"
  3274                           ; Number of cases is 1, Range of values is 0 to 0
  3275                           ; switch strategies available:
  3276                           ; Name         Instructions Cycles
  3277                           ; simple_byte            4     3 (average)
  3278                           ;	Chosen strategy is simple_byte
  3279   001F4C  5190               	movf	(??_LED_Enable+1)& (0+255),w,b
  3280   001F4E  0A00               	xorlw	0	; case 0
  3281   001F50  B4D8               	btfsc	status,2,c
  3282   001F52  EFAD  F00F         	goto	l5573
  3283   001F56  EFC4  F00F         	goto	l232
  3284   001F5A                     l5573:
  3285                           
  3286                           ; BSR set to: 0
  3287                           ; Switch size 1, requested type "simple"
  3288                           ; Number of cases is 5, Range of values is 0 to 4
  3289                           ; switch strategies available:
  3290                           ; Name         Instructions Cycles
  3291                           ; simple_byte           16     9 (average)
  3292                           ;	Chosen strategy is simple_byte
  3293   001F5A  518F               	movf	??_LED_Enable& (0+255),w,b
  3294   001F5C  0A00               	xorlw	0	; case 0
  3295   001F5E  B4D8               	btfsc	status,2,c
  3296   001F60  EFC4  F00F         	goto	l232
  3297   001F64  0A01               	xorlw	1	; case 1
  3298   001F66  B4D8               	btfsc	status,2,c
  3299   001F68  EF96  F00F         	goto	l226
  3300   001F6C  0A03               	xorlw	3	; case 2
  3301   001F6E  B4D8               	btfsc	status,2,c
  3302   001F70  EF99  F00F         	goto	l228
  3303   001F74  0A01               	xorlw	1	; case 3
  3304   001F76  B4D8               	btfsc	status,2,c
  3305   001F78  EF9C  F00F         	goto	l229
  3306   001F7C  0A07               	xorlw	7	; case 4
  3307   001F7E  B4D8               	btfsc	status,2,c
  3308   001F80  EF9F  F00F         	goto	l230
  3309   001F84  EFC4  F00F         	goto	l232
  3310   001F88                     l232:
  3311                           
  3312                           ; BSR set to: 0
  3313   001F88  0012               	return		;funcret
  3314   001F8A                     __end_of_LED_Enable:
  3315                           	callstack 0
  3316                           
  3317 ;; *************** function _BUTTON_Enable *****************
  3318 ;; Defined at:
  3319 ;;		line 128 in file "buttons.c"
  3320 ;; Parameters:    Size  Location     Type
  3321 ;;  button          1    wreg     enum E2973
  3322 ;; Auto vars:     Size  Location     Type
  3323 ;;  button          1    2[BANK0 ] enum E2973
  3324 ;; Return value:  Size  Location     Type
  3325 ;;                  1    wreg      void 
  3326 ;; Registers used:
  3327 ;;		wreg, status,2, status,0
  3328 ;; Tracked objects:
  3329 ;;		On entry : 0/0
  3330 ;;		On exit  : 0/0
  3331 ;;		Unchanged: 0/0
  3332 ;; Data sizes:     COMRAM   BANK0   BANK1   BANK2   BANK3  BANK4h  BANK5h   BANK6   BANK7
  3333 ;;      Params:         0       0       0       0       0       0       0       0       0
  3334 ;;      Locals:         0       1       0       0       0       0       0       0       0
  3335 ;;      Temps:          0       2       0       0       0       0       0       0       0
  3336 ;;      Totals:         0       3       0       0       0       0       0       0       0
  3337 ;;Total ram usage:        3 bytes
  3338 ;; Hardware stack levels used: 1
  3339 ;; Hardware stack levels required when called: 10
  3340 ;; This function calls:
  3341 ;;		Nothing
  3342 ;; This function is called by:
  3343 ;;		_SYSTEM_Initialize
  3344 ;; This function uses a non-reentrant model
  3345 ;;
  3346                           
  3347                           	psect	text5
  3348   00231C                     __ptext5:
  3349                           	callstack 0
  3350   00231C                     _BUTTON_Enable:
  3351                           	callstack 19
  3352                           
  3353                           ; BSR set to: 0
  3354                           ;incstack = 0
  3355                           ;BUTTON_Enable@button stored from wreg
  3356   00231C  0100               	movlb	0	; () banked
  3357   00231E  6F91               	movwf	BUTTON_Enable@button& (0+255),b
  3358   002320                     
  3359                           ;buttons.c: 128: void BUTTON_Enable(BUTTON button);buttons.c: 129: {;buttons.c: 130:    
      +                           switch(button)
  3360   002320  EF98  F011         	goto	l4149
  3361   002324                     l174:
  3362                           
  3363                           ; BSR set to: 0
  3364                           ;buttons.c: 133:             TRISBbits.TRISB4 = 1;
  3365   002324  8893               	bsf	147,4,c	;volatile
  3366                           
  3367                           ;buttons.c: 134:             break;
  3368   002326  EFB2  F011         	goto	l178
  3369   00232A                     l176:
  3370                           
  3371                           ; BSR set to: 0
  3372                           ;buttons.c: 137:             TRISBbits.TRISB5 = 1;
  3373   00232A  8A93               	bsf	147,5,c	;volatile
  3374                           
  3375                           ;buttons.c: 138:             break;
  3376   00232C  EFB2  F011         	goto	l178
  3377   002330                     l4149:
  3378   002330  0100               	movlb	0	; () banked
  3379   002332  5191               	movf	BUTTON_Enable@button& (0+255),w,b
  3380   002334  6F8F               	movwf	??_BUTTON_Enable& (0+255),b
  3381   002336  6B90               	clrf	(??_BUTTON_Enable+1)& (0+255),b
  3382                           
  3383                           ; Switch on 2 bytes has been partitioned into a top level switch of size 1, and 1 sub-sw
      +                          itches
  3384                           ; Switch size 1, requested type "simple"
  3385                           ; Number of cases is 1, Range of values is 0 to 0
  3386                           ; switch strategies available:
  3387                           ; Name         Instructions Cycles
  3388                           ; simple_byte            4     3 (average)
  3389                           ;	Chosen strategy is simple_byte
  3390   002338  5190               	movf	(??_BUTTON_Enable+1)& (0+255),w,b
  3391   00233A  0A00               	xorlw	0	; case 0
  3392   00233C  B4D8               	btfsc	status,2,c
  3393   00233E  EFA3  F011         	goto	l5575
  3394   002342  EFB2  F011         	goto	l178
  3395   002346                     l5575:
  3396                           
  3397                           ; BSR set to: 0
  3398                           ; Switch size 1, requested type "simple"
  3399                           ; Number of cases is 3, Range of values is 0 to 2
  3400                           ; switch strategies available:
  3401                           ; Name         Instructions Cycles
  3402                           ; simple_byte           10     6 (average)
  3403                           ;	Chosen strategy is simple_byte
  3404   002346  518F               	movf	??_BUTTON_Enable& (0+255),w,b
  3405   002348  0A00               	xorlw	0	; case 0
  3406   00234A  B4D8               	btfsc	status,2,c
  3407   00234C  EFB2  F011         	goto	l178
  3408   002350  0A01               	xorlw	1	; case 1
  3409   002352  B4D8               	btfsc	status,2,c
  3410   002354  EF92  F011         	goto	l174
  3411   002358  0A03               	xorlw	3	; case 2
  3412   00235A  B4D8               	btfsc	status,2,c
  3413   00235C  EF95  F011         	goto	l176
  3414   002360  EFB2  F011         	goto	l178
  3415   002364                     l178:
  3416                           
  3417                           ; BSR set to: 0
  3418   002364  0012               	return		;funcret
  3419   002366                     __end_of_BUTTON_Enable:
  3420                           	callstack 0
  3421                           
  3422 ;; *************** function _APP_KeyboardTasks *****************
  3423 ;; Defined at:
  3424 ;;		line 366 in file "app_device_keyboard.c"
  3425 ;; Parameters:    Size  Location     Type
  3426 ;;		None
  3427 ;; Auto vars:     Size  Location     Type
  3428 ;;  encoder_dir     1   15[BANK0 ] enum E3679
  3429 ;;  TimeDeltaMil    2   16[BANK0 ] int 
  3430 ;;  i               1   18[BANK0 ] unsigned char 
  3431 ;;  needToSendNe    1   14[BANK0 ] _Bool 
  3432 ;;  needToSendNe    1   13[BANK0 ] _Bool 
  3433 ;; Return value:  Size  Location     Type
  3434 ;;                  1    wreg      void 
  3435 ;; Registers used:
  3436 ;;		wreg, fsr1l, fsr1h, fsr2l, fsr2h, status,2, status,0, tblptrl, tblptrh, tblptru, prodl, prodh, cstack
  3437 ;; Tracked objects:
  3438 ;;		On entry : 0/0
  3439 ;;		On exit  : 0/0
  3440 ;;		Unchanged: 0/0
  3441 ;; Data sizes:     COMRAM   BANK0   BANK1   BANK2   BANK3  BANK4h  BANK5h   BANK6   BANK7
  3442 ;;      Params:         0       0       0       0       0       0       0       0       0
  3443 ;;      Locals:         0       6       0       0       0       0       0       0       0
  3444 ;;      Temps:          0       2       0       0       0       0       0       0       0
  3445 ;;      Totals:         0       8       0       0       0       0       0       0       0
  3446 ;;Total ram usage:        8 bytes
  3447 ;; Hardware stack levels used: 1
  3448 ;; Hardware stack levels required when called: 12
  3449 ;; This function calls:
  3450 ;;		_APP_KeyboardProcessOutputReport
  3451 ;;		_BUTTON_IsPressed
  3452 ;;		_ENCODER_GetDirection
  3453 ;;		_ENCODER_Task
  3454 ;;		_USBTransferOnePacket
  3455 ;;		_memset
  3456 ;; This function is called by:
  3457 ;;		_main
  3458 ;; This function uses a non-reentrant model
  3459 ;;
  3460                           
  3461                           	psect	text6
  3462   000012                     __ptext6:
  3463                           	callstack 0
  3464   000012                     _APP_KeyboardTasks:
  3465                           	callstack 18
  3466   000012                     
  3467                           ;app_device_keyboard.c: 368:     signed int TimeDeltaMilliseconds;;app_device_keyboard.c
      +                          : 369:     unsigned char i;;app_device_keyboard.c: 370:     _Bool needToSendNewReportPac
      +                          ket;;app_device_keyboard.c: 371:     _Bool needToSendNewReportPacket_consumer;;app_devic
      +                          e_keyboard.c: 376:     if( USBDeviceState < CONFIGURED_STATE )
  3468   000012  0E20               	movlw	32
  3469   000014  602C               	cpfslt	_USBDeviceState^0,c	;volatile
  3470   000016  EF0F  F000         	goto	u3691
  3471   00001A  EF11  F000         	goto	u3690
  3472   00001E                     u3691:
  3473   00001E  EF13  F000         	goto	l5021
  3474   000022                     u3690:
  3475   000022  EFC7  F001         	goto	l82
  3476   000026                     l5021:
  3477                           
  3478                           ;app_device_keyboard.c: 382:     ENCODER_Task();
  3479   000026  EC07  F00D         	call	_ENCODER_Task	;wreg free
  3480   00002A                     
  3481                           ;app_device_keyboard.c: 388:     if( UCONbits.SUSPND== 1 )
  3482   00002A  A26D               	btfss	109,1,c	;volatile
  3483   00002C  EF1A  F000         	goto	u3701
  3484   000030  EF1C  F000         	goto	u3700
  3485   000034                     u3701:
  3486   000034  EF25  F000         	goto	l5027
  3487   000038                     u3700:
  3488   000038                     
  3489                           ;app_device_keyboard.c: 389:     {;app_device_keyboard.c: 392:         if(BUTTON_IsPress
      +                          ed(BUTTON_S3) == 0)
  3490   000038  0E02               	movlw	2
  3491   00003A  ECED  F00E         	call	_BUTTON_IsPressed
  3492   00003E  EFC7  F001         	goto	l82
  3493   000042                     l86:
  3494                           
  3495                           ; BSR set to: 0
  3496                           ;app_device_keyboard.c: 404:     {;app_device_keyboard.c: 405:         LocalSOFCount = S
      +                          OFCounter;
  3497   000042  C085  F07F         	movff	_SOFCounter,_LocalSOFCount	;volatile
  3498   000046  C086  F080         	movff	_SOFCounter+1,_LocalSOFCount+1	;volatile
  3499   00004A                     l5027:
  3500                           
  3501                           ;app_device_keyboard.c: 403:     while(LocalSOFCount != SOFCounter)
  3502   00004A  0100               	movlb	0	; () banked
  3503   00004C  5185               	movf	_SOFCounter& (0+255),w,b	;volatile
  3504   00004E  197F               	xorwf	_LocalSOFCount& (0+255),w,b
  3505   000050  E107               	bnz	u3711
  3506   000052  5186               	movf	(_SOFCounter+1)& (0+255),w,b	;volatile
  3507   000054  1980               	xorwf	(_LocalSOFCount+1)& (0+255),w,b
  3508   000056  A4D8               	btfss	status,2,c
  3509   000058  EF30  F000         	goto	u3711
  3510   00005C  EF32  F000         	goto	u3710
  3511   000060                     u3711:
  3512   000060  EF21  F000         	goto	l86
  3513   000064                     u3710:
  3514   000064                     
  3515                           ; BSR set to: 0
  3516                           ;app_device_keyboard.c: 410:     TimeDeltaMilliseconds = LocalSOFCount - OldSOFCount;
  3517   000064  517D               	movf	_OldSOFCount& (0+255),w,b
  3518   000066  5D7F               	subwf	_LocalSOFCount& (0+255),w,b
  3519   000068  6F9F               	movwf	APP_KeyboardTasks@TimeDeltaMilliseconds& (0+255),b
  3520   00006A  517E               	movf	(_OldSOFCount+1)& (0+255),w,b
  3521   00006C  5980               	subwfb	(_LocalSOFCount+1)& (0+255),w,b
  3522   00006E  6FA0               	movwf	(APP_KeyboardTasks@TimeDeltaMilliseconds+1)& (0+255),b
  3523                           
  3524                           ;app_device_keyboard.c: 412:     if(TimeDeltaMilliseconds < 0)
  3525   000070  BFA0               	btfsc	(APP_KeyboardTasks@TimeDeltaMilliseconds+1)& (0+255),7,b
  3526   000072  EF3F  F000         	goto	u3720
  3527   000076  EF3D  F000         	goto	u3721
  3528   00007A                     u3721:
  3529   00007A  EF4B  F000         	goto	l88
  3530   00007E                     u3720:
  3531   00007E                     
  3532                           ; BSR set to: 0
  3533                           ;app_device_keyboard.c: 413:     {;app_device_keyboard.c: 414:         TimeDeltaMillisec
      +                          onds = (32767 - OldSOFCount) + LocalSOFCount;
  3534   00007E  517D               	movf	_OldSOFCount& (0+255),w,b
  3535   000080  5D7F               	subwf	_LocalSOFCount& (0+255),w,b
  3536   000082  6F9A               	movwf	??_APP_KeyboardTasks& (0+255),b
  3537   000084  517E               	movf	(_OldSOFCount+1)& (0+255),w,b
  3538   000086  5980               	subwfb	(_LocalSOFCount+1)& (0+255),w,b
  3539   000088  6F9B               	movwf	(??_APP_KeyboardTasks+1)& (0+255),b
  3540   00008A  0EFF               	movlw	255
  3541   00008C  259A               	addwf	??_APP_KeyboardTasks& (0+255),w,b
  3542   00008E  6F9F               	movwf	APP_KeyboardTasks@TimeDeltaMilliseconds& (0+255),b
  3543   000090  0E7F               	movlw	127
  3544   000092  219B               	addwfc	(??_APP_KeyboardTasks+1)& (0+255),w,b
  3545   000094  6FA0               	movwf	(APP_KeyboardTasks@TimeDeltaMilliseconds+1)& (0+255),b
  3546   000096                     l88:
  3547                           
  3548                           ; BSR set to: 0
  3549                           ;app_device_keyboard.c: 421:     if(TimeDeltaMilliseconds > 5000)
  3550   000096  BFA0               	btfsc	(APP_KeyboardTasks@TimeDeltaMilliseconds+1)& (0+255),7,b
  3551   000098  EF57  F000         	goto	u3731
  3552   00009C  0E89               	movlw	137
  3553   00009E  5D9F               	subwf	APP_KeyboardTasks@TimeDeltaMilliseconds& (0+255),w,b
  3554   0000A0  0E13               	movlw	19
  3555   0000A2  59A0               	subwfb	(APP_KeyboardTasks@TimeDeltaMilliseconds+1)& (0+255),w,b
  3556   0000A4  A0D8               	btfss	status,0,c
  3557   0000A6  EF57  F000         	goto	u3731
  3558   0000AA  EF59  F000         	goto	u3730
  3559   0000AE                     u3731:
  3560   0000AE  EF5F  F000         	goto	l89
  3561   0000B2                     u3730:
  3562   0000B2                     
  3563                           ; BSR set to: 0
  3564                           ;app_device_keyboard.c: 422:     {;app_device_keyboard.c: 423:         OldSOFCount = Loc
      +                          alSOFCount - 5000;
  3565   0000B2  0E78               	movlw	120
  3566   0000B4  257F               	addwf	_LocalSOFCount& (0+255),w,b
  3567   0000B6  6F7D               	movwf	_OldSOFCount& (0+255),b
  3568   0000B8  0EEC               	movlw	236
  3569   0000BA  2180               	addwfc	(_LocalSOFCount+1)& (0+255),w,b
  3570   0000BC  6F7E               	movwf	(_OldSOFCount+1)& (0+255),b
  3571   0000BE                     l89:
  3572                           
  3573                           ; BSR set to: 0
  3574                           ;app_device_keyboard.c: 429:     if(((keyboard.lastINTransmission != 0x0000) && ((*(vola
      +                          tile uint8_t*)keyboard.lastINTransmission & 0x80) != 0x00)) == 0)
  3575   0000BE  516F               	movf	_keyboard& (0+255),w,b
  3576   0000C0  1170               	iorwf	(_keyboard+1)& (0+255),w,b
  3577   0000C2  B4D8               	btfsc	status,2,c
  3578   0000C4  EF66  F000         	goto	u3741
  3579   0000C8  EF68  F000         	goto	u3740
  3580   0000CC                     u3741:
  3581   0000CC  EF73  F000         	goto	l5037
  3582   0000D0                     u3740:
  3583   0000D0                     
  3584                           ; BSR set to: 0
  3585   0000D0  C06F  FFD9         	movff	_keyboard,fsr2l
  3586   0000D4  C070  FFDA         	movff	_keyboard+1,fsr2h
  3587   0000D8  BEDF               	btfsc	indf2,7,c
  3588   0000DA  EF71  F000         	goto	u3751
  3589   0000DE  EF73  F000         	goto	u3750
  3590   0000E2                     u3751:
  3591   0000E2  EFA0  F001         	goto	l5131
  3592   0000E6                     u3750:
  3593   0000E6                     l5037:
  3594                           
  3595                           ; BSR set to: 0
  3596                           ;app_device_keyboard.c: 430:     {;app_device_keyboard.c: 432:         memset(&inputRepo
      +                          rt, 0, sizeof(inputReport));
  3597   0000E6  0E00               	movlw	0
  3598   0000E8  6F8F               	movwf	memset@dest& (0+255),b
  3599   0000EA  0E05               	movlw	5
  3600   0000EC  6F90               	movwf	(memset@dest+1)& (0+255),b
  3601   0000EE  0E00               	movlw	0
  3602   0000F0  6F92               	movwf	(memset@c+1)& (0+255),b
  3603   0000F2  0E00               	movlw	0
  3604   0000F4  6F91               	movwf	memset@c& (0+255),b
  3605   0000F6  0E00               	movlw	0
  3606   0000F8  6F94               	movwf	(memset@n+1)& (0+255),b
  3607   0000FA  0E09               	movlw	9
  3608   0000FC  6F93               	movwf	memset@n& (0+255),b
  3609   0000FE  EC3A  F012         	call	_memset	;wreg free
  3610   000102                     
  3611                           ;app_device_keyboard.c: 433:         inputReport.reportID = 0x01;
  3612   000102  0E01               	movlw	1
  3613   000104  0105               	movlb	5	; () banked
  3614   000106  6F00               	movwf	0,b
  3615   000108                     
  3616                           ; BSR set to: 5
  3617                           ;app_device_keyboard.c: 435:         if(BUTTON_IsPressed(BUTTON_S4) == 1 && BUTTON_IsPre
      +                          ssed(BUTTON_S4) == 0)
  3618   000108  0E03               	movlw	3
  3619   00010A  ECED  F00E         	call	_BUTTON_IsPressed
  3620   00010E  06E8               	decf	wreg,f,c
  3621   000110  A4D8               	btfss	status,2,c
  3622   000112  EF8D  F000         	goto	u3761
  3623   000116  EF8F  F000         	goto	u3760
  3624   00011A                     u3761:
  3625   00011A  EFB9  F000         	goto	l93
  3626   00011E                     u3760:
  3627   00011E  0E03               	movlw	3
  3628   000120  ECED  F00E         	call	_BUTTON_IsPressed
  3629   000124  0900               	iorlw	0
  3630   000126  A4D8               	btfss	status,2,c
  3631   000128  EF98  F000         	goto	u3771
  3632   00012C  EF9A  F000         	goto	u3770
  3633   000130                     u3771:
  3634   000130  EFB9  F000         	goto	l93
  3635   000134                     u3770:
  3636   000134                     
  3637                           ;app_device_keyboard.c: 437:         {;app_device_keyboard.c: 438:             if(keyboa
      +                          rd.waitingForRelease == 0)
  3638   000134  0100               	movlb	0	; () banked
  3639   000136  5174               	movf	(_keyboard+5)& (0+255),w,b
  3640   000138  A4D8               	btfss	status,2,c
  3641   00013A  EFA1  F000         	goto	u3781
  3642   00013E  EFA3  F000         	goto	u3780
  3643   000142                     u3781:
  3644   000142  EFBB  F000         	goto	l96
  3645   000146                     u3780:
  3646   000146                     
  3647                           ; BSR set to: 0
  3648                           ;app_device_keyboard.c: 439:             {;app_device_keyboard.c: 440:                 k
      +                          eyboard.waitingForRelease = 1;
  3649   000146  0E01               	movlw	1
  3650   000148  6F74               	movwf	(_keyboard+5)& (0+255),b
  3651                           
  3652                           ;app_device_keyboard.c: 443:                 inputReport.reportID = 0x01;
  3653   00014A  0E01               	movlw	1
  3654   00014C  0105               	movlb	5	; () banked
  3655   00014E  6F00               	movwf	0,b
  3656   000150                     
  3657                           ; BSR set to: 5
  3658                           ;app_device_keyboard.c: 444:                 inputReport.keys[0] = keyboard.key++;
  3659   000150  C073  F503         	movff	_keyboard+4,1283
  3660   000154                     
  3661                           ; BSR set to: 5
  3662   000154  0100               	movlb	0	; () banked
  3663   000156  2B73               	incf	(_keyboard+4)& (0+255),f,b
  3664   000158                     
  3665                           ; BSR set to: 0
  3666                           ;app_device_keyboard.c: 448:                 if(keyboard.key == 40)
  3667   000158  0E28               	movlw	40
  3668   00015A  1973               	xorwf	(_keyboard+4)& (0+255),w,b
  3669   00015C  A4D8               	btfss	status,2,c
  3670   00015E  EFB3  F000         	goto	u3791
  3671   000162  EFB5  F000         	goto	u3790
  3672   000166                     u3791:
  3673   000166  EFBB  F000         	goto	l96
  3674   00016A                     u3790:
  3675   00016A                     
  3676                           ; BSR set to: 0
  3677                           ;app_device_keyboard.c: 449:                 {;app_device_keyboard.c: 450:              
      +                                 keyboard.key = 4;
  3678   00016A  0E04               	movlw	4
  3679   00016C  6F73               	movwf	(_keyboard+4)& (0+255),b
  3680   00016E  EFBB  F000         	goto	l96
  3681   000172                     l93:
  3682                           
  3683                           ;app_device_keyboard.c: 456:         {;app_device_keyboard.c: 457:             keyboard.
      +                          waitingForRelease = 0;
  3684   000172  0100               	movlb	0	; () banked
  3685   000174  6B74               	clrf	(_keyboard+5)& (0+255),b
  3686   000176                     l96:
  3687                           
  3688                           ; BSR set to: 0
  3689                           ;app_device_keyboard.c: 463:         needToSendNewReportPacket = 0;
  3690   000176  6B9D               	clrf	APP_KeyboardTasks@needToSendNewReportPacket& (0+255),b
  3691                           
  3692                           ;app_device_keyboard.c: 464:         for(i = 0; i < sizeof(inputReport); i++)
  3693   000178  6BA1               	clrf	APP_KeyboardTasks@i& (0+255),b
  3694   00017A                     l5061:
  3695                           
  3696                           ; BSR set to: 0
  3697                           ;app_device_keyboard.c: 465:         {;app_device_keyboard.c: 466:             if(*((uin
      +                          t8_t*)&oldInputReport + i) != *((uint8_t*)&inputReport + i))
  3698   00017A  0E00               	movlw	0
  3699   00017C  25A1               	addwf	APP_KeyboardTasks@i& (0+255),w,b
  3700   00017E  6ED9               	movwf	fsr2l,c
  3701   000180  6ADA               	clrf	fsr2h,c
  3702   000182  0E05               	movlw	5
  3703   000184  22DA               	addwfc	fsr2h,f,c
  3704   000186  51A1               	movf	APP_KeyboardTasks@i& (0+255),w,b
  3705   000188  0F60               	addlw	low _oldInputReport
  3706   00018A  6EE1               	movwf	fsr1l,c
  3707   00018C  6AE2               	clrf	fsr1h,c
  3708   00018E  50DE               	movf	postinc2,w,c
  3709   000190  18E6               	xorwf	postinc1,w,c
  3710   000192  B4D8               	btfsc	status,2,c
  3711   000194  EFCE  F000         	goto	u3801
  3712   000198  EFD0  F000         	goto	u3800
  3713   00019C                     u3801:
  3714   00019C  EFD4  F000         	goto	l5065
  3715   0001A0                     u3800:
  3716   0001A0                     
  3717                           ; BSR set to: 0
  3718                           ;app_device_keyboard.c: 467:             {;app_device_keyboard.c: 468:                 n
      +                          eedToSendNewReportPacket = 1;
  3719   0001A0  0E01               	movlw	1
  3720   0001A2  6F9D               	movwf	APP_KeyboardTasks@needToSendNewReportPacket& (0+255),b
  3721                           
  3722                           ;app_device_keyboard.c: 469:                 break;
  3723   0001A4  EFDD  F000         	goto	l5069
  3724   0001A8                     l5065:
  3725                           
  3726                           ; BSR set to: 0
  3727                           ;app_device_keyboard.c: 471:         }
  3728   0001A8  2BA1               	incf	APP_KeyboardTasks@i& (0+255),f,b
  3729   0001AA                     
  3730                           ; BSR set to: 0
  3731   0001AA  0E08               	movlw	8
  3732   0001AC  65A1               	cpfsgt	APP_KeyboardTasks@i& (0+255),b
  3733   0001AE  EFDB  F000         	goto	u3811
  3734   0001B2  EFDD  F000         	goto	u3810
  3735   0001B6                     u3811:
  3736   0001B6  EFBD  F000         	goto	l5061
  3737   0001BA                     u3810:
  3738   0001BA                     l5069:
  3739                           
  3740                           ; BSR set to: 0
  3741                           ;app_device_keyboard.c: 476:         if(keyboardIdleRate != 0)
  3742   0001BA  5181               	movf	_keyboardIdleRate& (0+255),w,b
  3743   0001BC  1182               	iorwf	(_keyboardIdleRate+1)& (0+255),w,b
  3744   0001BE  B4D8               	btfsc	status,2,c
  3745   0001C0  EFE4  F000         	goto	u3821
  3746   0001C4  EFE6  F000         	goto	u3820
  3747   0001C8                     u3821:
  3748   0001C8  EFF7  F000         	goto	l5075
  3749   0001CC                     u3820:
  3750   0001CC                     
  3751                           ; BSR set to: 0
  3752                           ;app_device_keyboard.c: 477:         {;app_device_keyboard.c: 479:             if(TimeDe
      +                          ltaMilliseconds >= keyboardIdleRate)
  3753   0001CC  5181               	movf	_keyboardIdleRate& (0+255),w,b
  3754   0001CE  5D9F               	subwf	APP_KeyboardTasks@TimeDeltaMilliseconds& (0+255),w,b
  3755   0001D0  51A0               	movf	(APP_KeyboardTasks@TimeDeltaMilliseconds+1)& (0+255),w,b
  3756   0001D2  0A80               	xorlw	128
  3757   0001D4  6F9A               	movwf	??_APP_KeyboardTasks& (0+255),b
  3758   0001D6  5182               	movf	(_keyboardIdleRate+1)& (0+255),w,b
  3759   0001D8  0A80               	xorlw	128
  3760   0001DA  599A               	subwfb	??_APP_KeyboardTasks& (0+255),w,b
  3761   0001DC  A0D8               	btfss	status,0,c
  3762   0001DE  EFF3  F000         	goto	u3831
  3763   0001E2  EFF5  F000         	goto	u3830
  3764   0001E6                     u3831:
  3765   0001E6  EFF7  F000         	goto	l5075
  3766   0001EA                     u3830:
  3767   0001EA                     
  3768                           ; BSR set to: 0
  3769                           ;app_device_keyboard.c: 480:             {;app_device_keyboard.c: 481:                 n
      +                          eedToSendNewReportPacket = 1;
  3770   0001EA  0E01               	movlw	1
  3771   0001EC  6F9D               	movwf	APP_KeyboardTasks@needToSendNewReportPacket& (0+255),b
  3772   0001EE                     l5075:
  3773                           
  3774                           ; BSR set to: 0
  3775                           ;app_device_keyboard.c: 487:         if(needToSendNewReportPacket == 1)
  3776   0001EE  059D               	decf	APP_KeyboardTasks@needToSendNewReportPacket& (0+255),w,b
  3777   0001F0  A4D8               	btfss	status,2,c
  3778   0001F2  EFFD  F000         	goto	u3841
  3779   0001F6  EFFF  F000         	goto	u3840
  3780   0001FA                     u3841:
  3781   0001FA  EF1B  F001         	goto	l5083
  3782   0001FE                     u3840:
  3783   0001FE                     
  3784                           ; BSR set to: 0
  3785                           ;app_device_keyboard.c: 488:         {;app_device_keyboard.c: 492:             oldInputR
      +                          eport = inputReport;
  3786   0001FE  EE25 F000          	lfsr	2,1280
  3787   000202  EE10  F060         	lfsr	1,_oldInputReport
  3788   000206  0E08               	movlw	8
  3789   000208                     u3851:
  3790   000208  CFDB FFE3          	movff	plusw2,plusw1
  3791   00020C  06E8               	decf	wreg,f,c
  3792   00020E  E2FC               	bc	u3851
  3793   000210                     
  3794                           ; BSR set to: 0
  3795                           ;app_device_keyboard.c: 495:             keyboard.lastINTransmission = USBTransferOnePac
      +                          ket(1,1,(uint8_t*)&inputReport,sizeof(inputReport));
  3796   000210  0E01               	movlw	1
  3797   000212  6F8F               	movwf	USBTransferOnePacket@dir& (0+255),b
  3798   000214  0E00               	movlw	0
  3799   000216  6F90               	movwf	USBTransferOnePacket@data& (0+255),b
  3800   000218  0E05               	movlw	5
  3801   00021A  6F91               	movwf	(USBTransferOnePacket@data+1)& (0+255),b
  3802   00021C  0E09               	movlw	9
  3803   00021E  6F92               	movwf	USBTransferOnePacket@len& (0+255),b
  3804   000220  0E01               	movlw	1
  3805   000222  EC88  F007         	call	_USBTransferOnePacket
  3806   000226  C08F  F06F         	movff	?_USBTransferOnePacket,_keyboard
  3807   00022A  C090  F070         	movff	?_USBTransferOnePacket+1,_keyboard+1
  3808   00022E                     
  3809                           ;app_device_keyboard.c: 499:             OldSOFCount = LocalSOFCount;
  3810   00022E  C07F  F07D         	movff	_LocalSOFCount,_OldSOFCount
  3811   000232  C080  F07E         	movff	_LocalSOFCount+1,_OldSOFCount+1
  3812   000236                     l5083:
  3813                           
  3814                           ;app_device_keyboard.c: 509:     if(((consumer.lastINTransmission != 0x0000) && ((*(vola
      +                          tile uint8_t*)consumer.lastINTransmission & 0x80) != 0x00)) == 0)
  3815   000236  0100               	movlb	0	; () banked
  3816   000238  5169               	movf	_consumer& (0+255),w,b
  3817   00023A  116A               	iorwf	(_consumer+1)& (0+255),w,b
  3818   00023C  B4D8               	btfsc	status,2,c
  3819   00023E  EF23  F001         	goto	u3861
  3820   000242  EF25  F001         	goto	u3860
  3821   000246                     u3861:
  3822   000246  EF30  F001         	goto	l5087
  3823   00024A                     u3860:
  3824   00024A                     
  3825                           ; BSR set to: 0
  3826   00024A  C069  FFD9         	movff	_consumer,fsr2l
  3827   00024E  C06A  FFDA         	movff	_consumer+1,fsr2h
  3828   000252  BEDF               	btfsc	indf2,7,c
  3829   000254  EF2E  F001         	goto	u3871
  3830   000258  EF30  F001         	goto	u3870
  3831   00025C                     u3871:
  3832   00025C  EFA0  F001         	goto	l5131
  3833   000260                     u3870:
  3834   000260                     l5087:
  3835                           
  3836                           ; BSR set to: 0
  3837                           ;app_device_keyboard.c: 510:     {;app_device_keyboard.c: 512:         memset(&consumerR
      +                          eport, 0, sizeof(consumerReport));
  3838   000260  0E0A               	movlw	10
  3839   000262  6F8F               	movwf	memset@dest& (0+255),b
  3840   000264  0E05               	movlw	5
  3841   000266  6F90               	movwf	(memset@dest+1)& (0+255),b
  3842   000268  0E00               	movlw	0
  3843   00026A  6F92               	movwf	(memset@c+1)& (0+255),b
  3844   00026C  0E00               	movlw	0
  3845   00026E  6F91               	movwf	memset@c& (0+255),b
  3846   000270  0E00               	movlw	0
  3847   000272  6F94               	movwf	(memset@n+1)& (0+255),b
  3848   000274  0E02               	movlw	2
  3849   000276  6F93               	movwf	memset@n& (0+255),b
  3850   000278  EC3A  F012         	call	_memset	;wreg free
  3851   00027C                     
  3852                           ;app_device_keyboard.c: 513:         consumerReport.reportID = 0x02;
  3853   00027C  0E02               	movlw	2
  3854   00027E  0105               	movlb	5	; () banked
  3855   000280  6F0A               	movwf	10,b
  3856   000282                     
  3857                           ; BSR set to: 5
  3858                           ;app_device_keyboard.c: 516:         ENCODER_DIRECTION encoder_dir = ENCODER_GetDirectio
      +                          n();
  3859   000282  ECD6  F011         	call	_ENCODER_GetDirection	;wreg free
  3860   000286  0100               	movlb	0	; () banked
  3861   000288  6F9E               	movwf	APP_KeyboardTasks@encoder_dir& (0+255),b
  3862   00028A                     
  3863                           ; BSR set to: 0
  3864                           ;app_device_keyboard.c: 518:         if(encoder_dir == ENCODER_CW)
  3865   00028A  059E               	decf	APP_KeyboardTasks@encoder_dir& (0+255),w,b
  3866   00028C  A4D8               	btfss	status,2,c
  3867   00028E  EF4B  F001         	goto	u3881
  3868   000292  EF4D  F001         	goto	u3880
  3869   000296                     u3881:
  3870   000296  EF54  F001         	goto	l5101
  3871   00029A                     u3880:
  3872   00029A                     
  3873                           ; BSR set to: 0
  3874                           ;app_device_keyboard.c: 519:         {;app_device_keyboard.c: 521:             consumerR
      +                          eport.reportID = 0x02;
  3875   00029A  0E02               	movlw	2
  3876   00029C  0105               	movlb	5	; () banked
  3877   00029E  6F0A               	movwf	10,b
  3878   0002A0                     
  3879                           ; BSR set to: 5
  3880                           ;app_device_keyboard.c: 522:             consumerReport.controls.value = 0;
  3881   0002A0  6B0B               	clrf	11,b
  3882   0002A2                     
  3883                           ; BSR set to: 5
  3884                           ;app_device_keyboard.c: 523:             consumerReport.controls.bits.volumeUp = 1;
  3885   0002A2  8B0B               	bsf	11,5,b
  3886                           
  3887                           ;app_device_keyboard.c: 524:         }
  3888   0002A4  EF62  F001         	goto	l5109
  3889   0002A8                     l5101:
  3890                           
  3891                           ; BSR set to: 0
  3892   0002A8  0E02               	movlw	2
  3893   0002AA  199E               	xorwf	APP_KeyboardTasks@encoder_dir& (0+255),w,b
  3894   0002AC  A4D8               	btfss	status,2,c
  3895   0002AE  EF5B  F001         	goto	u3891
  3896   0002B2  EF5D  F001         	goto	u3890
  3897   0002B6                     u3891:
  3898   0002B6  EF62  F001         	goto	l5109
  3899   0002BA                     u3890:
  3900   0002BA                     
  3901                           ; BSR set to: 0
  3902                           ;app_device_keyboard.c: 526:         {;app_device_keyboard.c: 528:             consumerR
      +                          eport.reportID = 0x02;
  3903   0002BA  0E02               	movlw	2
  3904   0002BC  0105               	movlb	5	; () banked
  3905   0002BE  6F0A               	movwf	10,b
  3906   0002C0                     
  3907                           ; BSR set to: 5
  3908                           ;app_device_keyboard.c: 529:             consumerReport.controls.value = 0;
  3909   0002C0  6B0B               	clrf	11,b
  3910   0002C2                     
  3911                           ; BSR set to: 5
  3912                           ;app_device_keyboard.c: 530:             consumerReport.controls.bits.volumeDown = 1;
  3913   0002C2  8D0B               	bsf	11,6,b
  3914   0002C4                     l5109:
  3915                           
  3916                           ;app_device_keyboard.c: 536:         needToSendNewReportPacket_consumer = 0;
  3917   0002C4  0100               	movlb	0	; () banked
  3918   0002C6  6B9C               	clrf	APP_KeyboardTasks@needToSendNewReportPacket_consumer& (0+255),b
  3919   0002C8                     
  3920                           ; BSR set to: 0
  3921                           ;app_device_keyboard.c: 537:         for(i = 0; i < sizeof(consumerReport); i++)
  3922   0002C8  6BA1               	clrf	APP_KeyboardTasks@i& (0+255),b
  3923   0002CA                     l5117:
  3924                           
  3925                           ; BSR set to: 0
  3926                           ;app_device_keyboard.c: 538:         {;app_device_keyboard.c: 539:             if(*((uin
      +                          t8_t*)&oldconsumerReport + i) != *((uint8_t*)&consumerReport + i))
  3927   0002CA  0E0A               	movlw	10
  3928   0002CC  25A1               	addwf	APP_KeyboardTasks@i& (0+255),w,b
  3929   0002CE  6ED9               	movwf	fsr2l,c
  3930   0002D0  6ADA               	clrf	fsr2h,c
  3931   0002D2  0E05               	movlw	5
  3932   0002D4  22DA               	addwfc	fsr2h,f,c
  3933   0002D6  51A1               	movf	APP_KeyboardTasks@i& (0+255),w,b
  3934   0002D8  0F83               	addlw	low _oldconsumerReport
  3935   0002DA  6EE1               	movwf	fsr1l,c
  3936   0002DC  6AE2               	clrf	fsr1h,c
  3937   0002DE  50DE               	movf	postinc2,w,c
  3938   0002E0  18E6               	xorwf	postinc1,w,c
  3939   0002E2  B4D8               	btfsc	status,2,c
  3940   0002E4  EF76  F001         	goto	u3901
  3941   0002E8  EF78  F001         	goto	u3900
  3942   0002EC                     u3901:
  3943   0002EC  EF7C  F001         	goto	l5121
  3944   0002F0                     u3900:
  3945   0002F0                     
  3946                           ; BSR set to: 0
  3947                           ;app_device_keyboard.c: 540:             {;app_device_keyboard.c: 541:                 n
      +                          eedToSendNewReportPacket_consumer = 1;
  3948   0002F0  0E01               	movlw	1
  3949   0002F2  6F9C               	movwf	APP_KeyboardTasks@needToSendNewReportPacket_consumer& (0+255),b
  3950                           
  3951                           ;app_device_keyboard.c: 542:                 break;
  3952   0002F4  EF85  F001         	goto	l5125
  3953   0002F8                     l5121:
  3954                           
  3955                           ; BSR set to: 0
  3956                           ;app_device_keyboard.c: 544:         }
  3957   0002F8  2BA1               	incf	APP_KeyboardTasks@i& (0+255),f,b
  3958   0002FA                     
  3959                           ; BSR set to: 0
  3960   0002FA  0E01               	movlw	1
  3961   0002FC  65A1               	cpfsgt	APP_KeyboardTasks@i& (0+255),b
  3962   0002FE  EF83  F001         	goto	u3911
  3963   000302  EF85  F001         	goto	u3910
  3964   000306                     u3911:
  3965   000306  EF65  F001         	goto	l5117
  3966   00030A                     u3910:
  3967   00030A                     l5125:
  3968                           
  3969                           ; BSR set to: 0
  3970                           ;app_device_keyboard.c: 550:         if(needToSendNewReportPacket_consumer == 1)
  3971   00030A  059C               	decf	APP_KeyboardTasks@needToSendNewReportPacket_consumer& (0+255),w,b
  3972   00030C  A4D8               	btfss	status,2,c
  3973   00030E  EF8B  F001         	goto	u3921
  3974   000312  EF8D  F001         	goto	u3920
  3975   000316                     u3921:
  3976   000316  EFA0  F001         	goto	l5131
  3977   00031A                     u3920:
  3978   00031A                     
  3979                           ; BSR set to: 0
  3980                           ;app_device_keyboard.c: 551:         {;app_device_keyboard.c: 555:             oldconsum
      +                          erReport = consumerReport;
  3981   00031A  C50A F083          	movff	1290,_oldconsumerReport
  3982   00031E  C50B F084          	movff	1291,_oldconsumerReport+1
  3983   000322                     
  3984                           ; BSR set to: 0
  3985                           ;app_device_keyboard.c: 558:             consumer.lastINTransmission = USBTransferOnePac
      +                          ket(1,1,(uint8_t*)&consumerReport,sizeof(consumerReport));
  3986   000322  0E01               	movlw	1
  3987   000324  6F8F               	movwf	USBTransferOnePacket@dir& (0+255),b
  3988   000326  0E0A               	movlw	10
  3989   000328  6F90               	movwf	USBTransferOnePacket@data& (0+255),b
  3990   00032A  0E05               	movlw	5
  3991   00032C  6F91               	movwf	(USBTransferOnePacket@data+1)& (0+255),b
  3992   00032E  0E02               	movlw	2
  3993   000330  6F92               	movwf	USBTransferOnePacket@len& (0+255),b
  3994   000332  0E01               	movlw	1
  3995   000334  EC88  F007         	call	_USBTransferOnePacket
  3996   000338  C08F  F069         	movff	?_USBTransferOnePacket,_consumer
  3997   00033C  C090  F06A         	movff	?_USBTransferOnePacket+1,_consumer+1
  3998   000340                     l5131:
  3999                           
  4000                           ;app_device_keyboard.c: 618:     if(((keyboard.lastOUTTransmission != 0x0000) && ((*(vol
      +                          atile uint8_t*)keyboard.lastOUTTransmission & 0x80) != 0x00)) == 0)
  4001   000340  0100               	movlb	0	; () banked
  4002   000342  5171               	movf	(_keyboard+2)& (0+255),w,b
  4003   000344  1172               	iorwf	(_keyboard+3)& (0+255),w,b
  4004   000346  B4D8               	btfsc	status,2,c
  4005   000348  EFA8  F001         	goto	u3931
  4006   00034C  EFAA  F001         	goto	u3930
  4007   000350                     u3931:
  4008   000350  EFB5  F001         	goto	l5135
  4009   000354                     u3930:
  4010   000354                     
  4011                           ; BSR set to: 0
  4012   000354  C071  FFD9         	movff	_keyboard+2,fsr2l
  4013   000358  C072  FFDA         	movff	_keyboard+3,fsr2h
  4014   00035C  BEDF               	btfsc	indf2,7,c
  4015   00035E  EFB3  F001         	goto	u3941
  4016   000362  EFB5  F001         	goto	u3940
  4017   000366                     u3941:
  4018   000366  EFC7  F001         	goto	l82
  4019   00036A                     u3940:
  4020   00036A                     l5135:
  4021                           
  4022                           ; BSR set to: 0
  4023                           ;app_device_keyboard.c: 619:     {;app_device_keyboard.c: 620:         APP_KeyboardProce
      +                          ssOutputReport();
  4024   00036A  ECD2  F012         	call	_APP_KeyboardProcessOutputReport	;wreg free
  4025   00036E                     
  4026                           ;app_device_keyboard.c: 622:         keyboard.lastOUTTransmission = USBTransferOnePacket
      +                          (1,0,(uint8_t*)&outputReport,sizeof(outputReport));
  4027   00036E  0E00               	movlw	0
  4028   000370  0100               	movlb	0	; () banked
  4029   000372  6F8F               	movwf	USBTransferOnePacket@dir& (0+255),b
  4030   000374  0E09               	movlw	9
  4031   000376  6F90               	movwf	USBTransferOnePacket@data& (0+255),b
  4032   000378  0E05               	movlw	5
  4033   00037A  6F91               	movwf	(USBTransferOnePacket@data+1)& (0+255),b
  4034   00037C  0E01               	movlw	1
  4035   00037E  6F92               	movwf	USBTransferOnePacket@len& (0+255),b
  4036   000380  0E01               	movlw	1
  4037   000382  EC88  F007         	call	_USBTransferOnePacket
  4038   000386  C08F  F071         	movff	?_USBTransferOnePacket,_keyboard+2
  4039   00038A  C090  F072         	movff	?_USBTransferOnePacket+1,_keyboard+3
  4040   00038E                     l82:
  4041   00038E  0012               	return		;funcret
  4042   000390                     __end_of_APP_KeyboardTasks:
  4043                           	callstack 0
  4044                           
  4045 ;; *************** function _memset *****************
  4046 ;; Defined at:
  4047 ;;		line 3 in file "C:\Program Files\Microchip\xc8\v3.00\pic\sources\c99\common\memset.c"
  4048 ;; Parameters:    Size  Location     Type
  4049 ;;  dest            2    0[BANK0 ] PTR void 
  4050 ;;		 -> USBAlternateInterface(1), BDT(32), UEP1(1), consumerReport(2), 
  4051 ;;		 -> inputReport(9), 
  4052 ;;  c               2    2[BANK0 ] int 
  4053 ;;  n               2    4[BANK0 ] unsigned int 
  4054 ;; Auto vars:     Size  Location     Type
  4055 ;;  p               2    6[BANK0 ] PTR unsigned char 
  4056 ;;		 -> USBAlternateInterface(1), BDT(32), UEP1(1), consumerReport(2), 
  4057 ;;		 -> inputReport(9), 
  4058 ;; Return value:  Size  Location     Type
  4059 ;;                  2    0[BANK0 ] PTR void 
  4060 ;; Registers used:
  4061 ;;		wreg, fsr2l, fsr2h, status,2, status,0
  4062 ;; Tracked objects:
  4063 ;;		On entry : 0/0
  4064 ;;		On exit  : 0/0
  4065 ;;		Unchanged: 0/0
  4066 ;; Data sizes:     COMRAM   BANK0   BANK1   BANK2   BANK3  BANK4h  BANK5h   BANK6   BANK7
  4067 ;;      Params:         0       6       0       0       0       0       0       0       0
  4068 ;;      Locals:         0       2       0       0       0       0       0       0       0
  4069 ;;      Temps:          0       0       0       0       0       0       0       0       0
  4070 ;;      Totals:         0       8       0       0       0       0       0       0       0
  4071 ;;Total ram usage:        8 bytes
  4072 ;; Hardware stack levels used: 1
  4073 ;; Hardware stack levels required when called: 10
  4074 ;; This function calls:
  4075 ;;		Nothing
  4076 ;; This function is called by:
  4077 ;;		_APP_KeyboardTasks
  4078 ;;		_USBDeviceInit
  4079 ;; This function uses a non-reentrant model
  4080 ;;
  4081                           
  4082                           	psect	text7
  4083   002474                     __ptext7:
  4084                           	callstack 0
  4085   002474                     _memset:
  4086                           	callstack 19
  4087   002474  C08F  F095         	movff	memset@dest,memset@p
  4088   002478  C090  F096         	movff	memset@dest+1,memset@p+1
  4089   00247C  EF48  F012         	goto	l4991
  4090   002480                     l4987:
  4091                           
  4092                           ; BSR set to: 0
  4093   002480  C095  FFD9         	movff	memset@p,fsr2l
  4094   002484  C096  FFDA         	movff	memset@p+1,fsr2h
  4095   002488  C091  FFDF         	movff	memset@c,indf2
  4096   00248C                     
  4097                           ; BSR set to: 0
  4098   00248C  4B95               	infsnz	memset@p& (0+255),f,b
  4099   00248E  2B96               	incf	(memset@p+1)& (0+255),f,b
  4100   002490                     l4991:
  4101   002490  0100               	movlb	0	; () banked
  4102   002492  0793               	decf	memset@n& (0+255),f,b
  4103   002494  A0D8               	btfss	status,0,c
  4104   002496  0794               	decf	(memset@n+1)& (0+255),f,b
  4105   002498  2993               	incf	memset@n& (0+255),w,b
  4106   00249A  E106               	bnz	u3651
  4107   00249C  2994               	incf	(memset@n+1)& (0+255),w,b
  4108   00249E  A4D8               	btfss	status,2,c
  4109   0024A0  EF54  F012         	goto	u3651
  4110   0024A4  EF56  F012         	goto	u3650
  4111   0024A8                     u3651:
  4112   0024A8  EF40  F012         	goto	l4987
  4113   0024AC                     u3650:
  4114   0024AC                     
  4115                           ; BSR set to: 0
  4116   0024AC  0012               	return		;funcret
  4117   0024AE                     __end_of_memset:
  4118                           	callstack 0
  4119                           
  4120 ;; *************** function _USBTransferOnePacket *****************
  4121 ;; Defined at:
  4122 ;;		line 999 in file "usb_device.c"
  4123 ;; Parameters:    Size  Location     Type
  4124 ;;  ep              1    wreg     unsigned char 
  4125 ;;  dir             1    0[BANK0 ] unsigned char 
  4126 ;;  data            2    1[BANK0 ] PTR unsigned char 
  4127 ;;		 -> consumerReport(2), inputReport(9), outputReport(1), 
  4128 ;;  len             1    3[BANK0 ] unsigned char 
  4129 ;; Auto vars:     Size  Location     Type
  4130 ;;  ep              1    8[BANK0 ] unsigned char 
  4131 ;;  handle          2    9[BANK0 ] PTR volatile struct __BD
  4132 ;;		 -> RAM(2047), BDT(32), NULL(0), 
  4133 ;; Return value:  Size  Location     Type
  4134 ;;                  2    0[BANK0 ] PTR void 
  4135 ;; Registers used:
  4136 ;;		wreg, fsr2l, fsr2h, status,2, status,0, prodl, prodh
  4137 ;; Tracked objects:
  4138 ;;		On entry : 0/0
  4139 ;;		On exit  : 0/0
  4140 ;;		Unchanged: 0/0
  4141 ;; Data sizes:     COMRAM   BANK0   BANK1   BANK2   BANK3  BANK4h  BANK5h   BANK6   BANK7
  4142 ;;      Params:         0       4       0       0       0       0       0       0       0
  4143 ;;      Locals:         0       3       0       0       0       0       0       0       0
  4144 ;;      Temps:          0       4       0       0       0       0       0       0       0
  4145 ;;      Totals:         0      11       0       0       0       0       0       0       0
  4146 ;;Total ram usage:       11 bytes
  4147 ;; Hardware stack levels used: 1
  4148 ;; Hardware stack levels required when called: 10
  4149 ;; This function calls:
  4150 ;;		Nothing
  4151 ;; This function is called by:
  4152 ;;		_APP_KeyboardTasks
  4153 ;; This function uses a non-reentrant model
  4154 ;;
  4155                           
  4156                           	psect	text8
  4157   000F10                     __ptext8:
  4158                           	callstack 0
  4159   000F10                     _USBTransferOnePacket:
  4160                           	callstack 19
  4161                           
  4162                           ; BSR set to: 0
  4163                           ;incstack = 0
  4164                           ;USBTransferOnePacket@ep stored from wreg
  4165   000F10  0100               	movlb	0	; () banked
  4166   000F12  6F97               	movwf	USBTransferOnePacket@ep& (0+255),b
  4167   000F14                     
  4168                           ;usb_device.c: 999: void* USBTransferOnePacket(uint8_t ep,uint8_t dir,uint8_t* data,uint
      +                          8_t len);usb_device.c: 1000: {;usb_device.c: 1001:     volatile BDT_ENTRY* handle;;usb_d
      +                          evice.c: 1004:     if(dir != 0)
  4169   000F14  0100               	movlb	0	; () banked
  4170   000F16  518F               	movf	USBTransferOnePacket@dir& (0+255),w,b
  4171   000F18  B4D8               	btfsc	status,2,c
  4172   000F1A  EF91  F007         	goto	u2811
  4173   000F1E  EF93  F007         	goto	u2810
  4174   000F22                     u2811:
  4175   000F22  EF9F  F007         	goto	l4041
  4176   000F26                     u2810:
  4177   000F26                     
  4178                           ; BSR set to: 0
  4179                           ;usb_device.c: 1005:     {;usb_device.c: 1007:         handle = pBDTEntryIn[ep];
  4180   000F26  5197               	movf	USBTransferOnePacket@ep& (0+255),w,b
  4181   000F28  0D02               	mullw	2
  4182   000F2A  50F3               	movf	243,w,c
  4183   000F2C  0F0D               	addlw	low _pBDTEntryIn
  4184   000F2E  6ED9               	movwf	fsr2l,c
  4185   000F30  6ADA               	clrf	fsr2h,c
  4186   000F32  CFDE F098          	movff	postinc2,USBTransferOnePacket@handle
  4187   000F36  CFDD F099          	movff	postdec2,USBTransferOnePacket@handle+1
  4188                           
  4189                           ;usb_device.c: 1008:     }
  4190   000F3A  EFA9  F007         	goto	l4043
  4191   000F3E                     l4041:
  4192                           
  4193                           ; BSR set to: 0
  4194                           ;usb_device.c: 1010:     {;usb_device.c: 1012:         handle = pBDTEntryOut[ep];
  4195   000F3E  5197               	movf	USBTransferOnePacket@ep& (0+255),w,b
  4196   000F40  0D02               	mullw	2
  4197   000F42  50F3               	movf	243,w,c
  4198   000F44  0F11               	addlw	low _pBDTEntryOut
  4199   000F46  6ED9               	movwf	fsr2l,c
  4200   000F48  6ADA               	clrf	fsr2h,c
  4201   000F4A  CFDE F098          	movff	postinc2,USBTransferOnePacket@handle
  4202   000F4E  CFDD F099          	movff	postdec2,USBTransferOnePacket@handle+1
  4203   000F52                     l4043:
  4204                           
  4205                           ; BSR set to: 0
  4206                           ;usb_device.c: 1017:     if(handle == 0)
  4207   000F52  5198               	movf	USBTransferOnePacket@handle& (0+255),w,b
  4208   000F54  1199               	iorwf	(USBTransferOnePacket@handle+1)& (0+255),w,b
  4209   000F56  A4D8               	btfss	status,2,c
  4210   000F58  EFB0  F007         	goto	u2821
  4211   000F5C  EFB2  F007         	goto	u2820
  4212   000F60                     u2821:
  4213   000F60  EFB8  F007         	goto	l4049
  4214   000F64                     u2820:
  4215   000F64                     
  4216                           ; BSR set to: 0
  4217                           ;usb_device.c: 1018:     {;usb_device.c: 1019:         return 0;
  4218   000F64  0E00               	movlw	0
  4219   000F66  6F8F               	movwf	?_USBTransferOnePacket& (0+255),b
  4220   000F68  0E00               	movlw	0
  4221   000F6A  6F90               	movwf	(?_USBTransferOnePacket+1)& (0+255),b
  4222   000F6C  EF1C  F008         	goto	l448
  4223   000F70                     l4049:
  4224                           
  4225                           ; BSR set to: 0
  4226                           ;usb_device.c: 1033:     handle->ADR = ((uint16_t)(data));
  4227   000F70  EE20 F002          	lfsr	2,2
  4228   000F74  5198               	movf	USBTransferOnePacket@handle& (0+255),w,b
  4229   000F76  26D9               	addwf	fsr2l,f,c
  4230   000F78  5199               	movf	(USBTransferOnePacket@handle+1)& (0+255),w,b
  4231   000F7A  22DA               	addwfc	fsr2h,f,c
  4232   000F7C  C090  FFDE         	movff	USBTransferOnePacket@data,postinc2
  4233   000F80  C091  FFDD         	movff	USBTransferOnePacket@data+1,postdec2
  4234                           
  4235                           ;usb_device.c: 1034:     handle->CNT = len;
  4236   000F84  EE20 F001          	lfsr	2,1
  4237   000F88  5198               	movf	USBTransferOnePacket@handle& (0+255),w,b
  4238   000F8A  26D9               	addwf	fsr2l,f,c
  4239   000F8C  5199               	movf	(USBTransferOnePacket@handle+1)& (0+255),w,b
  4240   000F8E  22DA               	addwfc	fsr2h,f,c
  4241   000F90  C092  FFDF         	movff	USBTransferOnePacket@len,indf2
  4242   000F94                     
  4243                           ; BSR set to: 0
  4244                           ;usb_device.c: 1035:     handle->STAT.Val &= 0x40;
  4245   000F94  C098  FFD9         	movff	USBTransferOnePacket@handle,fsr2l
  4246   000F98  C099  FFDA         	movff	USBTransferOnePacket@handle+1,fsr2h
  4247   000F9C  0E40               	movlw	64
  4248   000F9E  16DF               	andwf	indf2,f,c
  4249   000FA0                     
  4250                           ; BSR set to: 0
  4251                           ;usb_device.c: 1036:     handle->STAT.Val |= (0x08 & 0x08);
  4252   000FA0  C098  FFD9         	movff	USBTransferOnePacket@handle,fsr2l
  4253   000FA4  C099  FFDA         	movff	USBTransferOnePacket@handle+1,fsr2h
  4254   000FA8  0E00               	movlw	0
  4255   000FAA  86DB               	bsf	plusw2,3,c
  4256   000FAC                     
  4257                           ; BSR set to: 0
  4258                           ;usb_device.c: 1037:     handle->STAT.Val |= 0x80;
  4259   000FAC  C098  FFD9         	movff	USBTransferOnePacket@handle,fsr2l
  4260   000FB0  C099  FFDA         	movff	USBTransferOnePacket@handle+1,fsr2h
  4261   000FB4  0E00               	movlw	0
  4262   000FB6  8EDB               	bsf	plusw2,7,c
  4263   000FB8                     
  4264                           ; BSR set to: 0
  4265                           ;usb_device.c: 1040:     if(dir != 0)
  4266   000FB8  518F               	movf	USBTransferOnePacket@dir& (0+255),w,b
  4267   000FBA  B4D8               	btfsc	status,2,c
  4268   000FBC  EFE2  F007         	goto	u2831
  4269   000FC0  EFE4  F007         	goto	u2830
  4270   000FC4                     u2831:
  4271   000FC4  EFFF  F007         	goto	l4061
  4272   000FC8                     u2830:
  4273   000FC8                     
  4274                           ; BSR set to: 0
  4275                           ;usb_device.c: 1041:     {;usb_device.c: 1043:         pBDTEntryIn[ep] = (BDT_ENTRY*)(((
      +                          uint16_t)pBDTEntryIn[ep]) ^ 0x0004);
  4276   000FC8  5197               	movf	USBTransferOnePacket@ep& (0+255),w,b
  4277   000FCA  0D02               	mullw	2
  4278   000FCC  50F3               	movf	243,w,c
  4279   000FCE  0F0D               	addlw	low _pBDTEntryIn
  4280   000FD0  6ED9               	movwf	fsr2l,c
  4281   000FD2  6ADA               	clrf	fsr2h,c
  4282   000FD4  CFDE F093          	movff	postinc2,??_USBTransferOnePacket
  4283   000FD8  CFDD F094          	movff	postdec2,??_USBTransferOnePacket+1
  4284   000FDC  0E04               	movlw	4
  4285   000FDE  1993               	xorwf	??_USBTransferOnePacket& (0+255),w,b
  4286   000FE0  6F95               	movwf	(??_USBTransferOnePacket+2)& (0+255),b
  4287   000FE2  5194               	movf	(??_USBTransferOnePacket+1)& (0+255),w,b
  4288   000FE4  6F96               	movwf	(??_USBTransferOnePacket+3)& (0+255),b
  4289   000FE6  5197               	movf	USBTransferOnePacket@ep& (0+255),w,b
  4290   000FE8  0D02               	mullw	2
  4291   000FEA  50F3               	movf	243,w,c
  4292   000FEC  0F0D               	addlw	low _pBDTEntryIn
  4293   000FEE  6ED9               	movwf	fsr2l,c
  4294   000FF0  6ADA               	clrf	fsr2h,c
  4295   000FF2  C095  FFDE         	movff	??_USBTransferOnePacket+2,postinc2
  4296   000FF6  C096  FFDD         	movff	??_USBTransferOnePacket+3,postdec2
  4297                           
  4298                           ;usb_device.c: 1044:     }
  4299   000FFA  EF18  F008         	goto	l4063
  4300   000FFE                     l4061:
  4301                           
  4302                           ; BSR set to: 0
  4303                           ;usb_device.c: 1046:     {;usb_device.c: 1048:         pBDTEntryOut[ep] = (BDT_ENTRY*)((
      +                          (uint16_t)pBDTEntryOut[ep]) ^ 0x0004);
  4304   000FFE  5197               	movf	USBTransferOnePacket@ep& (0+255),w,b
  4305   001000  0D02               	mullw	2
  4306   001002  50F3               	movf	243,w,c
  4307   001004  0F11               	addlw	low _pBDTEntryOut
  4308   001006  6ED9               	movwf	fsr2l,c
  4309   001008  6ADA               	clrf	fsr2h,c
  4310   00100A  CFDE F093          	movff	postinc2,??_USBTransferOnePacket
  4311   00100E  CFDD F094          	movff	postdec2,??_USBTransferOnePacket+1
  4312   001012  0E04               	movlw	4
  4313   001014  1993               	xorwf	??_USBTransferOnePacket& (0+255),w,b
  4314   001016  6F95               	movwf	(??_USBTransferOnePacket+2)& (0+255),b
  4315   001018  5194               	movf	(??_USBTransferOnePacket+1)& (0+255),w,b
  4316   00101A  6F96               	movwf	(??_USBTransferOnePacket+3)& (0+255),b
  4317   00101C  5197               	movf	USBTransferOnePacket@ep& (0+255),w,b
  4318   00101E  0D02               	mullw	2
  4319   001020  50F3               	movf	243,w,c
  4320   001022  0F11               	addlw	low _pBDTEntryOut
  4321   001024  6ED9               	movwf	fsr2l,c
  4322   001026  6ADA               	clrf	fsr2h,c
  4323   001028  C095  FFDE         	movff	??_USBTransferOnePacket+2,postinc2
  4324   00102C  C096  FFDD         	movff	??_USBTransferOnePacket+3,postdec2
  4325   001030                     l4063:
  4326                           
  4327                           ; BSR set to: 0
  4328                           ;usb_device.c: 1050:     return (void*)handle;
  4329   001030  C098  F08F         	movff	USBTransferOnePacket@handle,?_USBTransferOnePacket
  4330   001034  C099  F090         	movff	USBTransferOnePacket@handle+1,?_USBTransferOnePacket+1
  4331   001038                     l448:
  4332                           
  4333                           ; BSR set to: 0
  4334   001038  0012               	return		;funcret
  4335   00103A                     __end_of_USBTransferOnePacket:
  4336                           	callstack 0
  4337                           
  4338 ;; *************** function _ENCODER_Task *****************
  4339 ;; Defined at:
  4340 ;;		line 151 in file "encoder.c"
  4341 ;; Parameters:    Size  Location     Type
  4342 ;;		None
  4343 ;; Auto vars:     Size  Location     Type
  4344 ;;  current_stat    1    3[BANK0 ] unsigned char 
  4345 ;;  direction       1    2[BANK0 ] char 
  4346 ;; Return value:  Size  Location     Type
  4347 ;;                  1    wreg      void 
  4348 ;; Registers used:
  4349 ;;		wreg, status,2, status,0, tblptrl, tblptrh, tblptru, prodl, prodh
  4350 ;; Tracked objects:
  4351 ;;		On entry : 0/0
  4352 ;;		On exit  : 0/0
  4353 ;;		Unchanged: 0/0
  4354 ;; Data sizes:     COMRAM   BANK0   BANK1   BANK2   BANK3  BANK4h  BANK5h   BANK6   BANK7
  4355 ;;      Params:         0       0       0       0       0       0       0       0       0
  4356 ;;      Locals:         0       2       0       0       0       0       0       0       0
  4357 ;;      Temps:          0       2       0       0       0       0       0       0       0
  4358 ;;      Totals:         0       4       0       0       0       0       0       0       0
  4359 ;;Total ram usage:        4 bytes
  4360 ;; Hardware stack levels used: 1
  4361 ;; Hardware stack levels required when called: 10
  4362 ;; This function calls:
  4363 ;;		Nothing
  4364 ;; This function is called by:
  4365 ;;		_APP_KeyboardTasks
  4366 ;; This function uses a non-reentrant model
  4367 ;;
  4368                           
  4369                           	psect	text9
  4370   001A0E                     __ptext9:
  4371                           	callstack 0
  4372   001A0E                     _ENCODER_Task:
  4373                           	callstack 19
  4374   001A0E                     
  4375                           ;encoder.c: 153:     uint8_t current_state;;encoder.c: 154:     int8_t direction;;encode
      +                          r.c: 157:     current_state = (PORTBbits.RB4 << 1) | PORTBbits.RB5;
  4376   001A0E  BA81               	btfsc	129,5,c	;volatile
  4377   001A10  EF0C  F00D         	goto	u2841
  4378   001A14  EF11  F00D         	goto	u2840
  4379   001A18                     u2841:
  4380   001A18  0100               	movlb	0	; () banked
  4381   001A1A  6B8F               	clrf	??_ENCODER_Task& (0+255),b
  4382   001A1C  2B8F               	incf	??_ENCODER_Task& (0+255),f,b
  4383   001A1E  EF13  F00D         	goto	u2848
  4384   001A22                     u2840:
  4385   001A22  0100               	movlb	0	; () banked
  4386   001A24  6B8F               	clrf	??_ENCODER_Task& (0+255),b
  4387   001A26                     u2848:
  4388   001A26  B881               	btfsc	129,4,c	;volatile
  4389   001A28  EF18  F00D         	goto	u2851
  4390   001A2C  EF1C  F00D         	goto	u2850
  4391   001A30                     u2851:
  4392   001A30  6B90               	clrf	(??_ENCODER_Task+1)& (0+255),b
  4393   001A32  2B90               	incf	(??_ENCODER_Task+1)& (0+255),f,b
  4394   001A34  EF1E  F00D         	goto	u2858
  4395   001A38                     u2850:
  4396   001A38  0100               	movlb	0	; () banked
  4397   001A3A  6B90               	clrf	(??_ENCODER_Task+1)& (0+255),b
  4398   001A3C                     u2858:
  4399   001A3C  90D8               	bcf	status,0,c
  4400   001A3E  3590               	rlcf	(??_ENCODER_Task+1)& (0+255),w,b
  4401   001A40  118F               	iorwf	??_ENCODER_Task& (0+255),w,b
  4402   001A42  6F92               	movwf	ENCODER_Task@current_state& (0+255),b
  4403                           
  4404                           ;encoder.c: 160:     if (current_state == last_stable_state) {
  4405   001A44  5187               	movf	_last_stable_state& (0+255),w,b
  4406   001A46  1992               	xorwf	ENCODER_Task@current_state& (0+255),w,b
  4407   001A48  A4D8               	btfss	status,2,c
  4408   001A4A  EF29  F00D         	goto	u2861
  4409   001A4E  EF2B  F00D         	goto	u2860
  4410   001A52                     u2861:
  4411   001A52  EF2E  F00D         	goto	l4071
  4412   001A56                     u2860:
  4413   001A56                     
  4414                           ; BSR set to: 0
  4415                           ;encoder.c: 161:         debounce_count = 0;
  4416   001A56  6B88               	clrf	_debounce_count& (0+255),b
  4417                           
  4418                           ;encoder.c: 162:         return;
  4419   001A58  EF6D  F00D         	goto	l761
  4420   001A5C                     l4071:
  4421                           
  4422                           ; BSR set to: 0
  4423                           ;encoder.c: 165:     debounce_count++;
  4424   001A5C  2B88               	incf	_debounce_count& (0+255),f,b
  4425   001A5E                     
  4426                           ; BSR set to: 0
  4427                           ;encoder.c: 166:     if (debounce_count < 2) {
  4428   001A5E  0E02               	movlw	2
  4429   001A60  6188               	cpfslt	_debounce_count& (0+255),b
  4430   001A62  EF35  F00D         	goto	u2871
  4431   001A66  EF37  F00D         	goto	u2870
  4432   001A6A                     u2871:
  4433   001A6A  EF39  F00D         	goto	l762
  4434   001A6E                     u2870:
  4435   001A6E  EF6D  F00D         	goto	l761
  4436   001A72                     l762:
  4437                           
  4438                           ; BSR set to: 0
  4439                           ;encoder.c: 171:     debounce_count = 0;
  4440   001A72  6B88               	clrf	_debounce_count& (0+255),b
  4441   001A74                     
  4442                           ; BSR set to: 0
  4443                           ;encoder.c: 174:     direction = encoder_table[encoder_prev_state][current_state];
  4444   001A74  518A               	movf	_encoder_prev_state& (0+255),w,b
  4445   001A76  0D04               	mullw	4
  4446   001A78  0EEF               	movlw	low _encoder_table
  4447   001A7A  24F3               	addwf	243,w,c
  4448   001A7C  6F8F               	movwf	??_ENCODER_Task& (0+255),b
  4449   001A7E  0E7E               	movlw	high _encoder_table
  4450   001A80  20F4               	addwfc	prodh,w,c
  4451   001A82  6F90               	movwf	(??_ENCODER_Task+1)& (0+255),b
  4452   001A84  5192               	movf	ENCODER_Task@current_state& (0+255),w,b
  4453   001A86  278F               	addwf	??_ENCODER_Task& (0+255),f,b
  4454   001A88  0E00               	movlw	0
  4455   001A8A  2390               	addwfc	(??_ENCODER_Task+1)& (0+255),f,b
  4456   001A8C  C08F  FFF6         	movff	??_ENCODER_Task,tblptrl
  4457   001A90  C090  FFF7         	movff	??_ENCODER_Task+1,tblptrh
  4458   001A94                     	if	0	;tblptru may be non-zero
  4459   001A94                     	endif
  4460   001A94                     	if	0	;tblptru may be non-zero
  4461   001A94                     	endif
  4462   001A94  0008               	tblrd		*
  4463   001A96  CFF5 F091          	movff	tablat,ENCODER_Task@direction
  4464   001A9A                     
  4465                           ; BSR set to: 0
  4466                           ;encoder.c: 177:     encoder_count += direction;
  4467   001A9A  5191               	movf	ENCODER_Task@direction& (0+255),w,b
  4468   001A9C  2789               	addwf	_encoder_count& (0+255),f,b
  4469   001A9E                     
  4470                           ; BSR set to: 0
  4471                           ;encoder.c: 180:     if (encoder_count > 20) {
  4472   001A9E  5189               	movf	_encoder_count& (0+255),w,b
  4473   001AA0  0A80               	xorlw	128
  4474   001AA2  0F6B               	addlw	-149
  4475   001AA4  A0D8               	btfss	status,0,c
  4476   001AA6  EF57  F00D         	goto	u2881
  4477   001AAA  EF59  F00D         	goto	u2880
  4478   001AAE                     u2881:
  4479   001AAE  EF5D  F00D         	goto	l4085
  4480   001AB2                     u2880:
  4481   001AB2                     
  4482                           ; BSR set to: 0
  4483                           ;encoder.c: 181:         encoder_count = 20;
  4484   001AB2  0E14               	movlw	20
  4485   001AB4  6F89               	movwf	_encoder_count& (0+255),b
  4486                           
  4487                           ;encoder.c: 182:     }
  4488   001AB6  EF69  F00D         	goto	l4089
  4489   001ABA                     l4085:
  4490                           
  4491                           ; BSR set to: 0
  4492   001ABA  5189               	movf	_encoder_count& (0+255),w,b
  4493   001ABC  0A80               	xorlw	128
  4494   001ABE  0F94               	addlw	148
  4495   001AC0  B0D8               	btfsc	status,0,c
  4496   001AC2  EF65  F00D         	goto	u2891
  4497   001AC6  EF67  F00D         	goto	u2890
  4498   001ACA                     u2891:
  4499   001ACA  EF69  F00D         	goto	l4089
  4500   001ACE                     u2890:
  4501   001ACE                     
  4502                           ; BSR set to: 0
  4503                           ;encoder.c: 184:         encoder_count = -20;
  4504   001ACE  0EEC               	movlw	236
  4505   001AD0  6F89               	movwf	_encoder_count& (0+255),b
  4506   001AD2                     l4089:
  4507                           
  4508                           ; BSR set to: 0
  4509                           ;encoder.c: 188:     encoder_prev_state = current_state;
  4510   001AD2  C092  F08A         	movff	ENCODER_Task@current_state,_encoder_prev_state
  4511   001AD6                     
  4512                           ; BSR set to: 0
  4513                           ;encoder.c: 189:     last_stable_state = current_state;
  4514   001AD6  C092  F087         	movff	ENCODER_Task@current_state,_last_stable_state
  4515   001ADA                     l761:
  4516                           
  4517                           ; BSR set to: 0
  4518   001ADA  0012               	return		;funcret
  4519   001ADC                     __end_of_ENCODER_Task:
  4520                           	callstack 0
  4521                           
  4522 ;; *************** function _ENCODER_GetDirection *****************
  4523 ;; Defined at:
  4524 ;;		line 122 in file "encoder.c"
  4525 ;; Parameters:    Size  Location     Type
  4526 ;;		None
  4527 ;; Auto vars:     Size  Location     Type
  4528 ;;  direction       1    0[BANK0 ] enum E2973
  4529 ;; Return value:  Size  Location     Type
  4530 ;;                  1    wreg      enum E3679
  4531 ;; Registers used:
  4532 ;;		wreg, status,2, status,0
  4533 ;; Tracked objects:
  4534 ;;		On entry : 0/0
  4535 ;;		On exit  : 0/0
  4536 ;;		Unchanged: 0/0
  4537 ;; Data sizes:     COMRAM   BANK0   BANK1   BANK2   BANK3  BANK4h  BANK5h   BANK6   BANK7
  4538 ;;      Params:         0       0       0       0       0       0       0       0       0
  4539 ;;      Locals:         0       1       0       0       0       0       0       0       0
  4540 ;;      Temps:          0       0       0       0       0       0       0       0       0
  4541 ;;      Totals:         0       1       0       0       0       0       0       0       0
  4542 ;;Total ram usage:        1 bytes
  4543 ;; Hardware stack levels used: 1
  4544 ;; Hardware stack levels required when called: 10
  4545 ;; This function calls:
  4546 ;;		Nothing
  4547 ;; This function is called by:
  4548 ;;		_APP_KeyboardTasks
  4549 ;; This function uses a non-reentrant model
  4550 ;;
  4551                           
  4552                           	psect	text10
  4553   0023AC                     __ptext10:
  4554                           	callstack 0
  4555   0023AC                     _ENCODER_GetDirection:
  4556                           	callstack 19
  4557   0023AC                     
  4558                           ;encoder.c: 124:     ENCODER_DIRECTION direction = ENCODER_NONE;
  4559   0023AC  0100               	movlb	0	; () banked
  4560   0023AE  6B8F               	clrf	ENCODER_GetDirection@direction& (0+255),b
  4561   0023B0                     
  4562                           ; BSR set to: 0
  4563                           ;encoder.c: 127:     if (encoder_count >= 4) {
  4564   0023B0  5189               	movf	_encoder_count& (0+255),w,b
  4565   0023B2  0A80               	xorlw	128
  4566   0023B4  0F7C               	addlw	-132
  4567   0023B6  A0D8               	btfss	status,0,c
  4568   0023B8  EFE0  F011         	goto	u3661
  4569   0023BC  EFE2  F011         	goto	u3660
  4570   0023C0                     u3661:
  4571   0023C0  EFE8  F011         	goto	l5001
  4572   0023C4                     u3660:
  4573   0023C4                     
  4574                           ; BSR set to: 0
  4575                           ;encoder.c: 128:         direction = ENCODER_CW;
  4576   0023C4  0E01               	movlw	1
  4577   0023C6  6F8F               	movwf	ENCODER_GetDirection@direction& (0+255),b
  4578   0023C8                     
  4579                           ; BSR set to: 0
  4580                           ;encoder.c: 129:         encoder_count -= 4;
  4581   0023C8  0EFC               	movlw	252
  4582   0023CA  2789               	addwf	_encoder_count& (0+255),f,b
  4583                           
  4584                           ;encoder.c: 130:     }
  4585   0023CC  EFF6  F011         	goto	l5007
  4586   0023D0                     l5001:
  4587                           
  4588                           ; BSR set to: 0
  4589   0023D0  5189               	movf	_encoder_count& (0+255),w,b
  4590   0023D2  0A80               	xorlw	128
  4591   0023D4  0F83               	addlw	131
  4592   0023D6  B0D8               	btfsc	status,0,c
  4593   0023D8  EFF0  F011         	goto	u3671
  4594   0023DC  EFF2  F011         	goto	u3670
  4595   0023E0                     u3671:
  4596   0023E0  EFF6  F011         	goto	l5007
  4597   0023E4                     u3670:
  4598   0023E4                     
  4599                           ; BSR set to: 0
  4600                           ;encoder.c: 132:         direction = ENCODER_CCW;
  4601   0023E4  0E02               	movlw	2
  4602   0023E6  6F8F               	movwf	ENCODER_GetDirection@direction& (0+255),b
  4603   0023E8                     
  4604                           ; BSR set to: 0
  4605                           ;encoder.c: 133:         encoder_count += 4;
  4606   0023E8  0E04               	movlw	4
  4607   0023EA  2789               	addwf	_encoder_count& (0+255),f,b
  4608   0023EC                     l5007:
  4609                           
  4610                           ; BSR set to: 0
  4611                           ;encoder.c: 136:     return direction;
  4612   0023EC  518F               	movf	ENCODER_GetDirection@direction& (0+255),w,b
  4613   0023EE                     
  4614                           ; BSR set to: 0
  4615   0023EE  0012               	return		;funcret
  4616   0023F0                     __end_of_ENCODER_GetDirection:
  4617                           	callstack 0
  4618                           
  4619 ;; *************** function _BUTTON_IsPressed *****************
  4620 ;; Defined at:
  4621 ;;		line 95 in file "buttons.c"
  4622 ;; Parameters:    Size  Location     Type
  4623 ;;  button          1    wreg     enum E2973
  4624 ;; Auto vars:     Size  Location     Type
  4625 ;;  button          1    2[BANK0 ] enum E2973
  4626 ;; Return value:  Size  Location     Type
  4627 ;;                  1    wreg      _Bool 
  4628 ;; Registers used:
  4629 ;;		wreg, status,2, status,0
  4630 ;; Tracked objects:
  4631 ;;		On entry : 0/0
  4632 ;;		On exit  : 0/0
  4633 ;;		Unchanged: 0/0
  4634 ;; Data sizes:     COMRAM   BANK0   BANK1   BANK2   BANK3  BANK4h  BANK5h   BANK6   BANK7
  4635 ;;      Params:         0       0       0       0       0       0       0       0       0
  4636 ;;      Locals:         0       1       0       0       0       0       0       0       0
  4637 ;;      Temps:          0       2       0       0       0       0       0       0       0
  4638 ;;      Totals:         0       3       0       0       0       0       0       0       0
  4639 ;;Total ram usage:        3 bytes
  4640 ;; Hardware stack levels used: 1
  4641 ;; Hardware stack levels required when called: 10
  4642 ;; This function calls:
  4643 ;;		Nothing
  4644 ;; This function is called by:
  4645 ;;		_APP_KeyboardTasks
  4646 ;; This function uses a non-reentrant model
  4647 ;;
  4648                           
  4649                           	psect	text11
  4650   001DDA                     __ptext11:
  4651                           	callstack 0
  4652   001DDA                     _BUTTON_IsPressed:
  4653                           	callstack 19
  4654                           
  4655                           ; BSR set to: 0
  4656                           ;incstack = 0
  4657                           ;BUTTON_IsPressed@button stored from wreg
  4658   001DDA  0100               	movlb	0	; () banked
  4659   001DDC  6F91               	movwf	BUTTON_IsPressed@button& (0+255),b
  4660   001DDE                     
  4661                           ;buttons.c: 95: _Bool BUTTON_IsPressed(BUTTON button);buttons.c: 96: {;buttons.c: 97:   
      +                            switch(button)
  4662   001DDE  EF0A  F00F         	goto	l4101
  4663   001DE2                     l166:
  4664                           
  4665                           ; BSR set to: 0
  4666                           ;buttons.c: 100:             return ( (PORTBbits.RB4 == 0) ? 1 : 0);
  4667   001DE2  A881               	btfss	129,4,c	;volatile
  4668   001DE4  EFF6  F00E         	goto	u2901
  4669   001DE8  EFF9  F00E         	goto	u2900
  4670   001DEC                     u2901:
  4671   001DEC  0E01               	movlw	1
  4672   001DEE  EFFA  F00E         	goto	u2910
  4673   001DF2                     u2900:
  4674   001DF2  0E00               	movlw	0
  4675   001DF4                     u2910:
  4676   001DF4  EF24  F00F         	goto	l167
  4677   001DF8                     l168:
  4678                           
  4679                           ; BSR set to: 0
  4680                           ;buttons.c: 103:             return ( (PORTBbits.RB5 == 0) ? 1 : 0);
  4681   001DF8  AA81               	btfss	129,5,c	;volatile
  4682   001DFA  EF01  F00F         	goto	u2921
  4683   001DFE  EF04  F00F         	goto	u2920
  4684   001E02                     u2921:
  4685   001E02  0E01               	movlw	1
  4686   001E04  EF05  F00F         	goto	u2930
  4687   001E08                     u2920:
  4688   001E08  0E00               	movlw	0
  4689   001E0A                     u2930:
  4690   001E0A  EF24  F00F         	goto	l167
  4691   001E0E                     l4095:
  4692                           
  4693                           ; BSR set to: 0
  4694                           ;buttons.c: 106:             return 0;
  4695   001E0E  0E00               	movlw	0
  4696   001E10  EF24  F00F         	goto	l167
  4697   001E14                     l4101:
  4698   001E14  0100               	movlb	0	; () banked
  4699   001E16  5191               	movf	BUTTON_IsPressed@button& (0+255),w,b
  4700   001E18  6F8F               	movwf	??_BUTTON_IsPressed& (0+255),b
  4701   001E1A  6B90               	clrf	(??_BUTTON_IsPressed+1)& (0+255),b
  4702                           
  4703                           ; Switch on 2 bytes has been partitioned into a top level switch of size 1, and 1 sub-sw
      +                          itches
  4704                           ; Switch size 1, requested type "simple"
  4705                           ; Number of cases is 1, Range of values is 0 to 0
  4706                           ; switch strategies available:
  4707                           ; Name         Instructions Cycles
  4708                           ; simple_byte            4     3 (average)
  4709                           ;	Chosen strategy is simple_byte
  4710   001E1C  5190               	movf	(??_BUTTON_IsPressed+1)& (0+255),w,b
  4711   001E1E  0A00               	xorlw	0	; case 0
  4712   001E20  B4D8               	btfsc	status,2,c
  4713   001E22  EF15  F00F         	goto	l5577
  4714   001E26  EF07  F00F         	goto	l4095
  4715   001E2A                     l5577:
  4716                           
  4717                           ; BSR set to: 0
  4718                           ; Switch size 1, requested type "simple"
  4719                           ; Number of cases is 3, Range of values is 0 to 2
  4720                           ; switch strategies available:
  4721                           ; Name         Instructions Cycles
  4722                           ; simple_byte           10     6 (average)
  4723                           ;	Chosen strategy is simple_byte
  4724   001E2A  518F               	movf	??_BUTTON_IsPressed& (0+255),w,b
  4725   001E2C  0A00               	xorlw	0	; case 0
  4726   001E2E  B4D8               	btfsc	status,2,c
  4727   001E30  EF07  F00F         	goto	l4095
  4728   001E34  0A01               	xorlw	1	; case 1
  4729   001E36  B4D8               	btfsc	status,2,c
  4730   001E38  EFF1  F00E         	goto	l166
  4731   001E3C  0A03               	xorlw	3	; case 2
  4732   001E3E  B4D8               	btfsc	status,2,c
  4733   001E40  EFFC  F00E         	goto	l168
  4734   001E44  EF07  F00F         	goto	l4095
  4735   001E48                     l167:
  4736                           
  4737                           ; BSR set to: 0
  4738   001E48  0012               	return		;funcret
  4739   001E4A                     __end_of_BUTTON_IsPressed:
  4740                           	callstack 0
  4741                           
  4742 ;; *************** function _APP_KeyboardProcessOutputReport *****************
  4743 ;; Defined at:
  4744 ;;		line 628 in file "app_device_keyboard.c"
  4745 ;; Parameters:    Size  Location     Type
  4746 ;;		None
  4747 ;; Auto vars:     Size  Location     Type
  4748 ;;		None
  4749 ;; Return value:  Size  Location     Type
  4750 ;;                  1    wreg      void 
  4751 ;; Registers used:
  4752 ;;		wreg, status,2, status,0, cstack
  4753 ;; Tracked objects:
  4754 ;;		On entry : 0/0
  4755 ;;		On exit  : 0/0
  4756 ;;		Unchanged: 0/0
  4757 ;; Data sizes:     COMRAM   BANK0   BANK1   BANK2   BANK3  BANK4h  BANK5h   BANK6   BANK7
  4758 ;;      Params:         0       0       0       0       0       0       0       0       0
  4759 ;;      Locals:         0       0       0       0       0       0       0       0       0
  4760 ;;      Temps:          0       0       0       0       0       0       0       0       0
  4761 ;;      Totals:         0       0       0       0       0       0       0       0       0
  4762 ;;Total ram usage:        0 bytes
  4763 ;; Hardware stack levels used: 1
  4764 ;; Hardware stack levels required when called: 11
  4765 ;; This function calls:
  4766 ;;		_LED_Off
  4767 ;;		_LED_On
  4768 ;; This function is called by:
  4769 ;;		_APP_KeyboardTasks
  4770 ;; This function uses a non-reentrant model
  4771 ;;
  4772                           
  4773                           	psect	text12
  4774   0025A4                     __ptext12:
  4775                           	callstack 0
  4776   0025A4                     _APP_KeyboardProcessOutputReport:
  4777                           	callstack 18
  4778   0025A4                     
  4779                           ;app_device_keyboard.c: 630:     if(outputReport.leds.capsLock)
  4780   0025A4  0105               	movlb	5	; () banked
  4781   0025A6  A309               	btfss	9,1,b	;volatile
  4782   0025A8  EFD8  F012         	goto	u3681
  4783   0025AC  EFDA  F012         	goto	u3680
  4784   0025B0                     u3681:
  4785   0025B0  EFDF  F012         	goto	l5015
  4786   0025B4                     u3680:
  4787   0025B4                     
  4788                           ; BSR set to: 5
  4789                           ;app_device_keyboard.c: 631:     {;app_device_keyboard.c: 632:         LED_On(LED_D2);
  4790   0025B4  0E02               	movlw	2
  4791   0025B6  ECC5  F00F         	call	_LED_On
  4792                           
  4793                           ;app_device_keyboard.c: 633:     }
  4794   0025BA  EFE2  F012         	goto	l120
  4795   0025BE                     l5015:
  4796                           
  4797                           ; BSR set to: 5
  4798                           ;app_device_keyboard.c: 635:     {;app_device_keyboard.c: 636:         LED_Off(LED_D2);
  4799   0025BE  0E02               	movlw	2
  4800   0025C0  ECF8  F00F         	call	_LED_Off
  4801   0025C4                     l120:
  4802   0025C4  0012               	return		;funcret
  4803   0025C6                     __end_of_APP_KeyboardProcessOutputReport:
  4804                           	callstack 0
  4805                           
  4806 ;; *************** function _LED_On *****************
  4807 ;; Defined at:
  4808 ;;		line 96 in file "leds.c"
  4809 ;; Parameters:    Size  Location     Type
  4810 ;;  led             1    wreg     enum E2
  4811 ;; Auto vars:     Size  Location     Type
  4812 ;;  led             1    2[BANK0 ] enum E2
  4813 ;; Return value:  Size  Location     Type
  4814 ;;                  1    wreg      void 
  4815 ;; Registers used:
  4816 ;;		wreg, status,2, status,0
  4817 ;; Tracked objects:
  4818 ;;		On entry : 0/0
  4819 ;;		On exit  : 0/0
  4820 ;;		Unchanged: 0/0
  4821 ;; Data sizes:     COMRAM   BANK0   BANK1   BANK2   BANK3  BANK4h  BANK5h   BANK6   BANK7
  4822 ;;      Params:         0       0       0       0       0       0       0       0       0
  4823 ;;      Locals:         0       1       0       0       0       0       0       0       0
  4824 ;;      Temps:          0       2       0       0       0       0       0       0       0
  4825 ;;      Totals:         0       3       0       0       0       0       0       0       0
  4826 ;;Total ram usage:        3 bytes
  4827 ;; Hardware stack levels used: 1
  4828 ;; Hardware stack levels required when called: 10
  4829 ;; This function calls:
  4830 ;;		Nothing
  4831 ;; This function is called by:
  4832 ;;		_APP_KeyboardProcessOutputReport
  4833 ;; This function uses a non-reentrant model
  4834 ;;
  4835                           
  4836                           	psect	text13
  4837   001F8A                     __ptext13:
  4838                           	callstack 0
  4839   001F8A                     _LED_On:
  4840                           	callstack 18
  4841                           
  4842                           ;incstack = 0
  4843                           ;LED_On@led stored from wreg
  4844   001F8A  0100               	movlb	0	; () banked
  4845   001F8C  6F91               	movwf	LED_On@led& (0+255),b
  4846   001F8E                     
  4847                           ;leds.c: 96: void LED_On(LED led);leds.c: 97: {;leds.c: 98:     switch(led)
  4848   001F8E  EFD5  F00F         	goto	l3925
  4849   001F92                     l186:
  4850                           
  4851                           ; BSR set to: 0
  4852                           ;leds.c: 101:             LATAbits.LATA3 = 1;
  4853   001F92  8689               	bsf	137,3,c	;volatile
  4854                           
  4855                           ;leds.c: 102:             break;
  4856   001F94  EFF7  F00F         	goto	l192
  4857   001F98                     l188:
  4858                           
  4859                           ; BSR set to: 0
  4860                           ;leds.c: 105:             LATAbits.LATA1 = 1;
  4861   001F98  8289               	bsf	137,1,c	;volatile
  4862                           
  4863                           ;leds.c: 106:             break;
  4864   001F9A  EFF7  F00F         	goto	l192
  4865   001F9E                     l189:
  4866                           
  4867                           ; BSR set to: 0
  4868                           ;leds.c: 109:             LATAbits.LATA2 = 1;
  4869   001F9E  8489               	bsf	137,2,c	;volatile
  4870                           
  4871                           ;leds.c: 110:             break;
  4872   001FA0  EFF7  F00F         	goto	l192
  4873   001FA4                     l190:
  4874                           
  4875                           ; BSR set to: 0
  4876                           ;leds.c: 113:             LATAbits.LATA3 = 1;
  4877   001FA4  8689               	bsf	137,3,c	;volatile
  4878                           
  4879                           ;leds.c: 114:             break;
  4880   001FA6  EFF7  F00F         	goto	l192
  4881   001FAA                     l3925:
  4882   001FAA  0100               	movlb	0	; () banked
  4883   001FAC  5191               	movf	LED_On@led& (0+255),w,b
  4884   001FAE  6F8F               	movwf	??_LED_On& (0+255),b
  4885   001FB0  6B90               	clrf	(??_LED_On+1)& (0+255),b
  4886                           
  4887                           ; Switch on 2 bytes has been partitioned into a top level switch of size 1, and 1 sub-sw
      +                          itches
  4888                           ; Switch size 1, requested type "simple"
  4889                           ; Number of cases is 1, Range of values is 0 to 0
  4890                           ; switch strategies available:
  4891                           ; Name         Instructions Cycles
  4892                           ; simple_byte            4     3 (average)
  4893                           ;	Chosen strategy is simple_byte
  4894   001FB2  5190               	movf	(??_LED_On+1)& (0+255),w,b
  4895   001FB4  0A00               	xorlw	0	; case 0
  4896   001FB6  B4D8               	btfsc	status,2,c
  4897   001FB8  EFE0  F00F         	goto	l5579
  4898   001FBC  EFF7  F00F         	goto	l192
  4899   001FC0                     l5579:
  4900                           
  4901                           ; BSR set to: 0
  4902                           ; Switch size 1, requested type "simple"
  4903                           ; Number of cases is 5, Range of values is 0 to 4
  4904                           ; switch strategies available:
  4905                           ; Name         Instructions Cycles
  4906                           ; simple_byte           16     9 (average)
  4907                           ;	Chosen strategy is simple_byte
  4908   001FC0  518F               	movf	??_LED_On& (0+255),w,b
  4909   001FC2  0A00               	xorlw	0	; case 0
  4910   001FC4  B4D8               	btfsc	status,2,c
  4911   001FC6  EFF7  F00F         	goto	l192
  4912   001FCA  0A01               	xorlw	1	; case 1
  4913   001FCC  B4D8               	btfsc	status,2,c
  4914   001FCE  EFC9  F00F         	goto	l186
  4915   001FD2  0A03               	xorlw	3	; case 2
  4916   001FD4  B4D8               	btfsc	status,2,c
  4917   001FD6  EFCC  F00F         	goto	l188
  4918   001FDA  0A01               	xorlw	1	; case 3
  4919   001FDC  B4D8               	btfsc	status,2,c
  4920   001FDE  EFCF  F00F         	goto	l189
  4921   001FE2  0A07               	xorlw	7	; case 4
  4922   001FE4  B4D8               	btfsc	status,2,c
  4923   001FE6  EFD2  F00F         	goto	l190
  4924   001FEA  EFF7  F00F         	goto	l192
  4925   001FEE                     l192:
  4926                           
  4927                           ; BSR set to: 0
  4928   001FEE  0012               	return		;funcret
  4929   001FF0                     __end_of_LED_On:
  4930                           	callstack 0
  4931                           
  4932 ;; *************** function _LED_Off *****************
  4933 ;; Defined at:
  4934 ;;		line 137 in file "leds.c"
  4935 ;; Parameters:    Size  Location     Type
  4936 ;;  led             1    wreg     enum E2
  4937 ;; Auto vars:     Size  Location     Type
  4938 ;;  led             1    2[BANK0 ] enum E2
  4939 ;; Return value:  Size  Location     Type
  4940 ;;                  1    wreg      void 
  4941 ;; Registers used:
  4942 ;;		wreg, status,2, status,0
  4943 ;; Tracked objects:
  4944 ;;		On entry : 0/0
  4945 ;;		On exit  : 0/0
  4946 ;;		Unchanged: 0/0
  4947 ;; Data sizes:     COMRAM   BANK0   BANK1   BANK2   BANK3  BANK4h  BANK5h   BANK6   BANK7
  4948 ;;      Params:         0       0       0       0       0       0       0       0       0
  4949 ;;      Locals:         0       1       0       0       0       0       0       0       0
  4950 ;;      Temps:          0       2       0       0       0       0       0       0       0
  4951 ;;      Totals:         0       3       0       0       0       0       0       0       0
  4952 ;;Total ram usage:        3 bytes
  4953 ;; Hardware stack levels used: 1
  4954 ;; Hardware stack levels required when called: 10
  4955 ;; This function calls:
  4956 ;;		Nothing
  4957 ;; This function is called by:
  4958 ;;		_APP_KeyboardProcessOutputReport
  4959 ;; This function uses a non-reentrant model
  4960 ;;
  4961                           
  4962                           	psect	text14
  4963   001FF0                     __ptext14:
  4964                           	callstack 0
  4965   001FF0                     _LED_Off:
  4966                           	callstack 18
  4967                           
  4968                           ; BSR set to: 0
  4969                           ;incstack = 0
  4970                           ;LED_Off@led stored from wreg
  4971   001FF0  0100               	movlb	0	; () banked
  4972   001FF2  6F91               	movwf	LED_Off@led& (0+255),b
  4973   001FF4                     
  4974                           ;leds.c: 137: void LED_Off(LED led);leds.c: 138: {;leds.c: 139:     switch(led)
  4975   001FF4  EF08  F010         	goto	l3937
  4976   001FF8                     l196:
  4977                           
  4978                           ; BSR set to: 0
  4979                           ;leds.c: 142:             LATAbits.LATA3 = 0;
  4980   001FF8  9689               	bcf	137,3,c	;volatile
  4981                           
  4982                           ;leds.c: 143:             break;
  4983   001FFA  EF2A  F010         	goto	l202
  4984   001FFE                     l198:
  4985                           
  4986                           ; BSR set to: 0
  4987                           ;leds.c: 146:             LATAbits.LATA1 = 0;
  4988   001FFE  9289               	bcf	137,1,c	;volatile
  4989                           
  4990                           ;leds.c: 147:             break;
  4991   002000  EF2A  F010         	goto	l202
  4992   002004                     l199:
  4993                           
  4994                           ; BSR set to: 0
  4995                           ;leds.c: 150:             LATAbits.LATA2 = 0;
  4996   002004  9489               	bcf	137,2,c	;volatile
  4997                           
  4998                           ;leds.c: 151:             break;
  4999   002006  EF2A  F010         	goto	l202
  5000   00200A                     l200:
  5001                           
  5002                           ; BSR set to: 0
  5003                           ;leds.c: 154:             LATAbits.LATA3 = 0;
  5004   00200A  9689               	bcf	137,3,c	;volatile
  5005                           
  5006                           ;leds.c: 155:             break;
  5007   00200C  EF2A  F010         	goto	l202
  5008   002010                     l3937:
  5009   002010  0100               	movlb	0	; () banked
  5010   002012  5191               	movf	LED_Off@led& (0+255),w,b
  5011   002014  6F8F               	movwf	??_LED_Off& (0+255),b
  5012   002016  6B90               	clrf	(??_LED_Off+1)& (0+255),b
  5013                           
  5014                           ; Switch on 2 bytes has been partitioned into a top level switch of size 1, and 1 sub-sw
      +                          itches
  5015                           ; Switch size 1, requested type "simple"
  5016                           ; Number of cases is 1, Range of values is 0 to 0
  5017                           ; switch strategies available:
  5018                           ; Name         Instructions Cycles
  5019                           ; simple_byte            4     3 (average)
  5020                           ;	Chosen strategy is simple_byte
  5021   002018  5190               	movf	(??_LED_Off+1)& (0+255),w,b
  5022   00201A  0A00               	xorlw	0	; case 0
  5023   00201C  B4D8               	btfsc	status,2,c
  5024   00201E  EF13  F010         	goto	l5581
  5025   002022  EF2A  F010         	goto	l202
  5026   002026                     l5581:
  5027                           
  5028                           ; BSR set to: 0
  5029                           ; Switch size 1, requested type "simple"
  5030                           ; Number of cases is 5, Range of values is 0 to 4
  5031                           ; switch strategies available:
  5032                           ; Name         Instructions Cycles
  5033                           ; simple_byte           16     9 (average)
  5034                           ;	Chosen strategy is simple_byte
  5035   002026  518F               	movf	??_LED_Off& (0+255),w,b
  5036   002028  0A00               	xorlw	0	; case 0
  5037   00202A  B4D8               	btfsc	status,2,c
  5038   00202C  EF2A  F010         	goto	l202
  5039   002030  0A01               	xorlw	1	; case 1
  5040   002032  B4D8               	btfsc	status,2,c
  5041   002034  EFFC  F00F         	goto	l196
  5042   002038  0A03               	xorlw	3	; case 2
  5043   00203A  B4D8               	btfsc	status,2,c
  5044   00203C  EFFF  F00F         	goto	l198
  5045   002040  0A01               	xorlw	1	; case 3
  5046   002042  B4D8               	btfsc	status,2,c
  5047   002044  EF02  F010         	goto	l199
  5048   002048  0A07               	xorlw	7	; case 4
  5049   00204A  B4D8               	btfsc	status,2,c
  5050   00204C  EF05  F010         	goto	l200
  5051   002050  EF2A  F010         	goto	l202
  5052   002054                     l202:
  5053                           
  5054                           ; BSR set to: 0
  5055   002054  0012               	return		;funcret
  5056   002056                     __end_of_LED_Off:
  5057                           	callstack 0
  5058                           
  5059 ;; *************** function _SYS_InterruptHigh *****************
  5060 ;; Defined at:
  5061 ;;		line 111 in file "system.c"
  5062 ;; Parameters:    Size  Location     Type
  5063 ;;		None
  5064 ;; Auto vars:     Size  Location     Type
  5065 ;;		None
  5066 ;; Return value:  Size  Location     Type
  5067 ;;                  1    wreg      void 
  5068 ;; Registers used:
  5069 ;;		wreg, fsr1l, fsr1h, fsr2l, fsr2h, status,2, status,0, pcl, pclath, pclatu, tosl, tblptrl, tblptrh, tblptru, prodl, p
      +rodh, cstack
  5070 ;; Tracked objects:
  5071 ;;		On entry : 0/0
  5072 ;;		On exit  : 0/0
  5073 ;;		Unchanged: 0/0
  5074 ;; Data sizes:     COMRAM   BANK0   BANK1   BANK2   BANK3  BANK4h  BANK5h   BANK6   BANK7
  5075 ;;      Params:         0       0       0       0       0       0       0       0       0
  5076 ;;      Locals:         0       0       0       0       0       0       0       0       0
  5077 ;;      Temps:         12       0       0       0       0       0       0       0       0
  5078 ;;      Totals:        12       0       0       0       0       0       0       0       0
  5079 ;;Total ram usage:       12 bytes
  5080 ;; Hardware stack levels used: 1
  5081 ;; Hardware stack levels required when called: 9
  5082 ;; This function calls:
  5083 ;;		_USBDeviceTasks
  5084 ;; This function is called by:
  5085 ;;		Interrupt level 2
  5086 ;; This function uses a non-reentrant model
  5087 ;;
  5088                           
  5089                           	psect	intcode
  5090   000008                     __pintcode:
  5091                           	callstack 0
  5092   000008                     _SYS_InterruptHigh:
  5093                           	callstack 18
  5094                           
  5095                           ; BSR set to: 0
  5096                           ;incstack = 0
  5097   000008  825C               	bsf	int$flags,1,c	;set compiler interrupt flag (level 2)
  5098   00000A  ED5D  F00F         	call	int_func,f	;refresh shadow registers
  5099                           
  5100                           	psect	intcode_body
  5101   001EBA                     __pintcode_body:
  5102                           	callstack 18
  5103   001EBA                     int_func:
  5104                           	callstack 18
  5105   001EBA  0006               	pop		; remove dummy address from shadow register refresh
  5106   001EBC  CFFA F050          	movff	pclath,??_SYS_InterruptHigh
  5107   001EC0  CFFB F051          	movff	pclatu,??_SYS_InterruptHigh+1
  5108   001EC4  CFE1 F052          	movff	fsr1l,??_SYS_InterruptHigh+2
  5109   001EC8  CFE2 F053          	movff	fsr1h,??_SYS_InterruptHigh+3
  5110   001ECC  CFD9 F054          	movff	fsr2l,??_SYS_InterruptHigh+4
  5111   001ED0  CFDA F055          	movff	fsr2h,??_SYS_InterruptHigh+5
  5112   001ED4  CFF3 F056          	movff	prodl,??_SYS_InterruptHigh+6
  5113   001ED8  CFF4 F057          	movff	prodh,??_SYS_InterruptHigh+7
  5114   001EDC  CFF6 F058          	movff	tblptrl,??_SYS_InterruptHigh+8
  5115   001EE0  CFF7 F059          	movff	tblptrh,??_SYS_InterruptHigh+9
  5116   001EE4  CFF8 F05A          	movff	tblptru,??_SYS_InterruptHigh+10
  5117   001EE8  CFF5 F05B          	movff	tablat,??_SYS_InterruptHigh+11
  5118   001EEC                     
  5119                           ;system.c: 114:         USBDeviceTasks();
  5120   001EEC  EC4B  F003         	call	_USBDeviceTasks	;wreg free
  5121   001EF0  C05B  FFF5         	movff	??_SYS_InterruptHigh+11,tablat
  5122   001EF4  C05A  FFF8         	movff	??_SYS_InterruptHigh+10,tblptru
  5123   001EF8  C059  FFF7         	movff	??_SYS_InterruptHigh+9,tblptrh
  5124   001EFC  C058  FFF6         	movff	??_SYS_InterruptHigh+8,tblptrl
  5125   001F00  C057  FFF4         	movff	??_SYS_InterruptHigh+7,prodh
  5126   001F04  C056  FFF3         	movff	??_SYS_InterruptHigh+6,prodl
  5127   001F08  C055  FFDA         	movff	??_SYS_InterruptHigh+5,fsr2h
  5128   001F0C  C054  FFD9         	movff	??_SYS_InterruptHigh+4,fsr2l
  5129   001F10  C053  FFE2         	movff	??_SYS_InterruptHigh+3,fsr1h
  5130   001F14  C052  FFE1         	movff	??_SYS_InterruptHigh+2,fsr1l
  5131   001F18  C051  FFFB         	movff	??_SYS_InterruptHigh+1,pclatu
  5132   001F1C  C050  FFFA         	movff	??_SYS_InterruptHigh,pclath
  5133   001F20  925C               	bcf	int$flags,1,c	;clear compiler interrupt flag (level 2)
  5134   001F22  0011               	retfie		f
  5135   001F24                     __end_of_SYS_InterruptHigh:
  5136                           	callstack 0
  5137                           
  5138 ;; *************** function _USBDeviceTasks *****************
  5139 ;; Defined at:
  5140 ;;		line 481 in file "usb_device.c"
  5141 ;; Parameters:    Size  Location     Type
  5142 ;;		None
  5143 ;; Auto vars:     Size  Location     Type
  5144 ;;  i               1   31[COMRAM] unsigned char 
  5145 ;; Return value:  Size  Location     Type
  5146 ;;                  1    wreg      void 
  5147 ;; Registers used:
  5148 ;;		wreg, fsr1l, fsr1h, fsr2l, fsr2h, status,2, status,0, pcl, pclath, pclatu, tosl, tblptrl, tblptrh, tblptru, prodl, p
      +rodh, cstack
  5149 ;; Tracked objects:
  5150 ;;		On entry : 0/0
  5151 ;;		On exit  : 0/0
  5152 ;;		Unchanged: 0/0
  5153 ;; Data sizes:     COMRAM   BANK0   BANK1   BANK2   BANK3  BANK4h  BANK5h   BANK6   BANK7
  5154 ;;      Params:         0       0       0       0       0       0       0       0       0
  5155 ;;      Locals:         1       0       0       0       0       0       0       0       0
  5156 ;;      Temps:          0       0       0       0       0       0       0       0       0
  5157 ;;      Totals:         1       0       0       0       0       0       0       0       0
  5158 ;;Total ram usage:        1 bytes
  5159 ;; Hardware stack levels used: 1
  5160 ;; Hardware stack levels required when called: 8
  5161 ;; This function calls:
  5162 ;;		_USBCtrlEPAllowStatusStage
  5163 ;;		_USBCtrlEPService
  5164 ;;		_USBIncrement1msInternalTimers
  5165 ;;		_USBStallHandler
  5166 ;;		_USBSuspend
  5167 ;;		_USBWakeFromSuspend
  5168 ;;		_USER_USB_CALLBACK_EVENT_HANDLER
  5169 ;;		i2_USBDeviceInit
  5170 ;; This function is called by:
  5171 ;;		_SYS_InterruptHigh
  5172 ;; This function uses a non-reentrant model
  5173 ;;
  5174                           
  5175                           	psect	text16
  5176   000696                     __ptext16:
  5177                           	callstack 0
  5178   000696                     _USBDeviceTasks:
  5179                           	callstack 18
  5180   000696                     
  5181                           ;usb_device.c: 483:     uint8_t i;;usb_device.c: 594:     if(USBDeviceState == ATTACHED_
      +                          STATE)
  5182   000696  042C               	decf	_USBDeviceState^0,w,c	;volatile
  5183   000698  A4D8               	btfss	status,2,c
  5184   00069A  EF51  F003         	goto	i2u341_41
  5185   00069E  EF53  F003         	goto	i2u341_40
  5186   0006A2                     i2u341_41:
  5187   0006A2  EF5F  F003         	goto	i2l4549
  5188   0006A6                     i2u341_40:
  5189   0006A6                     
  5190                           ;usb_device.c: 595:     {;usb_device.c: 605:         if(!UCONbits.SE0)
  5191   0006A6  BA6D               	btfsc	109,5,c	;volatile
  5192   0006A8  EF58  F003         	goto	i2u342_41
  5193   0006AC  EF5A  F003         	goto	i2u342_40
  5194   0006B0                     i2u342_41:
  5195   0006B0  EF5F  F003         	goto	i2l4549
  5196   0006B4                     i2u342_40:
  5197   0006B4                     
  5198                           ;usb_device.c: 606:         {;usb_device.c: 612:                 {UIR = 0;};
  5199   0006B4  6A68               	clrf	104,c	;volatile
  5200                           
  5201                           ;usb_device.c: 618:             UIEbits.URSTIE = 1;
  5202   0006B6  8069               	bsf	105,0,c	;volatile
  5203                           
  5204                           ;usb_device.c: 619:             UIEbits.IDLEIE = 1;
  5205   0006B8  8869               	bsf	105,4,c	;volatile
  5206   0006BA                     
  5207                           ;usb_device.c: 620:             USBDeviceState = POWERED_STATE;
  5208   0006BA  0E02               	movlw	2
  5209   0006BC  6E2C               	movwf	_USBDeviceState^0,c	;volatile
  5210   0006BE                     i2l4549:
  5211                           
  5212                           ;usb_device.c: 638:     if(UIRbits.ACTVIF && UIEbits.ACTVIE)
  5213   0006BE  A468               	btfss	104,2,c	;volatile
  5214   0006C0  EF64  F003         	goto	i2u343_41
  5215   0006C4  EF66  F003         	goto	i2u343_40
  5216   0006C8                     i2u343_41:
  5217   0006C8  EF70  F003         	goto	i2l4557
  5218   0006CC                     i2u343_40:
  5219   0006CC  A469               	btfss	105,2,c	;volatile
  5220   0006CE  EF6B  F003         	goto	i2u344_41
  5221   0006D2  EF6D  F003         	goto	i2u344_40
  5222   0006D6                     i2u344_41:
  5223   0006D6  EF70  F003         	goto	i2l4557
  5224   0006DA                     i2u344_40:
  5225   0006DA                     
  5226                           ;usb_device.c: 639:     {;usb_device.c: 640:         (UIR &= 0xFB);
  5227   0006DA  9468               	bcf	104,2,c	;volatile
  5228   0006DC                     
  5229                           ;usb_device.c: 644:             USBWakeFromSuspend();
  5230   0006DC  EC57  F012         	call	_USBWakeFromSuspend	;wreg free
  5231   0006E0                     i2l4557:
  5232                           
  5233                           ;usb_device.c: 651:     if(UCONbits.SUSPND==1)
  5234   0006E0  A26D               	btfss	109,1,c	;volatile
  5235   0006E2  EF75  F003         	goto	i2u345_41
  5236   0006E6  EF77  F003         	goto	i2u345_40
  5237   0006EA                     i2u345_41:
  5238   0006EA  EF7A  F003         	goto	i2l418
  5239   0006EE                     i2u345_40:
  5240   0006EE                     
  5241                           ;usb_device.c: 652:     {;usb_device.c: 653:         {PIR2bits.USBIF = 0;};
  5242   0006EE  9AA1               	bcf	161,5,c	;volatile
  5243                           
  5244                           ;usb_device.c: 654:         return;
  5245   0006F0  EF54  F004         	goto	i2l419
  5246   0006F4                     i2l418:
  5247                           
  5248                           ;usb_device.c: 667:     if(UIRbits.URSTIF && UIEbits.URSTIE)
  5249   0006F4  A068               	btfss	104,0,c	;volatile
  5250   0006F6  EF7F  F003         	goto	i2u346_41
  5251   0006FA  EF81  F003         	goto	i2u346_40
  5252   0006FE                     i2u346_41:
  5253   0006FE  EF8E  F003         	goto	i2l4571
  5254   000702                     i2u346_40:
  5255   000702  A069               	btfss	105,0,c	;volatile
  5256   000704  EF86  F003         	goto	i2u347_41
  5257   000708  EF88  F003         	goto	i2u347_40
  5258   00070C                     i2u347_41:
  5259   00070C  EF8E  F003         	goto	i2l4571
  5260   000710                     i2u347_40:
  5261   000710                     
  5262                           ;usb_device.c: 668:     {;usb_device.c: 669:         USBDeviceInit();
  5263   000710  EC3B  F009         	call	i2_USBDeviceInit	;wreg free
  5264   000714                     
  5265                           ;usb_device.c: 673:         {PIE2bits.USBIE = 1;};
  5266   000714  8AA0               	bsf	160,5,c	;volatile
  5267   000716                     
  5268                           ;usb_device.c: 675:         USBDeviceState = DEFAULT_STATE;
  5269   000716  0E04               	movlw	4
  5270   000718  6E2C               	movwf	_USBDeviceState^0,c	;volatile
  5271   00071A                     
  5272                           ;usb_device.c: 685:         (UIR &= 0xFE);
  5273   00071A  9068               	bcf	104,0,c	;volatile
  5274   00071C                     i2l4571:
  5275                           
  5276                           ;usb_device.c: 691:     if(UIRbits.IDLEIF && UIEbits.IDLEIE)
  5277   00071C  A868               	btfss	104,4,c	;volatile
  5278   00071E  EF93  F003         	goto	i2u348_41
  5279   000722  EF95  F003         	goto	i2u348_40
  5280   000726                     i2u348_41:
  5281   000726  EF9E  F003         	goto	i2l4577
  5282   00072A                     i2u348_40:
  5283   00072A  A869               	btfss	105,4,c	;volatile
  5284   00072C  EF9A  F003         	goto	i2u349_41
  5285   000730  EF9C  F003         	goto	i2u349_40
  5286   000734                     i2u349_41:
  5287   000734  EF9E  F003         	goto	i2l4577
  5288   000738                     i2u349_40:
  5289   000738                     
  5290                           ;usb_device.c: 692:     {;usb_device.c: 698:             USBSuspend();
  5291   000738  ECAA  F012         	call	_USBSuspend	;wreg free
  5292   00073C                     i2l4577:
  5293                           
  5294                           ;usb_device.c: 712:     if(UIRbits.SOFIF)
  5295   00073C  AC68               	btfss	104,6,c	;volatile
  5296   00073E  EFA3  F003         	goto	i2u350_41
  5297   000742  EFA5  F003         	goto	i2u350_40
  5298   000746                     i2u350_41:
  5299   000746  EFD0  F003         	goto	i2l4595
  5300   00074A                     i2u350_40:
  5301   00074A                     
  5302                           ;usb_device.c: 713:     {;usb_device.c: 715:         if(UIEbits.SOFIE)
  5303   00074A  AC69               	btfss	105,6,c	;volatile
  5304   00074C  EFAA  F003         	goto	i2u351_41
  5305   000750  EFAC  F003         	goto	i2u351_40
  5306   000754                     i2u351_41:
  5307   000754  EFBA  F003         	goto	i2l4583
  5308   000758                     i2u351_40:
  5309   000758                     
  5310                           ;usb_device.c: 716:         {;usb_device.c: 717:             USER_USB_CALLBACK_EVENT_HAN
      +                          DLER((USB_EVENT)EVENT_SOF,0,1);
  5311   000758  0E00               	movlw	0
  5312   00075A  6E3F               	movwf	(USER_USB_CALLBACK_EVENT_HANDLER@event+1)^0,c
  5313   00075C  0E73               	movlw	115
  5314   00075E  6E3E               	movwf	USER_USB_CALLBACK_EVENT_HANDLER@event^0,c
  5315   000760  0E00               	movlw	0
  5316   000762  6E40               	movwf	USER_USB_CALLBACK_EVENT_HANDLER@pdata^0,c
  5317   000764  0E00               	movlw	0
  5318   000766  6E41               	movwf	(USER_USB_CALLBACK_EVENT_HANDLER@pdata+1)^0,c
  5319   000768  0E00               	movlw	0
  5320   00076A  6E43               	movwf	(USER_USB_CALLBACK_EVENT_HANDLER@size+1)^0,c
  5321   00076C  0E01               	movlw	1
  5322   00076E  6E42               	movwf	USER_USB_CALLBACK_EVENT_HANDLER@size^0,c
  5323   000770  EC9D  F00C         	call	_USER_USB_CALLBACK_EVENT_HANDLER	;wreg free
  5324   000774                     i2l4583:
  5325                           
  5326                           ;usb_device.c: 719:         (UIR &= 0xBF);
  5327   000774  9C68               	bcf	104,6,c	;volatile
  5328   000776                     
  5329                           ;usb_device.c: 722:             USBIncrement1msInternalTimers();
  5330   000776  EC90  F012         	call	_USBIncrement1msInternalTimers	;wreg free
  5331   00077A                     
  5332                           ;usb_device.c: 739:             if(USBStatusStageTimeoutCounter != 0u)
  5333   00077A  5025               	movf	_USBStatusStageTimeoutCounter^0,w,c	;volatile
  5334   00077C  B4D8               	btfsc	status,2,c
  5335   00077E  EFC3  F003         	goto	i2u352_41
  5336   000782  EFC5  F003         	goto	i2u352_40
  5337   000786                     i2u352_41:
  5338   000786  EFC6  F003         	goto	i2l4591
  5339   00078A                     i2u352_40:
  5340   00078A                     
  5341                           ;usb_device.c: 740:             {;usb_device.c: 741:                 USBStatusStageTimeo
      +                          utCounter--;
  5342   00078A  0625               	decf	_USBStatusStageTimeoutCounter^0,f,c	;volatile
  5343   00078C                     i2l4591:
  5344                           
  5345                           ;usb_device.c: 748:             if(USBStatusStageTimeoutCounter == 0)
  5346   00078C  5025               	movf	_USBStatusStageTimeoutCounter^0,w,c	;volatile
  5347   00078E  A4D8               	btfss	status,2,c
  5348   000790  EFCC  F003         	goto	i2u353_41
  5349   000794  EFCE  F003         	goto	i2u353_40
  5350   000798                     i2u353_41:
  5351   000798  EFD0  F003         	goto	i2l4595
  5352   00079C                     i2u353_40:
  5353   00079C                     
  5354                           ;usb_device.c: 749:             {;usb_device.c: 750:                 USBCtrlEPAllowStatu
      +                          sStage();
  5355   00079C  ECBD  F00B         	call	_USBCtrlEPAllowStatusStage	;wreg free
  5356   0007A0                     i2l4595:
  5357                           
  5358                           ;usb_device.c: 755:     if(UIRbits.STALLIF && UIEbits.STALLIE)
  5359   0007A0  AA68               	btfss	104,5,c	;volatile
  5360   0007A2  EFD5  F003         	goto	i2u354_41
  5361   0007A6  EFD7  F003         	goto	i2u354_40
  5362   0007AA                     i2u354_41:
  5363   0007AA  EFE0  F003         	goto	i2l4601
  5364   0007AE                     i2u354_40:
  5365   0007AE  AA69               	btfss	105,5,c	;volatile
  5366   0007B0  EFDC  F003         	goto	i2u355_41
  5367   0007B4  EFDE  F003         	goto	i2u355_40
  5368   0007B8                     i2u355_41:
  5369   0007B8  EFE0  F003         	goto	i2l4601
  5370   0007BC                     i2u355_40:
  5371   0007BC                     
  5372                           ;usb_device.c: 756:     {;usb_device.c: 757:         USBStallHandler();
  5373   0007BC  ECBE  F010         	call	_USBStallHandler	;wreg free
  5374   0007C0                     i2l4601:
  5375                           
  5376                           ;usb_device.c: 760:     if(UIRbits.UERRIF && UIEbits.UERRIE)
  5377   0007C0  A268               	btfss	104,1,c	;volatile
  5378   0007C2  EFE5  F003         	goto	i2u356_41
  5379   0007C6  EFE7  F003         	goto	i2u356_40
  5380   0007CA                     i2u356_41:
  5381   0007CA  EFFC  F003         	goto	i2l4609
  5382   0007CE                     i2u356_40:
  5383   0007CE  A269               	btfss	105,1,c	;volatile
  5384   0007D0  EFEC  F003         	goto	i2u357_41
  5385   0007D4  EFEE  F003         	goto	i2u357_40
  5386   0007D8                     i2u357_41:
  5387   0007D8  EFFC  F003         	goto	i2l4609
  5388   0007DC                     i2u357_40:
  5389   0007DC                     
  5390                           ;usb_device.c: 761:     {;usb_device.c: 762:         USER_USB_CALLBACK_EVENT_HANDLER((US
      +                          B_EVENT)EVENT_BUS_ERROR,0,1);
  5391   0007DC  0E7F               	movlw	127
  5392   0007DE  6E3F               	movwf	(USER_USB_CALLBACK_EVENT_HANDLER@event+1)^0,c
  5393   0007E0  683E               	setf	USER_USB_CALLBACK_EVENT_HANDLER@event^0,c
  5394   0007E2  0E00               	movlw	0
  5395   0007E4  6E40               	movwf	USER_USB_CALLBACK_EVENT_HANDLER@pdata^0,c
  5396   0007E6  0E00               	movlw	0
  5397   0007E8  6E41               	movwf	(USER_USB_CALLBACK_EVENT_HANDLER@pdata+1)^0,c
  5398   0007EA  0E00               	movlw	0
  5399   0007EC  6E43               	movwf	(USER_USB_CALLBACK_EVENT_HANDLER@size+1)^0,c
  5400   0007EE  0E01               	movlw	1
  5401   0007F0  6E42               	movwf	USER_USB_CALLBACK_EVENT_HANDLER@size^0,c
  5402   0007F2  EC9D  F00C         	call	_USER_USB_CALLBACK_EVENT_HANDLER	;wreg free
  5403   0007F6                     
  5404                           ;usb_device.c: 763:         {UEIR = 0;};
  5405   0007F6  6A6A               	clrf	106,c	;volatile
  5406   0007F8                     i2l4609:
  5407                           
  5408                           ;usb_device.c: 778:     if(USBDeviceState < DEFAULT_STATE)
  5409   0007F8  0E04               	movlw	4
  5410   0007FA  602C               	cpfslt	_USBDeviceState^0,c	;volatile
  5411   0007FC  EF02  F004         	goto	i2u358_41
  5412   000800  EF04  F004         	goto	i2u358_40
  5413   000804                     i2u358_41:
  5414   000804  EF07  F004         	goto	i2l428
  5415   000808                     i2u358_40:
  5416   000808                     
  5417                           ;usb_device.c: 779:     {;usb_device.c: 780:         {PIR2bits.USBIF = 0;};
  5418   000808  9AA1               	bcf	161,5,c	;volatile
  5419                           
  5420                           ;usb_device.c: 781:         return;
  5421   00080A  EF54  F004         	goto	i2l419
  5422   00080E                     i2l428:
  5423                           
  5424                           ;usb_device.c: 787:     if(UIEbits.TRNIE)
  5425   00080E  A669               	btfss	105,3,c	;volatile
  5426   000810  EF0C  F004         	goto	i2u359_41
  5427   000814  EF0E  F004         	goto	i2u359_40
  5428   000818                     i2u359_41:
  5429   000818  EF53  F004         	goto	i2l429
  5430   00081C                     i2u359_40:
  5431   00081C                     
  5432                           ;usb_device.c: 788:     {;usb_device.c: 789:         for(i = 0; i < 4u; i++)
  5433   00081C  6A4F               	clrf	USBDeviceTasks@i^0,c
  5434   00081E                     i2l430:
  5435                           
  5436                           ;usb_device.c: 790:         {;usb_device.c: 791:             if(UIRbits.TRNIF)
  5437   00081E  A668               	btfss	104,3,c	;volatile
  5438   000820  EF14  F004         	goto	i2u360_41
  5439   000824  EF16  F004         	goto	i2u360_40
  5440   000828                     i2u360_41:
  5441   000828  EF53  F004         	goto	i2l429
  5442   00082C                     i2u360_40:
  5443   00082C                     
  5444                           ;usb_device.c: 792:             {;usb_device.c: 794:                 USTATcopy.Val = UST
      +                          AT;
  5445   00082C  CF6C F02D          	movff	3948,_USTATcopy	;volatile
  5446   000830                     
  5447                           ;usb_device.c: 795:                 endpoint_number = USTATcopy.endpoint_number;
  5448   000830  302D               	rrcf	_USTATcopy^0,w,c	;volatile
  5449   000832  32E8               	rrcf	wreg,f,c
  5450   000834  32E8               	rrcf	wreg,f,c
  5451   000836  0B0F               	andlw	15
  5452   000838  6E27               	movwf	_endpoint_number^0,c	;volatile
  5453   00083A                     
  5454                           ;usb_device.c: 797:                 (UIR &= 0xF7);
  5455   00083A  9668               	bcf	104,3,c	;volatile
  5456   00083C                     
  5457                           ;usb_device.c: 802:                 if(USTATcopy.direction == 0)
  5458   00083C  B42D               	btfsc	_USTATcopy^0,2,c	;volatile
  5459   00083E  EF23  F004         	goto	i2u361_41
  5460   000842  EF25  F004         	goto	i2u361_40
  5461   000846                     i2u361_41:
  5462   000846  EF2C  F004         	goto	i2l4629
  5463   00084A                     i2u361_40:
  5464   00084A                     
  5465                           ;usb_device.c: 803:                 {;usb_device.c: 804:                     ep_data_out
      +                          [endpoint_number].bits.ping_pong_state ^= 1;
  5466   00084A  5027               	movf	_endpoint_number^0,w,c
  5467   00084C  0F15               	addlw	low _ep_data_out
  5468   00084E  6ED9               	movwf	fsr2l,c
  5469   000850  6ADA               	clrf	fsr2h,c
  5470   000852  70DF               	btg	indf2,0,c
  5471                           
  5472                           ;usb_device.c: 805:                 }
  5473   000854  EF31  F004         	goto	i2l4631
  5474   000858                     i2l4629:
  5475                           
  5476                           ;usb_device.c: 807:                 {;usb_device.c: 808:                     ep_data_in[
      +                          endpoint_number].bits.ping_pong_state ^= 1;
  5477   000858  5027               	movf	_endpoint_number^0,w,c
  5478   00085A  0F17               	addlw	low _ep_data_in
  5479   00085C  6ED9               	movwf	fsr2l,c
  5480   00085E  6ADA               	clrf	fsr2h,c
  5481   000860  70DF               	btg	indf2,0,c
  5482   000862                     i2l4631:
  5483                           
  5484                           ;usb_device.c: 814:                 if(endpoint_number == 0)
  5485   000862  5027               	movf	_endpoint_number^0,w,c	;volatile
  5486   000864  A4D8               	btfss	status,2,c
  5487   000866  EF37  F004         	goto	i2u362_41
  5488   00086A  EF39  F004         	goto	i2u362_40
  5489   00086E                     i2u362_41:
  5490   00086E  EF3D  F004         	goto	i2l4635
  5491   000872                     i2u362_40:
  5492   000872                     
  5493                           ;usb_device.c: 815:                 {;usb_device.c: 816:                     USBCtrlEPSe
      +                          rvice();
  5494   000872  EC6E  F00D         	call	_USBCtrlEPService	;wreg free
  5495                           
  5496                           ;usb_device.c: 817:                 }
  5497   000876  EF4A  F004         	goto	i2l4637
  5498   00087A                     i2l4635:
  5499                           
  5500                           ;usb_device.c: 819:                 {;usb_device.c: 820:                     USER_USB_CA
      +                          LLBACK_EVENT_HANDLER((USB_EVENT)EVENT_TRANSFER,(uint8_t*)&USTATcopy.Val,0);
  5501   00087A  0E00               	movlw	0
  5502   00087C  6E3F               	movwf	(USER_USB_CALLBACK_EVENT_HANDLER@event+1)^0,c
  5503   00087E  0E72               	movlw	114
  5504   000880  6E3E               	movwf	USER_USB_CALLBACK_EVENT_HANDLER@event^0,c
  5505   000882  0E2D               	movlw	low _USTATcopy
  5506   000884  6E40               	movwf	USER_USB_CALLBACK_EVENT_HANDLER@pdata^0,c
  5507   000886  6A41               	clrf	(USER_USB_CALLBACK_EVENT_HANDLER@pdata+1)^0,c
  5508   000888  0E00               	movlw	0
  5509   00088A  6E43               	movwf	(USER_USB_CALLBACK_EVENT_HANDLER@size+1)^0,c
  5510   00088C  0E00               	movlw	0
  5511   00088E  6E42               	movwf	USER_USB_CALLBACK_EVENT_HANDLER@size^0,c
  5512   000890  EC9D  F00C         	call	_USER_USB_CALLBACK_EVENT_HANDLER	;wreg free
  5513   000894                     i2l4637:
  5514                           
  5515                           ;usb_device.c: 827:         }
  5516   000894  2A4F               	incf	USBDeviceTasks@i^0,f,c
  5517   000896  0E03               	movlw	3
  5518   000898  644F               	cpfsgt	USBDeviceTasks@i^0,c
  5519   00089A  EF51  F004         	goto	i2u363_41
  5520   00089E  EF53  F004         	goto	i2u363_40
  5521   0008A2                     i2u363_41:
  5522   0008A2  EF0F  F004         	goto	i2l430
  5523   0008A6                     i2u363_40:
  5524   0008A6                     i2l429:
  5525                           
  5526                           ;usb_device.c: 830:     {PIR2bits.USBIF = 0;};
  5527   0008A6  9AA1               	bcf	161,5,c	;volatile
  5528   0008A8                     i2l419:
  5529   0008A8  0012               	return		;funcret
  5530   0008AA                     __end_of_USBDeviceTasks:
  5531                           	callstack 0
  5532                           
  5533 ;; *************** function i2_USBDeviceInit *****************
  5534 ;; Defined at:
  5535 ;;		line 281 in file "usb_device.c"
  5536 ;; Parameters:    Size  Location     Type
  5537 ;;		None
  5538 ;; Auto vars:     Size  Location     Type
  5539 ;;  i               1    8[COMRAM] unsigned char 
  5540 ;; Return value:  Size  Location     Type
  5541 ;;                  1    wreg      void 
  5542 ;; Registers used:
  5543 ;;		wreg, fsr2l, fsr2h, status,2, status,0, prodl, prodh, cstack
  5544 ;; Tracked objects:
  5545 ;;		On entry : 0/0
  5546 ;;		On exit  : 0/0
  5547 ;;		Unchanged: 0/0
  5548 ;; Data sizes:     COMRAM   BANK0   BANK1   BANK2   BANK3  BANK4h  BANK5h   BANK6   BANK7
  5549 ;;      Params:         0       0       0       0       0       0       0       0       0
  5550 ;;      Locals:         1       0       0       0       0       0       0       0       0
  5551 ;;      Temps:          0       0       0       0       0       0       0       0       0
  5552 ;;      Totals:         1       0       0       0       0       0       0       0       0
  5553 ;;Total ram usage:        1 bytes
  5554 ;; Hardware stack levels used: 1
  5555 ;; Hardware stack levels required when called: 1
  5556 ;; This function calls:
  5557 ;;		i2_memset
  5558 ;; This function is called by:
  5559 ;;		_USBDeviceTasks
  5560 ;; This function uses a non-reentrant model
  5561 ;;
  5562                           
  5563                           	psect	text17
  5564   001276                     __ptext17:
  5565                           	callstack 0
  5566   001276                     i2_USBDeviceInit:
  5567                           	callstack 24
  5568   001276                     
  5569                           ;usb_device.c: 283:     uint8_t i;;usb_device.c: 285:     {PIE2bits.USBIE = 0;};
  5570   001276  9AA0               	bcf	160,5,c	;volatile
  5571                           
  5572                           ;usb_device.c: 292:     {UEIR = 0;};
  5573   001278  6A6A               	clrf	106,c	;volatile
  5574                           
  5575                           ;usb_device.c: 295:     {UIR = 0;};
  5576   00127A  6A68               	clrf	104,c	;volatile
  5577                           
  5578                           ;usb_device.c: 298:     UEP0 = 0;
  5579   00127C  6A70               	clrf	112,c	;volatile
  5580   00127E                     
  5581                           ;usb_device.c: 300:     memset((void*)&UEP1,0x00,(1));;
  5582   00127E  0E71               	movlw	113
  5583   001280  6E30               	movwf	i2memset@dest^0,c
  5584   001282  0E0F               	movlw	15
  5585   001284  6E31               	movwf	(i2memset@dest+1)^0,c
  5586   001286  0E00               	movlw	0
  5587   001288  6E33               	movwf	(i2memset@c+1)^0,c
  5588   00128A  0E00               	movlw	0
  5589   00128C  6E32               	movwf	i2memset@c^0,c
  5590   00128E  0E00               	movlw	0
  5591   001290  6E35               	movwf	(i2memset@n+1)^0,c
  5592   001292  0E01               	movlw	1
  5593   001294  6E34               	movwf	i2memset@n^0,c
  5594   001296  EC74  F012         	call	i2_memset	;wreg free
  5595   00129A                     
  5596                           ;usb_device.c: 302:     { UCFG = 0x10 | 0x00 | 0x04 | 0x02; UEIE = 0x9F; UIE = 0x39 | 0x
      +                          40 | 0x02; };
  5597   00129A  0E16               	movlw	22
  5598   00129C  6E6F               	movwf	111,c	;volatile
  5599   00129E  0E9F               	movlw	159
  5600   0012A0  6E6B               	movwf	107,c	;volatile
  5601   0012A2  0E7B               	movlw	123
  5602   0012A4  6E69               	movwf	105,c	;volatile
  5603   0012A6                     
  5604                           ;usb_device.c: 311:     for(i = 0; i < (sizeof(BDT)/sizeof(BDT_ENTRY)); i++)
  5605   0012A6  6A38               	clrf	i2USBDeviceInit@i^0,c
  5606   0012A8                     i2l4253:
  5607                           
  5608                           ;usb_device.c: 312:     {;usb_device.c: 313:         BDT[i].Val = 0x00;
  5609   0012A8  5038               	movf	i2USBDeviceInit@i^0,w,c
  5610   0012AA  0D04               	mullw	4
  5611   0012AC  0E00               	movlw	0
  5612   0012AE  24F3               	addwf	243,w,c
  5613   0012B0  6ED9               	movwf	fsr2l,c
  5614   0012B2  0E04               	movlw	4
  5615   0012B4  20F4               	addwfc	prodh,w,c
  5616   0012B6  6EDA               	movwf	fsr2h,c
  5617   0012B8  6ADE               	clrf	postinc2,c
  5618   0012BA  6ADE               	clrf	postinc2,c
  5619   0012BC  6ADE               	clrf	postinc2,c
  5620   0012BE  6ADD               	clrf	postdec2,c
  5621   0012C0                     
  5622                           ;usb_device.c: 314:     }
  5623   0012C0  2A38               	incf	i2USBDeviceInit@i^0,f,c
  5624   0012C2  0E07               	movlw	7
  5625   0012C4  6438               	cpfsgt	i2USBDeviceInit@i^0,c
  5626   0012C6  EF67  F009         	goto	i2u307_41
  5627   0012CA  EF69  F009         	goto	i2u307_40
  5628   0012CE                     i2u307_41:
  5629   0012CE  EF54  F009         	goto	i2l4253
  5630   0012D2                     i2u307_40:
  5631   0012D2                     
  5632                           ;usb_device.c: 317:     UCONbits.PPBRST = 1;
  5633   0012D2  8C6D               	bsf	109,6,c	;volatile
  5634                           
  5635                           ;usb_device.c: 320:     UADDR = 0x00;
  5636   0012D4  6A6E               	clrf	110,c	;volatile
  5637                           
  5638                           ;usb_device.c: 323:     UCONbits.PKTDIS = 0;
  5639   0012D6  986D               	bcf	109,4,c	;volatile
  5640                           
  5641                           ;usb_device.c: 326:     UCONbits.PPBRST = 0;
  5642   0012D8  9C6D               	bcf	109,6,c	;volatile
  5643   0012DA                     i2l4259:
  5644                           
  5645                           ;usb_device.c: 330:     {;usb_device.c: 331:         (UIR &= 0xF7);
  5646   0012DA  9668               	bcf	104,3,c	;volatile
  5647   0012DC                     
  5648                           ;usb_device.c: 333:         inPipes[0].info.Val = 0;
  5649   0012DC  6A0A               	clrf	(_inPipes+2)^0,c	;volatile
  5650   0012DE                     
  5651                           ;usb_device.c: 334:         outPipes[0].info.Val = 0;
  5652   0012DE  6A03               	clrf	(_outPipes+2)^0,c	;volatile
  5653   0012E0                     
  5654                           ;usb_device.c: 335:         outPipes[0].wCount.Val = 0;
  5655   0012E0  0E00               	movlw	0
  5656   0012E2  6E05               	movwf	(_outPipes+4)^0,c	;volatile
  5657   0012E4  0E00               	movlw	0
  5658   0012E6  6E04               	movwf	(_outPipes+3)^0,c	;volatile
  5659   0012E8                     
  5660                           ;usb_device.c: 336:     }while(UIRbits.TRNIF == 1);
  5661   0012E8  B668               	btfsc	104,3,c	;volatile
  5662   0012EA  EF79  F009         	goto	i2u308_41
  5663   0012EE  EF7B  F009         	goto	i2u308_40
  5664   0012F2                     i2u308_41:
  5665   0012F2  EF6D  F009         	goto	i2l4259
  5666   0012F6                     i2u308_40:
  5667   0012F6                     
  5668                           ;usb_device.c: 340:     USBStatusStageEnabledFlag1 = 1;
  5669   0012F6  0E01               	movlw	1
  5670   0012F8  6E23               	movwf	_USBStatusStageEnabledFlag1^0,c	;volatile
  5671                           
  5672                           ;usb_device.c: 341:     USBStatusStageEnabledFlag2 = 1;
  5673   0012FA  0E01               	movlw	1
  5674   0012FC  6E22               	movwf	_USBStatusStageEnabledFlag2^0,c	;volatile
  5675   0012FE                     
  5676                           ;usb_device.c: 343:     USBDeferINDataStagePackets = 0;
  5677   0012FE  6A21               	clrf	_USBDeferINDataStagePackets^0,c	;volatile
  5678   001300                     
  5679                           ;usb_device.c: 344:     USBDeferOUTDataStagePackets = 0;
  5680   001300  6A20               	clrf	_USBDeferOUTDataStagePackets^0,c	;volatile
  5681   001302                     
  5682                           ;usb_device.c: 345:     USBBusIsSuspended = 0;
  5683   001302  6A28               	clrf	_USBBusIsSuspended^0,c	;volatile
  5684   001304                     
  5685                           ;usb_device.c: 349:     for(i = 0; i < (uint8_t)(1 +1u); i++)
  5686   001304  6A38               	clrf	i2USBDeviceInit@i^0,c
  5687   001306                     i2l4283:
  5688                           
  5689                           ;usb_device.c: 350:     {;usb_device.c: 351:         pBDTEntryIn[i] = 0u;
  5690   001306  5038               	movf	i2USBDeviceInit@i^0,w,c
  5691   001308  0D02               	mullw	2
  5692   00130A  50F3               	movf	243,w,c
  5693   00130C  0F0D               	addlw	low _pBDTEntryIn
  5694   00130E  6ED9               	movwf	fsr2l,c
  5695   001310  6ADA               	clrf	fsr2h,c
  5696   001312  6ADE               	clrf	postinc2,c
  5697   001314  6ADD               	clrf	postdec2,c
  5698                           
  5699                           ;usb_device.c: 352:         pBDTEntryOut[i] = 0u;
  5700   001316  5038               	movf	i2USBDeviceInit@i^0,w,c
  5701   001318  0D02               	mullw	2
  5702   00131A  50F3               	movf	243,w,c
  5703   00131C  0F11               	addlw	low _pBDTEntryOut
  5704   00131E  6ED9               	movwf	fsr2l,c
  5705   001320  6ADA               	clrf	fsr2h,c
  5706   001322  6ADE               	clrf	postinc2,c
  5707   001324  6ADD               	clrf	postdec2,c
  5708   001326                     
  5709                           ;usb_device.c: 353:         ep_data_in[i].Val = 0u;
  5710   001326  5038               	movf	i2USBDeviceInit@i^0,w,c
  5711   001328  0F17               	addlw	low _ep_data_in
  5712   00132A  6ED9               	movwf	fsr2l,c
  5713   00132C  6ADA               	clrf	fsr2h,c
  5714   00132E  6ADF               	clrf	indf2,c
  5715   001330                     
  5716                           ;usb_device.c: 354:         ep_data_out[i].Val = 0u;
  5717   001330  5038               	movf	i2USBDeviceInit@i^0,w,c
  5718   001332  0F15               	addlw	low _ep_data_out
  5719   001334  6ED9               	movwf	fsr2l,c
  5720   001336  6ADA               	clrf	fsr2h,c
  5721   001338  6ADF               	clrf	indf2,c
  5722   00133A                     
  5723                           ;usb_device.c: 355:     }
  5724   00133A  2A38               	incf	i2USBDeviceInit@i^0,f,c
  5725   00133C  0E01               	movlw	1
  5726   00133E  6438               	cpfsgt	i2USBDeviceInit@i^0,c
  5727   001340  EFA4  F009         	goto	i2u309_41
  5728   001344  EFA6  F009         	goto	i2u309_40
  5729   001348                     i2u309_41:
  5730   001348  EF83  F009         	goto	i2l4283
  5731   00134C                     i2u309_40:
  5732   00134C                     
  5733                           ;usb_device.c: 358:     pBDTEntryIn[0] = (volatile BDT_ENTRY*)&BDT[2];
  5734   00134C  0E08               	movlw	8
  5735   00134E  6E0D               	movwf	_pBDTEntryIn^0,c
  5736   001350  0E04               	movlw	4
  5737   001352  6E0E               	movwf	(_pBDTEntryIn+1)^0,c
  5738   001354                     
  5739                           ;usb_device.c: 360:     UEP0 = 0x06|0x10;
  5740   001354  0E16               	movlw	22
  5741   001356  6E70               	movwf	112,c	;volatile
  5742   001358                     
  5743                           ;usb_device.c: 362:     BDT[0].ADR = ((uint16_t)(&SetupPkt));
  5744   001358  0E04               	movlw	4
  5745   00135A  0104               	movlb	4	; () banked
  5746   00135C  6F03               	movwf	3,b	;volatile
  5747   00135E  0E20               	movlw	32
  5748   001360  6F02               	movwf	2,b	;volatile
  5749   001362                     
  5750                           ; BSR set to: 4
  5751                           ;usb_device.c: 363:     BDT[0].CNT = 8;
  5752   001362  0E08               	movlw	8
  5753   001364  6F01               	movwf	1,b	;volatile
  5754   001366                     
  5755                           ; BSR set to: 4
  5756                           ;usb_device.c: 364:     BDT[0].STAT.Val = 0x00|0x04;
  5757   001366  0E04               	movlw	4
  5758   001368  6F00               	movwf	0,b	;volatile
  5759   00136A                     
  5760                           ; BSR set to: 4
  5761                           ;usb_device.c: 365:     BDT[0].STAT.Val |= 0x80;
  5762   00136A  8F00               	bsf	0,7,b	;volatile
  5763   00136C                     
  5764                           ; BSR set to: 4
  5765                           ;usb_device.c: 368:     USBActiveConfiguration = 0;
  5766   00136C  6A2F               	clrf	_USBActiveConfiguration^0,c	;volatile
  5767   00136E                     
  5768                           ; BSR set to: 4
  5769                           ;usb_device.c: 370:     USB1msTickCount = 0;
  5770   00136E  0E00               	movlw	0
  5771   001370  0100               	movlb	0	; () banked
  5772   001372  6F75               	movwf	_USB1msTickCount& (0+255),b	;volatile
  5773   001374  0E00               	movlw	0
  5774   001376  6F76               	movwf	(_USB1msTickCount+1)& (0+255),b	;volatile
  5775   001378  0E00               	movlw	0
  5776   00137A  6F77               	movwf	(_USB1msTickCount+2)& (0+255),b	;volatile
  5777   00137C  0E00               	movlw	0
  5778   00137E  6F78               	movwf	(_USB1msTickCount+3)& (0+255),b	;volatile
  5779   001380                     
  5780                           ; BSR set to: 0
  5781                           ;usb_device.c: 371:     USBTicksSinceSuspendEnd = 0;
  5782   001380  6A1F               	clrf	_USBTicksSinceSuspendEnd^0,c	;volatile
  5783   001382                     
  5784                           ; BSR set to: 0
  5785                           ;usb_device.c: 374:     USBDeviceState = DETACHED_STATE;
  5786   001382  6A2C               	clrf	_USBDeviceState^0,c	;volatile
  5787   001384                     
  5788                           ; BSR set to: 0
  5789   001384  0012               	return		;funcret
  5790   001386                     __end_ofi2_USBDeviceInit:
  5791                           	callstack 0
  5792                           
  5793 ;; *************** function _USBWakeFromSuspend *****************
  5794 ;; Defined at:
  5795 ;;		line 2310 in file "usb_device.c"
  5796 ;; Parameters:    Size  Location     Type
  5797 ;;		None
  5798 ;; Auto vars:     Size  Location     Type
  5799 ;;		None
  5800 ;; Return value:  Size  Location     Type
  5801 ;;                  1    wreg      void 
  5802 ;; Registers used:
  5803 ;;		wreg, fsr2l, fsr2h, status,2, status,0, prodl, prodh, cstack
  5804 ;; Tracked objects:
  5805 ;;		On entry : 0/0
  5806 ;;		On exit  : 0/0
  5807 ;;		Unchanged: 0/0
  5808 ;; Data sizes:     COMRAM   BANK0   BANK1   BANK2   BANK3  BANK4h  BANK5h   BANK6   BANK7
  5809 ;;      Params:         0       0       0       0       0       0       0       0       0
  5810 ;;      Locals:         0       0       0       0       0       0       0       0       0
  5811 ;;      Temps:          0       0       0       0       0       0       0       0       0
  5812 ;;      Totals:         0       0       0       0       0       0       0       0       0
  5813 ;;Total ram usage:        0 bytes
  5814 ;; Hardware stack levels used: 1
  5815 ;; Hardware stack levels required when called: 4
  5816 ;; This function calls:
  5817 ;;		_USER_USB_CALLBACK_EVENT_HANDLER
  5818 ;; This function is called by:
  5819 ;;		_USBDeviceTasks
  5820 ;; This function uses a non-reentrant model
  5821 ;;
  5822                           
  5823                           	psect	text18
  5824   0024AE                     __ptext18:
  5825                           	callstack 0
  5826   0024AE                     _USBWakeFromSuspend:
  5827                           	callstack 21
  5828   0024AE                     
  5829                           ;usb_device.c: 2312:     USBBusIsSuspended = 0;
  5830   0024AE  6A28               	clrf	_USBBusIsSuspended^0,c	;volatile
  5831   0024B0                     
  5832                           ;usb_device.c: 2318:     USER_USB_CALLBACK_EVENT_HANDLER((USB_EVENT)EVENT_RESUME,0,0);
  5833   0024B0  0E00               	movlw	0
  5834   0024B2  6E3F               	movwf	(USER_USB_CALLBACK_EVENT_HANDLER@event+1)^0,c
  5835   0024B4  0E74               	movlw	116
  5836   0024B6  6E3E               	movwf	USER_USB_CALLBACK_EVENT_HANDLER@event^0,c
  5837   0024B8  0E00               	movlw	0
  5838   0024BA  6E40               	movwf	USER_USB_CALLBACK_EVENT_HANDLER@pdata^0,c
  5839   0024BC  0E00               	movlw	0
  5840   0024BE  6E41               	movwf	(USER_USB_CALLBACK_EVENT_HANDLER@pdata+1)^0,c
  5841   0024C0  0E00               	movlw	0
  5842   0024C2  6E43               	movwf	(USER_USB_CALLBACK_EVENT_HANDLER@size+1)^0,c
  5843   0024C4  0E00               	movlw	0
  5844   0024C6  6E42               	movwf	USER_USB_CALLBACK_EVENT_HANDLER@size^0,c
  5845   0024C8  EC9D  F00C         	call	_USER_USB_CALLBACK_EVENT_HANDLER	;wreg free
  5846   0024CC                     
  5847                           ;usb_device.c: 2325:         UCONbits.SUSPND = 0;
  5848   0024CC  926D               	bcf	109,1,c	;volatile
  5849   0024CE                     
  5850                           ;usb_device.c: 2330:     UIEbits.ACTVIE = 0;
  5851   0024CE  9469               	bcf	105,2,c	;volatile
  5852                           
  5853                           ;usb_device.c: 2348:     while(UIRbits.ACTVIF)
  5854   0024D0  EF6B  F012         	goto	i2l4179
  5855   0024D4                     i2l4177:
  5856                           
  5857                           ;usb_device.c: 2350:     {;usb_device.c: 2351:         (UIR &= 0xFB);
  5858   0024D4  9468               	bcf	104,2,c	;volatile
  5859   0024D6                     i2l4179:
  5860                           
  5861                           ;usb_device.c: 2348:     while(UIRbits.ACTVIF)
  5862   0024D6  B468               	btfsc	104,2,c	;volatile
  5863   0024D8  EF70  F012         	goto	i2u298_41
  5864   0024DC  EF72  F012         	goto	i2u298_40
  5865   0024E0                     i2u298_41:
  5866   0024E0  EF6A  F012         	goto	i2l4177
  5867   0024E4                     i2u298_40:
  5868   0024E4                     
  5869                           ;usb_device.c: 2354:     USBTicksSinceSuspendEnd = 0;
  5870   0024E4  6A1F               	clrf	_USBTicksSinceSuspendEnd^0,c	;volatile
  5871   0024E6  0012               	return		;funcret
  5872   0024E8                     __end_of_USBWakeFromSuspend:
  5873                           	callstack 0
  5874                           
  5875 ;; *************** function _USBSuspend *****************
  5876 ;; Defined at:
  5877 ;;		line 2252 in file "usb_device.c"
  5878 ;; Parameters:    Size  Location     Type
  5879 ;;		None
  5880 ;; Auto vars:     Size  Location     Type
  5881 ;;		None
  5882 ;; Return value:  Size  Location     Type
  5883 ;;                  1    wreg      void 
  5884 ;; Registers used:
  5885 ;;		wreg, fsr2l, fsr2h, status,2, status,0, prodl, prodh, cstack
  5886 ;; Tracked objects:
  5887 ;;		On entry : 0/0
  5888 ;;		On exit  : 0/0
  5889 ;;		Unchanged: 0/0
  5890 ;; Data sizes:     COMRAM   BANK0   BANK1   BANK2   BANK3  BANK4h  BANK5h   BANK6   BANK7
  5891 ;;      Params:         0       0       0       0       0       0       0       0       0
  5892 ;;      Locals:         0       0       0       0       0       0       0       0       0
  5893 ;;      Temps:          0       0       0       0       0       0       0       0       0
  5894 ;;      Totals:         0       0       0       0       0       0       0       0       0
  5895 ;;Total ram usage:        0 bytes
  5896 ;; Hardware stack levels used: 1
  5897 ;; Hardware stack levels required when called: 4
  5898 ;; This function calls:
  5899 ;;		_USER_USB_CALLBACK_EVENT_HANDLER
  5900 ;; This function is called by:
  5901 ;;		_USBDeviceTasks
  5902 ;; This function uses a non-reentrant model
  5903 ;;
  5904                           
  5905                           	psect	text19
  5906   002554                     __ptext19:
  5907                           	callstack 0
  5908   002554                     _USBSuspend:
  5909                           	callstack 21
  5910   002554                     
  5911                           ;usb_device.c: 2277:     UIEbits.ACTVIE = 1;
  5912   002554  8469               	bsf	105,2,c	;volatile
  5913   002556                     
  5914                           ;usb_device.c: 2278:     (UIR &= 0xEF);
  5915   002556  9868               	bcf	104,4,c	;volatile
  5916   002558                     
  5917                           ;usb_device.c: 2281:         UCONbits.SUSPND = 1;
  5918   002558  826D               	bsf	109,1,c	;volatile
  5919   00255A                     
  5920                           ;usb_device.c: 2284:     USBBusIsSuspended = 1;
  5921   00255A  0E01               	movlw	1
  5922   00255C  6E28               	movwf	_USBBusIsSuspended^0,c	;volatile
  5923   00255E                     
  5924                           ;usb_device.c: 2285:     USBTicksSinceSuspendEnd = 0;
  5925   00255E  6A1F               	clrf	_USBTicksSinceSuspendEnd^0,c	;volatile
  5926   002560                     
  5927                           ;usb_device.c: 2292:     USER_USB_CALLBACK_EVENT_HANDLER((USB_EVENT)EVENT_SUSPEND,0,0);
  5928   002560  0E00               	movlw	0
  5929   002562  6E3F               	movwf	(USER_USB_CALLBACK_EVENT_HANDLER@event+1)^0,c
  5930   002564  0E75               	movlw	117
  5931   002566  6E3E               	movwf	USER_USB_CALLBACK_EVENT_HANDLER@event^0,c
  5932   002568  0E00               	movlw	0
  5933   00256A  6E40               	movwf	USER_USB_CALLBACK_EVENT_HANDLER@pdata^0,c
  5934   00256C  0E00               	movlw	0
  5935   00256E  6E41               	movwf	(USER_USB_CALLBACK_EVENT_HANDLER@pdata+1)^0,c
  5936   002570  0E00               	movlw	0
  5937   002572  6E43               	movwf	(USER_USB_CALLBACK_EVENT_HANDLER@size+1)^0,c
  5938   002574  0E00               	movlw	0
  5939   002576  6E42               	movwf	USER_USB_CALLBACK_EVENT_HANDLER@size^0,c
  5940   002578  EC9D  F00C         	call	_USER_USB_CALLBACK_EVENT_HANDLER	;wreg free
  5941   00257C  0012               	return		;funcret
  5942   00257E                     __end_of_USBSuspend:
  5943                           	callstack 0
  5944                           
  5945 ;; *************** function _USBStallHandler *****************
  5946 ;; Defined at:
  5947 ;;		line 2209 in file "usb_device.c"
  5948 ;; Parameters:    Size  Location     Type
  5949 ;;		None
  5950 ;; Auto vars:     Size  Location     Type
  5951 ;;		None
  5952 ;; Return value:  Size  Location     Type
  5953 ;;                  1    wreg      void 
  5954 ;; Registers used:
  5955 ;;		wreg, fsr2l, fsr2h, status,2, status,0
  5956 ;; Tracked objects:
  5957 ;;		On entry : 0/0
  5958 ;;		On exit  : 0/0
  5959 ;;		Unchanged: 0/0
  5960 ;; Data sizes:     COMRAM   BANK0   BANK1   BANK2   BANK3  BANK4h  BANK5h   BANK6   BANK7
  5961 ;;      Params:         0       0       0       0       0       0       0       0       0
  5962 ;;      Locals:         0       0       0       0       0       0       0       0       0
  5963 ;;      Temps:          1       0       0       0       0       0       0       0       0
  5964 ;;      Totals:         1       0       0       0       0       0       0       0       0
  5965 ;;Total ram usage:        1 bytes
  5966 ;; Hardware stack levels used: 1
  5967 ;; This function calls:
  5968 ;;		Nothing
  5969 ;; This function is called by:
  5970 ;;		_USBDeviceTasks
  5971 ;; This function uses a non-reentrant model
  5972 ;;
  5973                           
  5974                           	psect	text20
  5975   00217C                     __ptext20:
  5976                           	callstack 0
  5977   00217C                     _USBStallHandler:
  5978                           	callstack 25
  5979   00217C                     
  5980                           ;usb_device.c: 2221:     if(UEP0bits.EPSTALL == 1)
  5981   00217C  A070               	btfss	112,0,c	;volatile
  5982   00217E  EFC3  F010         	goto	i2u301_41
  5983   002182  EFC5  F010         	goto	i2u301_40
  5984   002186                     i2u301_41:
  5985   002186  EFEC  F010         	goto	i2l569
  5986   00218A                     i2u301_40:
  5987   00218A                     
  5988                           ;usb_device.c: 2222:     {;usb_device.c: 2224:         if((pBDTEntryEP0OutCurrent->STAT.
      +                          Val == 0x80) && (pBDTEntryIn[0]->STAT.Val == (0x80|0x04)))
  5989   00218A  C01B  FFD9         	movff	_pBDTEntryEP0OutCurrent,fsr2l
  5990   00218E  C01C  FFDA         	movff	_pBDTEntryEP0OutCurrent+1,fsr2h
  5991   002192  0E80               	movlw	128
  5992   002194  18DE               	xorwf	postinc2,w,c
  5993   002196  A4D8               	btfss	status,2,c
  5994   002198  EFD0  F010         	goto	i2u302_41
  5995   00219C  EFD2  F010         	goto	i2u302_40
  5996   0021A0                     i2u302_41:
  5997   0021A0  EFEB  F010         	goto	i2l4213
  5998   0021A4                     i2u302_40:
  5999   0021A4  C00D  FFD9         	movff	_pBDTEntryIn,fsr2l
  6000   0021A8  C00E  FFDA         	movff	_pBDTEntryIn+1,fsr2h
  6001   0021AC  0E84               	movlw	132
  6002   0021AE  18DE               	xorwf	postinc2,w,c
  6003   0021B0  A4D8               	btfss	status,2,c
  6004   0021B2  EFDD  F010         	goto	i2u303_41
  6005   0021B6  EFDF  F010         	goto	i2u303_40
  6006   0021BA                     i2u303_41:
  6007   0021BA  EFEB  F010         	goto	i2l4213
  6008   0021BE                     i2u303_40:
  6009   0021BE                     
  6010                           ;usb_device.c: 2225:         {;usb_device.c: 2227:             pBDTEntryEP0OutCurrent->S
      +                          TAT.Val = 0x00|(0x08 & 0x08)|0x04;
  6011   0021BE  C01B  FFD9         	movff	_pBDTEntryEP0OutCurrent,fsr2l
  6012   0021C2  C01C  FFDA         	movff	_pBDTEntryEP0OutCurrent+1,fsr2h
  6013   0021C6  0E0C               	movlw	12
  6014   0021C8  6EDF               	movwf	indf2,c
  6015   0021CA                     
  6016                           ;usb_device.c: 2228:             pBDTEntryEP0OutCurrent->STAT.Val |= 0x80;
  6017   0021CA  C01B  FFD9         	movff	_pBDTEntryEP0OutCurrent,fsr2l
  6018   0021CE  C01C  FFDA         	movff	_pBDTEntryEP0OutCurrent+1,fsr2h
  6019   0021D2  0E00               	movlw	0
  6020   0021D4  8EDB               	bsf	plusw2,7,c
  6021   0021D6                     i2l4213:
  6022                           
  6023                           ;usb_device.c: 2230:         UEP0bits.EPSTALL = 0;
  6024   0021D6  9070               	bcf	112,0,c	;volatile
  6025   0021D8                     i2l569:
  6026                           
  6027                           ;usb_device.c: 2233:     (UIR &= 0xDF);
  6028   0021D8  9A68               	bcf	104,5,c	;volatile
  6029   0021DA  0012               	return		;funcret
  6030   0021DC                     __end_of_USBStallHandler:
  6031                           	callstack 0
  6032                           
  6033 ;; *************** function _USBIncrement1msInternalTimers *****************
  6034 ;; Defined at:
  6035 ;;		line 2998 in file "usb_device.c"
  6036 ;; Parameters:    Size  Location     Type
  6037 ;;		None
  6038 ;; Auto vars:     Size  Location     Type
  6039 ;;		None
  6040 ;; Return value:  Size  Location     Type
  6041 ;;                  1    wreg      void 
  6042 ;; Registers used:
  6043 ;;		wreg, status,2, status,0
  6044 ;; Tracked objects:
  6045 ;;		On entry : 0/0
  6046 ;;		On exit  : 0/0
  6047 ;;		Unchanged: 0/0
  6048 ;; Data sizes:     COMRAM   BANK0   BANK1   BANK2   BANK3  BANK4h  BANK5h   BANK6   BANK7
  6049 ;;      Params:         0       0       0       0       0       0       0       0       0
  6050 ;;      Locals:         0       0       0       0       0       0       0       0       0
  6051 ;;      Temps:          0       0       0       0       0       0       0       0       0
  6052 ;;      Totals:         0       0       0       0       0       0       0       0       0
  6053 ;;Total ram usage:        0 bytes
  6054 ;; Hardware stack levels used: 1
  6055 ;; This function calls:
  6056 ;;		Nothing
  6057 ;; This function is called by:
  6058 ;;		_USBDeviceTasks
  6059 ;; This function uses a non-reentrant model
  6060 ;;
  6061                           
  6062                           	psect	text21
  6063   002520                     __ptext21:
  6064                           	callstack 0
  6065   002520                     _USBIncrement1msInternalTimers:
  6066                           	callstack 25
  6067   002520                     
  6068                           ;usb_device.c: 3006:     USB1msTickCount++;
  6069   002520  0E01               	movlw	1
  6070   002522  0100               	movlb	0	; () banked
  6071   002524  2775               	addwf	_USB1msTickCount& (0+255),f,b	;volatile
  6072   002526  0E00               	movlw	0
  6073   002528  2376               	addwfc	(_USB1msTickCount+1)& (0+255),f,b	;volatile
  6074   00252A  2377               	addwfc	(_USB1msTickCount+2)& (0+255),f,b	;volatile
  6075   00252C  2378               	addwfc	(_USB1msTickCount+3)& (0+255),f,b	;volatile
  6076   00252E                     
  6077                           ; BSR set to: 0
  6078                           ;usb_device.c: 3007:     if(USBBusIsSuspended == 0)
  6079   00252E  5028               	movf	_USBBusIsSuspended^0,w,c	;volatile
  6080   002530  A4D8               	btfss	status,2,c
  6081   002532  EF9D  F012         	goto	i2u299_41
  6082   002536  EF9F  F012         	goto	i2u299_40
  6083   00253A                     i2u299_41:
  6084   00253A  EFA9  F012         	goto	i2l661
  6085   00253E                     i2u299_40:
  6086   00253E                     
  6087                           ; BSR set to: 0
  6088                           ;usb_device.c: 3008:     {;usb_device.c: 3009:         USBTicksSinceSuspendEnd++;
  6089   00253E  2A1F               	incf	_USBTicksSinceSuspendEnd^0,f,c	;volatile
  6090   002540                     
  6091                           ; BSR set to: 0
  6092                           ;usb_device.c: 3011:         if(USBTicksSinceSuspendEnd == 0)
  6093   002540  501F               	movf	_USBTicksSinceSuspendEnd^0,w,c	;volatile
  6094   002542  A4D8               	btfss	status,2,c
  6095   002544  EFA6  F012         	goto	i2u300_41
  6096   002548  EFA8  F012         	goto	i2u300_40
  6097   00254C                     i2u300_41:
  6098   00254C  EFA9  F012         	goto	i2l661
  6099   002550                     i2u300_40:
  6100   002550                     
  6101                           ; BSR set to: 0
  6102                           ;usb_device.c: 3012:         {;usb_device.c: 3013:             USBTicksSinceSuspendEnd =
      +                           255;
  6103   002550  681F               	setf	_USBTicksSinceSuspendEnd^0,c	;volatile
  6104   002552                     i2l661:
  6105                           
  6106                           ; BSR set to: 0
  6107   002552  0012               	return		;funcret
  6108   002554                     __end_of_USBIncrement1msInternalTimers:
  6109                           	callstack 0
  6110                           
  6111 ;; *************** function _USBCtrlEPService *****************
  6112 ;; Defined at:
  6113 ;;		line 2379 in file "usb_device.c"
  6114 ;; Parameters:    Size  Location     Type
  6115 ;;		None
  6116 ;; Auto vars:     Size  Location     Type
  6117 ;;		None
  6118 ;; Return value:  Size  Location     Type
  6119 ;;                  1    wreg      void 
  6120 ;; Registers used:
  6121 ;;		wreg, fsr1l, fsr1h, fsr2l, fsr2h, status,2, status,0, pcl, pclath, pclatu, tosl, tblptrl, tblptrh, tblptru, prodl, p
      +rodh, cstack
  6122 ;; Tracked objects:
  6123 ;;		On entry : 0/0
  6124 ;;		On exit  : 0/0
  6125 ;;		Unchanged: 0/0
  6126 ;; Data sizes:     COMRAM   BANK0   BANK1   BANK2   BANK3  BANK4h  BANK5h   BANK6   BANK7
  6127 ;;      Params:         0       0       0       0       0       0       0       0       0
  6128 ;;      Locals:         0       0       0       0       0       0       0       0       0
  6129 ;;      Temps:          1       0       0       0       0       0       0       0       0
  6130 ;;      Totals:         1       0       0       0       0       0       0       0       0
  6131 ;;Total ram usage:        1 bytes
  6132 ;; Hardware stack levels used: 1
  6133 ;; Hardware stack levels required when called: 7
  6134 ;; This function calls:
  6135 ;;		_USBCtrlTrfInHandler
  6136 ;;		_USBCtrlTrfOutHandler
  6137 ;;		_USBCtrlTrfSetupHandler
  6138 ;;		_memcpy
  6139 ;; This function is called by:
  6140 ;;		_USBDeviceTasks
  6141 ;; This function uses a non-reentrant model
  6142 ;;
  6143                           
  6144                           	psect	text22
  6145   001ADC                     __ptext22:
  6146                           	callstack 0
  6147   001ADC                     _USBCtrlEPService:
  6148                           	callstack 18
  6149   001ADC                     
  6150                           ;usb_device.c: 2385:         USBStatusStageTimeoutCounter = (uint8_t)45;
  6151   001ADC  0E2D               	movlw	45
  6152   001ADE  6E25               	movwf	_USBStatusStageTimeoutCounter^0,c	;volatile
  6153   001AE0                     
  6154                           ;usb_device.c: 2389:     if((USTATcopy.Val & ~0x02) == 0x00)
  6155   001AE0  C02D  F04E         	movff	_USTATcopy,??_USBCtrlEPService	;volatile
  6156   001AE4  0EFD               	movlw	253
  6157   001AE6  164E               	andwf	??_USBCtrlEPService^0,f,c
  6158   001AE8  A4D8               	btfss	status,2,c
  6159   001AEA  EF79  F00D         	goto	i2u304_41
  6160   001AEE  EF7B  F00D         	goto	i2u304_40
  6161   001AF2                     i2u304_41:
  6162   001AF2  EFBD  F00D         	goto	i2l4233
  6163   001AF6                     i2u304_40:
  6164   001AF6                     
  6165                           ;usb_device.c: 2390:     {;usb_device.c: 2393:             pBDTEntryEP0OutCurrent = (vol
      +                          atile BDT_ENTRY*)&BDT[(USTATcopy.Val & 0x7E)>>1];
  6166   001AF6  C02D  F04E         	movff	_USTATcopy,??_USBCtrlEPService	;volatile
  6167   001AFA  90D8               	bcf	status,0,c
  6168   001AFC  324E               	rrcf	??_USBCtrlEPService^0,f,c
  6169   001AFE  0E3F               	movlw	63
  6170   001B00  164E               	andwf	??_USBCtrlEPService^0,f,c
  6171   001B02  504E               	movf	??_USBCtrlEPService^0,w,c
  6172   001B04  0D04               	mullw	4
  6173   001B06  0E00               	movlw	0
  6174   001B08  24F3               	addwf	243,w,c
  6175   001B0A  6E1B               	movwf	_pBDTEntryEP0OutCurrent^0,c
  6176   001B0C  0E04               	movlw	4
  6177   001B0E  20F4               	addwfc	prodh,w,c
  6178   001B10  6E1C               	movwf	(_pBDTEntryEP0OutCurrent+1)^0,c
  6179   001B12                     
  6180                           ;usb_device.c: 2401:         pBDTEntryEP0OutNext = pBDTEntryEP0OutCurrent;
  6181   001B12  C01B  F019         	movff	_pBDTEntryEP0OutCurrent,_pBDTEntryEP0OutNext
  6182   001B16  C01C  F01A         	movff	_pBDTEntryEP0OutCurrent+1,_pBDTEntryEP0OutNext+1
  6183   001B1A                     
  6184                           ;usb_device.c: 2403:         pBDTEntryEP0OutNext = (volatile BDT_ENTRY*)(((uint16_t)pBDT
      +                          EntryEP0OutNext) ^ 0x0004);
  6185   001B1A  0E04               	movlw	4
  6186   001B1C  1819               	xorwf	_pBDTEntryEP0OutNext^0,w,c
  6187   001B1E  6E19               	movwf	_pBDTEntryEP0OutNext^0,c
  6188   001B20  501A               	movf	(_pBDTEntryEP0OutNext+1)^0,w,c
  6189   001B22  6E1A               	movwf	(_pBDTEntryEP0OutNext+1)^0,c
  6190   001B24                     
  6191                           ;usb_device.c: 2406:         if(pBDTEntryEP0OutCurrent->STAT.PID == 0xD)
  6192   001B24  C01B  FFD9         	movff	_pBDTEntryEP0OutCurrent,fsr2l
  6193   001B28  C01C  FFDA         	movff	_pBDTEntryEP0OutCurrent+1,fsr2h
  6194   001B2C  30DF               	rrcf	223,w,c
  6195   001B2E  32E8               	rrcf	wreg,f,c
  6196   001B30  0B0F               	andlw	15
  6197   001B32  0A0D               	xorlw	13
  6198   001B34  A4D8               	btfss	status,2,c
  6199   001B36  EF9F  F00D         	goto	i2u305_41
  6200   001B3A  EFA1  F00D         	goto	i2u305_40
  6201   001B3E                     i2u305_41:
  6202   001B3E  EFB9  F00D         	goto	i2l4231
  6203   001B42                     i2u305_40:
  6204   001B42                     
  6205                           ;usb_device.c: 2407:         {;usb_device.c: 2412:             memcpy((uint8_t*)&SetupPk
      +                          t, (uint8_t*)((void *)(pBDTEntryEP0OutCurrent->ADR)), 8);
  6206   001B42  0E20               	movlw	32
  6207   001B44  6E30               	movwf	memcpy@d1^0,c
  6208   001B46  0E04               	movlw	4
  6209   001B48  6E31               	movwf	(memcpy@d1+1)^0,c
  6210   001B4A  EE20 F002          	lfsr	2,2
  6211   001B4E  501B               	movf	_pBDTEntryEP0OutCurrent^0,w,c
  6212   001B50  26D9               	addwf	fsr2l,f,c
  6213   001B52  501C               	movf	(_pBDTEntryEP0OutCurrent+1)^0,w,c
  6214   001B54  22DA               	addwfc	fsr2h,f,c
  6215   001B56  CFDE F032          	movff	postinc2,memcpy@s1
  6216   001B5A  CFDD F033          	movff	postdec2,memcpy@s1+1
  6217   001B5E  0E00               	movlw	0
  6218   001B60  6E35               	movwf	(memcpy@n+1)^0,c
  6219   001B62  0E08               	movlw	8
  6220   001B64  6E34               	movwf	memcpy@n^0,c
  6221   001B66  EC18  F011         	call	_memcpy	;wreg free
  6222   001B6A                     
  6223                           ;usb_device.c: 2415:             USBCtrlTrfSetupHandler();
  6224   001B6A  EC72  F00E         	call	_USBCtrlTrfSetupHandler	;wreg free
  6225                           
  6226                           ;usb_device.c: 2416:         }
  6227   001B6E  EFC9  F00D         	goto	i2l588
  6228   001B72                     i2l4231:
  6229                           
  6230                           ;usb_device.c: 2418:         {;usb_device.c: 2420:             USBCtrlTrfOutHandler();
  6231   001B72  EC25  F00F         	call	_USBCtrlTrfOutHandler	;wreg free
  6232   001B76  EFC9  F00D         	goto	i2l588
  6233   001B7A                     i2l4233:
  6234   001B7A  502D               	movf	_USTATcopy^0,w,c	;volatile
  6235   001B7C  0BFD               	andlw	253
  6236   001B7E  0A04               	xorlw	4
  6237   001B80  A4D8               	btfss	status,2,c
  6238   001B82  EFC5  F00D         	goto	i2u306_41
  6239   001B86  EFC7  F00D         	goto	i2u306_40
  6240   001B8A                     i2u306_41:
  6241   001B8A  EFC9  F00D         	goto	i2l588
  6242   001B8E                     i2u306_40:
  6243   001B8E                     
  6244                           ;usb_device.c: 2424:     {;usb_device.c: 2427:         USBCtrlTrfInHandler();
  6245   001B8E  ECEF  F006         	call	_USBCtrlTrfInHandler	;wreg free
  6246   001B92                     i2l588:
  6247   001B92  0012               	return		;funcret
  6248   001B94                     __end_of_USBCtrlEPService:
  6249                           	callstack 0
  6250                           
  6251 ;; *************** function _memcpy *****************
  6252 ;; Defined at:
  6253 ;;		line 4 in file "C:\Program Files\Microchip\xc8\v3.00\pic\sources\c99\common\memcpy.c"
  6254 ;; Parameters:    Size  Location     Type
  6255 ;;  d1              2    0[COMRAM] PTR void 
  6256 ;;		 -> SetupPkt(8), 
  6257 ;;  s1              2    2[COMRAM] PTR const void 
  6258 ;;		 -> RAM(2047), SetupPkt(8), CtrlTrfData(8), 
  6259 ;;  n               2    4[COMRAM] unsigned int 
  6260 ;; Auto vars:     Size  Location     Type
  6261 ;;  s               2    8[COMRAM] PTR const unsigned char 
  6262 ;;		 -> RAM(2047), SetupPkt(8), CtrlTrfData(8), 
  6263 ;;  d               2    6[COMRAM] PTR unsigned char 
  6264 ;;		 -> SetupPkt(8), 
  6265 ;;  tmp             1   10[COMRAM] unsigned char 
  6266 ;; Return value:  Size  Location     Type
  6267 ;;                  2    0[COMRAM] PTR void 
  6268 ;; Registers used:
  6269 ;;		wreg, fsr2l, fsr2h, status,2, status,0
  6270 ;; Tracked objects:
  6271 ;;		On entry : 0/0
  6272 ;;		On exit  : 0/0
  6273 ;;		Unchanged: 0/0
  6274 ;; Data sizes:     COMRAM   BANK0   BANK1   BANK2   BANK3  BANK4h  BANK5h   BANK6   BANK7
  6275 ;;      Params:         6       0       0       0       0       0       0       0       0
  6276 ;;      Locals:         5       0       0       0       0       0       0       0       0
  6277 ;;      Temps:          0       0       0       0       0       0       0       0       0
  6278 ;;      Totals:        11       0       0       0       0       0       0       0       0
  6279 ;;Total ram usage:       11 bytes
  6280 ;; Hardware stack levels used: 1
  6281 ;; This function calls:
  6282 ;;		Nothing
  6283 ;; This function is called by:
  6284 ;;		_USBCtrlEPService
  6285 ;; This function uses a non-reentrant model
  6286 ;;
  6287                           
  6288                           	psect	text23
  6289   002230                     __ptext23:
  6290                           	callstack 0
  6291   002230                     _memcpy:
  6292                           	callstack 24
  6293   002230  C032  F038         	movff	memcpy@s1,memcpy@s
  6294   002234  C033  F039         	movff	memcpy@s1+1,memcpy@s+1
  6295   002238  C030  F036         	movff	memcpy@d1,memcpy@d
  6296   00223C  C031  F037         	movff	memcpy@d1+1,memcpy@d+1
  6297   002240  EF32  F011         	goto	i2l3955
  6298   002244                     i2l3947:
  6299   002244  C038  FFD9         	movff	memcpy@s,fsr2l
  6300   002248  C039  FFDA         	movff	memcpy@s+1,fsr2h
  6301   00224C  50DF               	movf	indf2,w,c
  6302   00224E  6E3A               	movwf	memcpy@tmp^0,c
  6303   002250  4A38               	infsnz	memcpy@s^0,f,c
  6304   002252  2A39               	incf	(memcpy@s+1)^0,f,c
  6305   002254  C036  FFD9         	movff	memcpy@d,fsr2l
  6306   002258  C037  FFDA         	movff	memcpy@d+1,fsr2h
  6307   00225C  C03A  FFDF         	movff	memcpy@tmp,indf2
  6308   002260  4A36               	infsnz	memcpy@d^0,f,c
  6309   002262  2A37               	incf	(memcpy@d+1)^0,f,c
  6310   002264                     i2l3955:
  6311   002264  0634               	decf	memcpy@n^0,f,c
  6312   002266  A0D8               	btfss	status,0,c
  6313   002268  0635               	decf	(memcpy@n+1)^0,f,c
  6314   00226A  2834               	incf	memcpy@n^0,w,c
  6315   00226C  E106               	bnz	i2u270_41
  6316   00226E  2835               	incf	(memcpy@n+1)^0,w,c
  6317   002270  A4D8               	btfss	status,2,c
  6318   002272  EF3D  F011         	goto	i2u270_41
  6319   002276  EF3F  F011         	goto	i2u270_40
  6320   00227A                     i2u270_41:
  6321   00227A  EF22  F011         	goto	i2l3947
  6322   00227E                     i2u270_40:
  6323   00227E  0012               	return		;funcret
  6324   002280                     __end_of_memcpy:
  6325                           	callstack 0
  6326                           
  6327 ;; *************** function _USBCtrlTrfSetupHandler *****************
  6328 ;; Defined at:
  6329 ;;		line 2472 in file "usb_device.c"
  6330 ;; Parameters:    Size  Location     Type
  6331 ;;		None
  6332 ;; Auto vars:     Size  Location     Type
  6333 ;;		None
  6334 ;; Return value:  Size  Location     Type
  6335 ;;                  1    wreg      void 
  6336 ;; Registers used:
  6337 ;;		wreg, fsr1l, fsr1h, fsr2l, fsr2h, status,2, status,0, tblptrl, tblptrh, tblptru, prodl, prodh, cstack
  6338 ;; Tracked objects:
  6339 ;;		On entry : 0/0
  6340 ;;		On exit  : 0/0
  6341 ;;		Unchanged: 0/0
  6342 ;; Data sizes:     COMRAM   BANK0   BANK1   BANK2   BANK3  BANK4h  BANK5h   BANK6   BANK7
  6343 ;;      Params:         0       0       0       0       0       0       0       0       0
  6344 ;;      Locals:         0       0       0       0       0       0       0       0       0
  6345 ;;      Temps:          0       0       0       0       0       0       0       0       0
  6346 ;;      Totals:         0       0       0       0       0       0       0       0       0
  6347 ;;Total ram usage:        0 bytes
  6348 ;; Hardware stack levels used: 1
  6349 ;; Hardware stack levels required when called: 6
  6350 ;; This function calls:
  6351 ;;		_USBCheckStdRequest
  6352 ;;		_USBCtrlEPServiceComplete
  6353 ;;		_USER_USB_CALLBACK_EVENT_HANDLER
  6354 ;; This function is called by:
  6355 ;;		_USBCtrlEPService
  6356 ;; This function uses a non-reentrant model
  6357 ;;
  6358                           
  6359                           	psect	text24
  6360   001CE4                     __ptext24:
  6361                           	callstack 0
  6362   001CE4                     _USBCtrlTrfSetupHandler:
  6363                           	callstack 18
  6364   001CE4                     
  6365                           ;usb_device.c: 2477:     shortPacketStatus = 0;
  6366   001CE4  6A2B               	clrf	_shortPacketStatus^0,c	;volatile
  6367                           
  6368                           ;usb_device.c: 2478:     USBDeferStatusStagePacket = 0;
  6369   001CE6  6A24               	clrf	_USBDeferStatusStagePacket^0,c	;volatile
  6370                           
  6371                           ;usb_device.c: 2479:     USBDeferINDataStagePackets = 0;
  6372   001CE8  6A21               	clrf	_USBDeferINDataStagePackets^0,c	;volatile
  6373                           
  6374                           ;usb_device.c: 2480:     USBDeferOUTDataStagePackets = 0;
  6375   001CEA  6A20               	clrf	_USBDeferOUTDataStagePackets^0,c	;volatile
  6376                           
  6377                           ;usb_device.c: 2481:     BothEP0OutUOWNsSet = 0;
  6378   001CEC  6A26               	clrf	_BothEP0OutUOWNsSet^0,c	;volatile
  6379                           
  6380                           ;usb_device.c: 2482:     controlTransferState = 0;
  6381   001CEE  6A2A               	clrf	_controlTransferState^0,c	;volatile
  6382   001CF0                     
  6383                           ;usb_device.c: 2491:     pBDTEntryIn[0]->STAT.Val &= ~(0x80);
  6384   001CF0  C00D  FFD9         	movff	_pBDTEntryIn,fsr2l
  6385   001CF4  C00E  FFDA         	movff	_pBDTEntryIn+1,fsr2h
  6386   001CF8  0E7F               	movlw	127
  6387   001CFA  16DF               	andwf	indf2,f,c
  6388   001CFC                     
  6389                           ;usb_device.c: 2493:     pBDTEntryIn[0] = (volatile BDT_ENTRY*)(((uint16_t)pBDTEntryIn[0
      +                          ]) ^ 0x0004);
  6390   001CFC  0E04               	movlw	4
  6391   001CFE  180D               	xorwf	_pBDTEntryIn^0,w,c
  6392   001D00  6E0D               	movwf	_pBDTEntryIn^0,c
  6393   001D02  500E               	movf	(_pBDTEntryIn+1)^0,w,c
  6394   001D04  6E0E               	movwf	(_pBDTEntryIn+1)^0,c
  6395   001D06                     
  6396                           ;usb_device.c: 2494:     pBDTEntryIn[0]->STAT.Val &= ~(0x80);
  6397   001D06  C00D  FFD9         	movff	_pBDTEntryIn,fsr2l
  6398   001D0A  C00E  FFDA         	movff	_pBDTEntryIn+1,fsr2h
  6399   001D0E  0E7F               	movlw	127
  6400   001D10  16DF               	andwf	indf2,f,c
  6401                           
  6402                           ;usb_device.c: 2495:     pBDTEntryIn[0] = (volatile BDT_ENTRY*)(((uint16_t)pBDTEntryIn[0
      +                          ]) ^ 0x0004);
  6403   001D12  0E04               	movlw	4
  6404   001D14  180D               	xorwf	_pBDTEntryIn^0,w,c
  6405   001D16  6E0D               	movwf	_pBDTEntryIn^0,c
  6406   001D18  500E               	movf	(_pBDTEntryIn+1)^0,w,c
  6407   001D1A  6E0E               	movwf	(_pBDTEntryIn+1)^0,c
  6408   001D1C                     
  6409                           ;usb_device.c: 2496:     pBDTEntryEP0OutNext->STAT.Val &= ~(0x80);
  6410   001D1C  C019  FFD9         	movff	_pBDTEntryEP0OutNext,fsr2l
  6411   001D20  C01A  FFDA         	movff	_pBDTEntryEP0OutNext+1,fsr2h
  6412   001D24  0E7F               	movlw	127
  6413   001D26  16DF               	andwf	indf2,f,c
  6414   001D28                     
  6415                           ;usb_device.c: 2498:     inPipes[0].info.Val = 0;
  6416   001D28  6A0A               	clrf	(_inPipes+2)^0,c	;volatile
  6417   001D2A                     
  6418                           ;usb_device.c: 2499:     inPipes[0].wCount.Val = 0;
  6419   001D2A  0E00               	movlw	0
  6420   001D2C  6E0C               	movwf	(_inPipes+4)^0,c	;volatile
  6421   001D2E  0E00               	movlw	0
  6422   001D30  6E0B               	movwf	(_inPipes+3)^0,c	;volatile
  6423   001D32                     
  6424                           ;usb_device.c: 2500:     outPipes[0].info.Val = 0;
  6425   001D32  6A03               	clrf	(_outPipes+2)^0,c	;volatile
  6426   001D34                     
  6427                           ;usb_device.c: 2501:     outPipes[0].wCount.Val = 0;
  6428   001D34  0E00               	movlw	0
  6429   001D36  6E05               	movwf	(_outPipes+4)^0,c	;volatile
  6430   001D38  0E00               	movlw	0
  6431   001D3A  6E04               	movwf	(_outPipes+3)^0,c	;volatile
  6432   001D3C                     
  6433                           ;usb_device.c: 2507:     USBCheckStdRequest();
  6434   001D3C  EC4B  F00A         	call	_USBCheckStdRequest	;wreg free
  6435   001D40                     
  6436                           ;usb_device.c: 2508:     USER_USB_CALLBACK_EVENT_HANDLER((USB_EVENT)EVENT_EP0_REQUEST,0,
      +                          0);
  6437   001D40  0E00               	movlw	0
  6438   001D42  6E3F               	movwf	(USER_USB_CALLBACK_EVENT_HANDLER@event+1)^0,c
  6439   001D44  0E03               	movlw	3
  6440   001D46  6E3E               	movwf	USER_USB_CALLBACK_EVENT_HANDLER@event^0,c
  6441   001D48  0E00               	movlw	0
  6442   001D4A  6E40               	movwf	USER_USB_CALLBACK_EVENT_HANDLER@pdata^0,c
  6443   001D4C  0E00               	movlw	0
  6444   001D4E  6E41               	movwf	(USER_USB_CALLBACK_EVENT_HANDLER@pdata+1)^0,c
  6445   001D50  0E00               	movlw	0
  6446   001D52  6E43               	movwf	(USER_USB_CALLBACK_EVENT_HANDLER@size+1)^0,c
  6447   001D54  0E00               	movlw	0
  6448   001D56  6E42               	movwf	USER_USB_CALLBACK_EVENT_HANDLER@size^0,c
  6449   001D58  EC9D  F00C         	call	_USER_USB_CALLBACK_EVENT_HANDLER	;wreg free
  6450   001D5C                     
  6451                           ;usb_device.c: 2521:     USBCtrlEPServiceComplete();
  6452   001D5C  EC55  F006         	call	_USBCtrlEPServiceComplete	;wreg free
  6453   001D60  0012               	return		;funcret
  6454   001D62                     __end_of_USBCtrlTrfSetupHandler:
  6455                           	callstack 0
  6456                           
  6457 ;; *************** function _USBCtrlEPServiceComplete *****************
  6458 ;; Defined at:
  6459 ;;		line 1620 in file "usb_device.c"
  6460 ;; Parameters:    Size  Location     Type
  6461 ;;		None
  6462 ;; Auto vars:     Size  Location     Type
  6463 ;;		None
  6464 ;; Return value:  Size  Location     Type
  6465 ;;                  1    wreg      void 
  6466 ;; Registers used:
  6467 ;;		wreg, fsr1l, fsr1h, fsr2l, fsr2h, status,2, status,0, tblptrl, tblptrh, tblptru, cstack
  6468 ;; Tracked objects:
  6469 ;;		On entry : 0/0
  6470 ;;		On exit  : 0/0
  6471 ;;		Unchanged: 0/0
  6472 ;; Data sizes:     COMRAM   BANK0   BANK1   BANK2   BANK3  BANK4h  BANK5h   BANK6   BANK7
  6473 ;;      Params:         0       0       0       0       0       0       0       0       0
  6474 ;;      Locals:         0       0       0       0       0       0       0       0       0
  6475 ;;      Temps:          0       0       0       0       0       0       0       0       0
  6476 ;;      Totals:         0       0       0       0       0       0       0       0       0
  6477 ;;Total ram usage:        0 bytes
  6478 ;; Hardware stack levels used: 1
  6479 ;; Hardware stack levels required when called: 2
  6480 ;; This function calls:
  6481 ;;		_USBCtrlEPAllowDataStage
  6482 ;;		_USBCtrlEPAllowStatusStage
  6483 ;; This function is called by:
  6484 ;;		_USBCtrlTrfSetupHandler
  6485 ;; This function uses a non-reentrant model
  6486 ;;
  6487                           
  6488                           	psect	text25
  6489   000CAA                     __ptext25:
  6490                           	callstack 0
  6491   000CAA                     _USBCtrlEPServiceComplete:
  6492                           	callstack 21
  6493   000CAA                     
  6494                           ;usb_device.c: 1626:     UCONbits.PKTDIS = 0;
  6495   000CAA  986D               	bcf	109,4,c	;volatile
  6496                           
  6497                           ;usb_device.c: 1632:     if(inPipes[0].info.bits.busy == 0)
  6498   000CAC  BE0A               	btfsc	(_inPipes+2)^0,7,c	;volatile
  6499   000CAE  EF5B  F006         	goto	i2u255_41
  6500   000CB2  EF5D  F006         	goto	i2u255_40
  6501   000CB6                     i2u255_41:
  6502   000CB6  EFA0  F006         	goto	i2l492
  6503   000CBA                     i2u255_40:
  6504   000CBA                     
  6505                           ;usb_device.c: 1633:     {;usb_device.c: 1634:         if(outPipes[0].info.bits.busy == 
      +                          1)
  6506   000CBA  AE03               	btfss	(_outPipes+2)^0,7,c	;volatile
  6507   000CBC  EF62  F006         	goto	i2u256_41
  6508   000CC0  EF64  F006         	goto	i2u256_40
  6509   000CC4                     i2u256_41:
  6510   000CC4  EF74  F006         	goto	i2l3797
  6511   000CC8                     i2u256_40:
  6512   000CC8                     
  6513                           ;usb_device.c: 1635:         {;usb_device.c: 1636:             controlTransferState = 2;
  6514   000CC8  0E02               	movlw	2
  6515   000CCA  6E2A               	movwf	_controlTransferState^0,c	;volatile
  6516                           
  6517                           ;usb_device.c: 1647:             if(USBDeferOUTDataStagePackets == 0)
  6518   000CCC  5020               	movf	_USBDeferOUTDataStagePackets^0,w,c	;volatile
  6519   000CCE  A4D8               	btfss	status,2,c
  6520   000CD0  EF6C  F006         	goto	i2u257_41
  6521   000CD4  EF6E  F006         	goto	i2u257_40
  6522   000CD8                     i2u257_41:
  6523   000CD8  EF70  F006         	goto	i2l3793
  6524   000CDC                     i2u257_40:
  6525   000CDC                     
  6526                           ;usb_device.c: 1648:             {;usb_device.c: 1649:                 USBCtrlEPAllowDat
      +                          aStage();
  6527   000CDC  ECCA  F00D         	call	_USBCtrlEPAllowDataStage	;wreg free
  6528   000CE0                     i2l3793:
  6529                           
  6530                           ;usb_device.c: 1654:             USBStatusStageEnabledFlag2 = 0;
  6531   000CE0  6A22               	clrf	_USBStatusStageEnabledFlag2^0,c	;volatile
  6532   000CE2                     
  6533                           ;usb_device.c: 1655:             USBStatusStageEnabledFlag1 = 0;
  6534   000CE2  6A23               	clrf	_USBStatusStageEnabledFlag1^0,c	;volatile
  6535                           
  6536                           ;usb_device.c: 1656:         }
  6537   000CE4  EFEE  F006         	goto	i2l502
  6538   000CE8                     i2l3797:
  6539                           
  6540                           ;usb_device.c: 1658:         {;usb_device.c: 1663:             pBDTEntryEP0OutNext->CNT 
      +                          = 8;
  6541   000CE8  EE20 F001          	lfsr	2,1
  6542   000CEC  5019               	movf	_pBDTEntryEP0OutNext^0,w,c
  6543   000CEE  26D9               	addwf	fsr2l,f,c
  6544   000CF0  501A               	movf	(_pBDTEntryEP0OutNext+1)^0,w,c
  6545   000CF2  22DA               	addwfc	fsr2h,f,c
  6546   000CF4  0E08               	movlw	8
  6547   000CF6  6EDF               	movwf	indf2,c
  6548                           
  6549                           ;usb_device.c: 1664:             pBDTEntryEP0OutNext->ADR = ((uint16_t)(&SetupPkt));
  6550   000CF8  EE20 F002          	lfsr	2,2
  6551   000CFC  5019               	movf	_pBDTEntryEP0OutNext^0,w,c
  6552   000CFE  26D9               	addwf	fsr2l,f,c
  6553   000D00  501A               	movf	(_pBDTEntryEP0OutNext+1)^0,w,c
  6554   000D02  22DA               	addwfc	fsr2h,f,c
  6555   000D04  0E20               	movlw	32
  6556   000D06  6EDE               	movwf	postinc2,c
  6557   000D08  0E04               	movlw	4
  6558   000D0A  6EDD               	movwf	postdec2,c
  6559   000D0C                     
  6560                           ;usb_device.c: 1665:             pBDTEntryEP0OutNext->STAT.Val = 0x00|(0x08 & 0x08)|0x04
      +                          ;
  6561   000D0C  C019  FFD9         	movff	_pBDTEntryEP0OutNext,fsr2l
  6562   000D10  C01A  FFDA         	movff	_pBDTEntryEP0OutNext+1,fsr2h
  6563   000D14  0E0C               	movlw	12
  6564   000D16  6EDF               	movwf	indf2,c
  6565   000D18                     
  6566                           ;usb_device.c: 1666:             pBDTEntryEP0OutNext->STAT.Val |= 0x80;
  6567   000D18  C019  FFD9         	movff	_pBDTEntryEP0OutNext,fsr2l
  6568   000D1C  C01A  FFDA         	movff	_pBDTEntryEP0OutNext+1,fsr2h
  6569   000D20  0E00               	movlw	0
  6570   000D22  8EDB               	bsf	plusw2,7,c
  6571                           
  6572                           ;usb_device.c: 1667:             pBDTEntryIn[0]->STAT.Val = 0x04;
  6573   000D24  C00D  FFD9         	movff	_pBDTEntryIn,fsr2l
  6574   000D28  C00E  FFDA         	movff	_pBDTEntryIn+1,fsr2h
  6575   000D2C  0E04               	movlw	4
  6576   000D2E  6EDF               	movwf	indf2,c
  6577   000D30                     
  6578                           ;usb_device.c: 1668:             pBDTEntryIn[0]->STAT.Val |= 0x80;
  6579   000D30  C00D  FFD9         	movff	_pBDTEntryIn,fsr2l
  6580   000D34  C00E  FFDA         	movff	_pBDTEntryIn+1,fsr2h
  6581   000D38  0E00               	movlw	0
  6582   000D3A  8EDB               	bsf	plusw2,7,c
  6583   000D3C  EFEE  F006         	goto	i2l502
  6584   000D40                     i2l492:
  6585                           
  6586                           ;usb_device.c: 1672:     {;usb_device.c: 1673:   if(SetupPkt.DataDir == (0x80>>7))
  6587   000D40  0104               	movlb	4	; () banked
  6588   000D42  AF20               	btfss	32,7,b	;volatile
  6589   000D44  EFA6  F006         	goto	i2u258_41
  6590   000D48  EFA8  F006         	goto	i2u258_40
  6591   000D4C                     i2u258_41:
  6592   000D4C  EFC2  F006         	goto	i2l3817
  6593   000D50                     i2u258_40:
  6594   000D50                     
  6595                           ; BSR set to: 4
  6596                           ;usb_device.c: 1674:   {;usb_device.c: 1675:    controlTransferState = 1;
  6597   000D50  0E01               	movlw	1
  6598   000D52  6E2A               	movwf	_controlTransferState^0,c	;volatile
  6599                           
  6600                           ;usb_device.c: 1689:    if(USBDeferINDataStagePackets == 0)
  6601   000D54  5021               	movf	_USBDeferINDataStagePackets^0,w,c	;volatile
  6602   000D56  A4D8               	btfss	status,2,c
  6603   000D58  EFB0  F006         	goto	i2u259_41
  6604   000D5C  EFB2  F006         	goto	i2u259_40
  6605   000D60                     i2u259_41:
  6606   000D60  EFB4  F006         	goto	i2l3809
  6607   000D64                     i2u259_40:
  6608   000D64                     
  6609                           ; BSR set to: 4
  6610                           ;usb_device.c: 1690:             {;usb_device.c: 1691:                 USBCtrlEPAllowDat
      +                          aStage();
  6611   000D64  ECCA  F00D         	call	_USBCtrlEPAllowDataStage	;wreg free
  6612   000D68                     i2l3809:
  6613                           
  6614                           ;usb_device.c: 1714:             USBStatusStageEnabledFlag2 = 0;
  6615   000D68  6A22               	clrf	_USBStatusStageEnabledFlag2^0,c	;volatile
  6616   000D6A                     
  6617                           ;usb_device.c: 1715:             USBStatusStageEnabledFlag1 = 0;
  6618   000D6A  6A23               	clrf	_USBStatusStageEnabledFlag1^0,c	;volatile
  6619   000D6C                     
  6620                           ;usb_device.c: 1716:             if(USBDeferStatusStagePacket == 0)
  6621   000D6C  5024               	movf	_USBDeferStatusStagePacket^0,w,c	;volatile
  6622   000D6E  A4D8               	btfss	status,2,c
  6623   000D70  EFBC  F006         	goto	i2u260_41
  6624   000D74  EFBE  F006         	goto	i2u260_40
  6625   000D78                     i2u260_41:
  6626   000D78  EFEE  F006         	goto	i2l502
  6627   000D7C                     i2u260_40:
  6628   000D7C                     i2l3815:
  6629                           
  6630                           ;usb_device.c: 1717:             {;usb_device.c: 1718:                 USBCtrlEPAllowSta
      +                          tusStage();
  6631   000D7C  ECBD  F00B         	call	_USBCtrlEPAllowStatusStage	;wreg free
  6632   000D80  EFEE  F006         	goto	i2l502
  6633   000D84                     i2l3817:
  6634                           
  6635                           ; BSR set to: 4
  6636                           ;usb_device.c: 1722:   {;usb_device.c: 1733:    controlTransferState = 2;
  6637   000D84  0E02               	movlw	2
  6638   000D86  6E2A               	movwf	_controlTransferState^0,c	;volatile
  6639   000D88                     
  6640                           ; BSR set to: 4
  6641                           ;usb_device.c: 1736:    pBDTEntryEP0OutNext->CNT = 8;
  6642   000D88  EE20 F001          	lfsr	2,1
  6643   000D8C  5019               	movf	_pBDTEntryEP0OutNext^0,w,c
  6644   000D8E  26D9               	addwf	fsr2l,f,c
  6645   000D90  501A               	movf	(_pBDTEntryEP0OutNext+1)^0,w,c
  6646   000D92  22DA               	addwfc	fsr2h,f,c
  6647   000D94  0E08               	movlw	8
  6648   000D96  6EDF               	movwf	indf2,c
  6649   000D98                     
  6650                           ; BSR set to: 4
  6651                           ;usb_device.c: 1737:    pBDTEntryEP0OutNext->ADR = ((uint16_t)(&SetupPkt));
  6652   000D98  EE20 F002          	lfsr	2,2
  6653   000D9C  5019               	movf	_pBDTEntryEP0OutNext^0,w,c
  6654   000D9E  26D9               	addwf	fsr2l,f,c
  6655   000DA0  501A               	movf	(_pBDTEntryEP0OutNext+1)^0,w,c
  6656   000DA2  22DA               	addwfc	fsr2h,f,c
  6657   000DA4  0E20               	movlw	32
  6658   000DA6  6EDE               	movwf	postinc2,c
  6659   000DA8  0E04               	movlw	4
  6660   000DAA  6EDD               	movwf	postdec2,c
  6661   000DAC                     
  6662                           ; BSR set to: 4
  6663                           ;usb_device.c: 1738:    pBDTEntryEP0OutNext->STAT.Val = 0x04;
  6664   000DAC  C019  FFD9         	movff	_pBDTEntryEP0OutNext,fsr2l
  6665   000DB0  C01A  FFDA         	movff	_pBDTEntryEP0OutNext+1,fsr2h
  6666   000DB4  0E04               	movlw	4
  6667   000DB6  6EDF               	movwf	indf2,c
  6668   000DB8                     
  6669                           ; BSR set to: 4
  6670                           ;usb_device.c: 1739:             pBDTEntryEP0OutNext->STAT.Val |= 0x80;
  6671   000DB8  C019  FFD9         	movff	_pBDTEntryEP0OutNext,fsr2l
  6672   000DBC  C01A  FFDA         	movff	_pBDTEntryEP0OutNext+1,fsr2h
  6673   000DC0  0E00               	movlw	0
  6674   000DC2  8EDB               	bsf	plusw2,7,c
  6675   000DC4                     
  6676                           ; BSR set to: 4
  6677                           ;usb_device.c: 1742:             USBStatusStageEnabledFlag2 = 0;
  6678   000DC4  6A22               	clrf	_USBStatusStageEnabledFlag2^0,c	;volatile
  6679   000DC6                     
  6680                           ; BSR set to: 4
  6681                           ;usb_device.c: 1743:             USBStatusStageEnabledFlag1 = 0;
  6682   000DC6  6A23               	clrf	_USBStatusStageEnabledFlag1^0,c	;volatile
  6683   000DC8                     
  6684                           ; BSR set to: 4
  6685                           ;usb_device.c: 1744:    if(USBDeferStatusStagePacket == 0)
  6686   000DC8  5024               	movf	_USBDeferStatusStagePacket^0,w,c	;volatile
  6687   000DCA  A4D8               	btfss	status,2,c
  6688   000DCC  EFEA  F006         	goto	i2u261_41
  6689   000DD0  EFEC  F006         	goto	i2u261_40
  6690   000DD4                     i2u261_41:
  6691   000DD4  EFEE  F006         	goto	i2l502
  6692   000DD8                     i2u261_40:
  6693   000DD8  EFBE  F006         	goto	i2l3815
  6694   000DDC                     i2l502:
  6695   000DDC  0012               	return		;funcret
  6696   000DDE                     __end_of_USBCtrlEPServiceComplete:
  6697                           	callstack 0
  6698                           
  6699 ;; *************** function _USBCtrlEPAllowDataStage *****************
  6700 ;; Defined at:
  6701 ;;		line 1492 in file "usb_device.c"
  6702 ;; Parameters:    Size  Location     Type
  6703 ;;		None
  6704 ;; Auto vars:     Size  Location     Type
  6705 ;;		None
  6706 ;; Return value:  Size  Location     Type
  6707 ;;                  1    wreg      void 
  6708 ;; Registers used:
  6709 ;;		wreg, fsr1l, fsr1h, fsr2l, fsr2h, status,2, status,0, tblptrl, tblptrh, tblptru, cstack
  6710 ;; Tracked objects:
  6711 ;;		On entry : 0/0
  6712 ;;		On exit  : 0/0
  6713 ;;		Unchanged: 0/0
  6714 ;; Data sizes:     COMRAM   BANK0   BANK1   BANK2   BANK3  BANK4h  BANK5h   BANK6   BANK7
  6715 ;;      Params:         0       0       0       0       0       0       0       0       0
  6716 ;;      Locals:         0       0       0       0       0       0       0       0       0
  6717 ;;      Temps:          0       0       0       0       0       0       0       0       0
  6718 ;;      Totals:         0       0       0       0       0       0       0       0       0
  6719 ;;Total ram usage:        0 bytes
  6720 ;; Hardware stack levels used: 1
  6721 ;; Hardware stack levels required when called: 1
  6722 ;; This function calls:
  6723 ;;		_USBCtrlTrfTxService
  6724 ;; This function is called by:
  6725 ;;		_USBCtrlEPServiceComplete
  6726 ;; This function uses a non-reentrant model
  6727 ;;
  6728                           
  6729                           	psect	text26
  6730   001B94                     __ptext26:
  6731                           	callstack 0
  6732   001B94                     _USBCtrlEPAllowDataStage:
  6733                           	callstack 21
  6734   001B94                     
  6735                           ;usb_device.c: 1494:     USBDeferINDataStagePackets = 0;
  6736   001B94  6A21               	clrf	_USBDeferINDataStagePackets^0,c	;volatile
  6737                           
  6738                           ;usb_device.c: 1495:     USBDeferOUTDataStagePackets = 0;
  6739   001B96  6A20               	clrf	_USBDeferOUTDataStagePackets^0,c	;volatile
  6740   001B98                     
  6741                           ;usb_device.c: 1497:     if(controlTransferState == 2)
  6742   001B98  0E02               	movlw	2
  6743   001B9A  182A               	xorwf	_controlTransferState^0,w,c	;volatile
  6744   001B9C  A4D8               	btfss	status,2,c
  6745   001B9E  EFD3  F00D         	goto	i2u221_41
  6746   001BA2  EFD5  F00D         	goto	i2u221_40
  6747   001BA6                     i2u221_41:
  6748   001BA6  EFF5  F00D         	goto	i2l3593
  6749   001BAA                     i2u221_40:
  6750   001BAA                     
  6751                           ;usb_device.c: 1498:     {;usb_device.c: 1500:         pBDTEntryEP0OutNext->CNT = 8;
  6752   001BAA  EE20 F001          	lfsr	2,1
  6753   001BAE  5019               	movf	_pBDTEntryEP0OutNext^0,w,c
  6754   001BB0  26D9               	addwf	fsr2l,f,c
  6755   001BB2  501A               	movf	(_pBDTEntryEP0OutNext+1)^0,w,c
  6756   001BB4  22DA               	addwfc	fsr2h,f,c
  6757   001BB6  0E08               	movlw	8
  6758   001BB8  6EDF               	movwf	indf2,c
  6759                           
  6760                           ;usb_device.c: 1501:         pBDTEntryEP0OutNext->ADR = ((uint16_t)(&CtrlTrfData));
  6761   001BBA  EE20 F002          	lfsr	2,2
  6762   001BBE  5019               	movf	_pBDTEntryEP0OutNext^0,w,c
  6763   001BC0  26D9               	addwf	fsr2l,f,c
  6764   001BC2  501A               	movf	(_pBDTEntryEP0OutNext+1)^0,w,c
  6765   001BC4  22DA               	addwfc	fsr2h,f,c
  6766   001BC6  0E28               	movlw	40
  6767   001BC8  6EDE               	movwf	postinc2,c
  6768   001BCA  0E04               	movlw	4
  6769   001BCC  6EDD               	movwf	postdec2,c
  6770   001BCE                     
  6771                           ;usb_device.c: 1502:         pBDTEntryEP0OutNext->STAT.Val = 0x40|(0x08 & 0x08);
  6772   001BCE  C019  FFD9         	movff	_pBDTEntryEP0OutNext,fsr2l
  6773   001BD2  C01A  FFDA         	movff	_pBDTEntryEP0OutNext+1,fsr2h
  6774   001BD6  0E48               	movlw	72
  6775   001BD8  6EDF               	movwf	indf2,c
  6776   001BDA                     
  6777                           ;usb_device.c: 1503:         pBDTEntryEP0OutNext->STAT.Val |= 0x80;
  6778   001BDA  C019  FFD9         	movff	_pBDTEntryEP0OutNext,fsr2l
  6779   001BDE  C01A  FFDA         	movff	_pBDTEntryEP0OutNext+1,fsr2h
  6780   001BE2  0E00               	movlw	0
  6781   001BE4  8EDB               	bsf	plusw2,7,c
  6782                           
  6783                           ;usb_device.c: 1504:     }
  6784   001BE6  EF1D  F00E         	goto	i2l484
  6785   001BEA                     i2l3593:
  6786                           
  6787                           ;usb_device.c: 1506:     {;usb_device.c: 1509:   if(SetupPkt.wLength < inPipes[0].wCount
      +                          .Val)
  6788   001BEA  500B               	movf	(_inPipes+3)^0,w,c	;volatile
  6789   001BEC  0104               	movlb	4	; () banked
  6790   001BEE  5D26               	subwf	38,w,b	;volatile
  6791   001BF0  500C               	movf	(_inPipes+4)^0,w,c	;volatile
  6792   001BF2  5927               	subwfb	39,w,b	;volatile
  6793   001BF4  B0D8               	btfsc	status,0,c
  6794   001BF6  EFFF  F00D         	goto	i2u222_41
  6795   001BFA  EF01  F00E         	goto	i2u222_40
  6796   001BFE                     i2u222_41:
  6797   001BFE  EF05  F00E         	goto	i2l3597
  6798   001C02                     i2u222_40:
  6799   001C02                     
  6800                           ; BSR set to: 4
  6801                           ;usb_device.c: 1510:   {;usb_device.c: 1511:    inPipes[0].wCount.Val = SetupPkt.wLength
      +                          ;
  6802   001C02  C426 F00B          	movff	1062,_inPipes+3	;volatile
  6803   001C06  C427 F00C          	movff	1063,_inPipes+4	;volatile
  6804   001C0A                     i2l3597:
  6805                           
  6806                           ; BSR set to: 4
  6807                           ;usb_device.c: 1513:   USBCtrlTrfTxService();
  6808   001C0A  ECC3  F009         	call	_USBCtrlTrfTxService	;wreg free
  6809   001C0E                     
  6810                           ;usb_device.c: 1518:   pBDTEntryIn[0]->ADR = ((uint16_t)(&CtrlTrfData));
  6811   001C0E  EE20 F002          	lfsr	2,2
  6812   001C12  500D               	movf	_pBDTEntryIn^0,w,c
  6813   001C14  26D9               	addwf	fsr2l,f,c
  6814   001C16  500E               	movf	(_pBDTEntryIn+1)^0,w,c
  6815   001C18  22DA               	addwfc	fsr2h,f,c
  6816   001C1A  0E28               	movlw	40
  6817   001C1C  6EDE               	movwf	postinc2,c
  6818   001C1E  0E04               	movlw	4
  6819   001C20  6EDD               	movwf	postdec2,c
  6820   001C22                     
  6821                           ;usb_device.c: 1519:   pBDTEntryIn[0]->STAT.Val = 0x40|(0x08 & 0x08);
  6822   001C22  C00D  FFD9         	movff	_pBDTEntryIn,fsr2l
  6823   001C26  C00E  FFDA         	movff	_pBDTEntryIn+1,fsr2h
  6824   001C2A  0E48               	movlw	72
  6825   001C2C  6EDF               	movwf	indf2,c
  6826   001C2E                     
  6827                           ;usb_device.c: 1520:         pBDTEntryIn[0]->STAT.Val |= 0x80;
  6828   001C2E  C00D  FFD9         	movff	_pBDTEntryIn,fsr2l
  6829   001C32  C00E  FFDA         	movff	_pBDTEntryIn+1,fsr2h
  6830   001C36  0E00               	movlw	0
  6831   001C38  8EDB               	bsf	plusw2,7,c
  6832   001C3A                     i2l484:
  6833   001C3A  0012               	return		;funcret
  6834   001C3C                     __end_of_USBCtrlEPAllowDataStage:
  6835                           	callstack 0
  6836                           
  6837 ;; *************** function _USBCheckStdRequest *****************
  6838 ;; Defined at:
  6839 ;;		line 2693 in file "usb_device.c"
  6840 ;; Parameters:    Size  Location     Type
  6841 ;;		None
  6842 ;; Auto vars:     Size  Location     Type
  6843 ;;		None
  6844 ;; Return value:  Size  Location     Type
  6845 ;;                  1    wreg      void 
  6846 ;; Registers used:
  6847 ;;		wreg, fsr1l, fsr1h, fsr2l, fsr2h, status,2, status,0, tblptrl, tblptrh, tblptru, prodl, prodh, cstack
  6848 ;; Tracked objects:
  6849 ;;		On entry : 0/0
  6850 ;;		On exit  : 0/0
  6851 ;;		Unchanged: 0/0
  6852 ;; Data sizes:     COMRAM   BANK0   BANK1   BANK2   BANK3  BANK4h  BANK5h   BANK6   BANK7
  6853 ;;      Params:         0       0       0       0       0       0       0       0       0
  6854 ;;      Locals:         0       0       0       0       0       0       0       0       0
  6855 ;;      Temps:          1       0       0       0       0       0       0       0       0
  6856 ;;      Totals:         1       0       0       0       0       0       0       0       0
  6857 ;;Total ram usage:        1 bytes
  6858 ;; Hardware stack levels used: 1
  6859 ;; Hardware stack levels required when called: 5
  6860 ;; This function calls:
  6861 ;;		_USBStdFeatureReqHandler
  6862 ;;		_USBStdGetDscHandler
  6863 ;;		_USBStdGetStatusHandler
  6864 ;;		_USBStdSetCfgHandler
  6865 ;;		_USER_USB_CALLBACK_EVENT_HANDLER
  6866 ;; This function is called by:
  6867 ;;		_USBCtrlTrfSetupHandler
  6868 ;; This function uses a non-reentrant model
  6869 ;;
  6870                           
  6871                           	psect	text27
  6872   001496                     __ptext27:
  6873                           	callstack 0
  6874   001496                     _USBCheckStdRequest:
  6875                           	callstack 18
  6876   001496                     
  6877                           ;usb_device.c: 2695:     if(SetupPkt.RequestType != (0x00>>5)) return;
  6878   001496  0104               	movlb	4	; () banked
  6879   001498  3920               	swapf	32,w,b	;volatile
  6880   00149A  32E8               	rrcf	wreg,f,c
  6881   00149C  0B03               	andlw	3
  6882   00149E  0900               	iorlw	0
  6883   0014A0  B4D8               	btfsc	status,2,c
  6884   0014A2  EF55  F00A         	goto	i2u269_41
  6885   0014A6  EF57  F00A         	goto	i2u269_40
  6886   0014AA                     i2u269_41:
  6887   0014AA  EF9C  F00A         	goto	i2l3919
  6888   0014AE                     i2u269_40:
  6889   0014AE  EFCB  F00A         	goto	i2l616
  6890   0014B2                     i2l618:
  6891                           
  6892                           ; BSR set to: 4
  6893                           ;usb_device.c: 2700:             inPipes[0].info.bits.busy = 1;
  6894   0014B2  8E0A               	bsf	(_inPipes+2)^0,7,c	;volatile
  6895   0014B4                     
  6896                           ; BSR set to: 4
  6897                           ;usb_device.c: 2701:             USBDeviceState = ADR_PENDING_STATE;
  6898   0014B4  0E08               	movlw	8
  6899   0014B6  6E2C               	movwf	_USBDeviceState^0,c	;volatile
  6900                           
  6901                           ;usb_device.c: 2703:             break;
  6902   0014B8  EFCB  F00A         	goto	i2l616
  6903   0014BC                     i2l3889:
  6904                           
  6905                           ; BSR set to: 4
  6906                           ;usb_device.c: 2705:             USBStdGetDscHandler();
  6907   0014BC  ECB2  F005         	call	_USBStdGetDscHandler	;wreg free
  6908                           
  6909                           ;usb_device.c: 2706:             break;
  6910   0014C0  EFCB  F00A         	goto	i2l616
  6911   0014C4                     i2l3891:
  6912                           
  6913                           ; BSR set to: 4
  6914                           ;usb_device.c: 2708:             USBStdSetCfgHandler();
  6915   0014C4  EC33  F00C         	call	_USBStdSetCfgHandler	;wreg free
  6916                           
  6917                           ;usb_device.c: 2709:             break;
  6918   0014C8  EFCB  F00A         	goto	i2l616
  6919   0014CC                     i2l3893:
  6920                           
  6921                           ; BSR set to: 4
  6922                           ;usb_device.c: 2711:             inPipes[0].pSrc.bRam = (uint8_t*)&USBActiveConfiguratio
      +                          n;
  6923   0014CC  0E2F               	movlw	low _USBActiveConfiguration
  6924   0014CE  6E08               	movwf	_inPipes^0,c	;volatile
  6925   0014D0  6A09               	clrf	(_inPipes+1)^0,c	;volatile
  6926   0014D2                     
  6927                           ; BSR set to: 4
  6928                           ;usb_device.c: 2712:             inPipes[0].info.bits.ctrl_trf_mem = 0x01;
  6929   0014D2  800A               	bsf	(_inPipes+2)^0,0,c	;volatile
  6930   0014D4                     
  6931                           ; BSR set to: 4
  6932                           ;usb_device.c: 2713:             inPipes[0].wCount.v[0] = 1;
  6933   0014D4  0E01               	movlw	1
  6934   0014D6  6E0B               	movwf	(_inPipes+3)^0,c	;volatile
  6935   0014D8                     
  6936                           ; BSR set to: 4
  6937                           ;usb_device.c: 2714:             inPipes[0].info.bits.busy = 1;
  6938   0014D8  8E0A               	bsf	(_inPipes+2)^0,7,c	;volatile
  6939                           
  6940                           ;usb_device.c: 2715:             break;
  6941   0014DA  EFCB  F00A         	goto	i2l616
  6942   0014DE                     i2l3901:
  6943                           
  6944                           ; BSR set to: 4
  6945                           ;usb_device.c: 2717:             USBStdGetStatusHandler();
  6946   0014DE  EC46  F00B         	call	_USBStdGetStatusHandler	;wreg free
  6947                           
  6948                           ;usb_device.c: 2718:             break;
  6949   0014E2  EFCB  F00A         	goto	i2l616
  6950   0014E6                     i2l3903:
  6951                           
  6952                           ; BSR set to: 4
  6953                           ;usb_device.c: 2721:             USBStdFeatureReqHandler();
  6954   0014E6  ECC8  F001         	call	_USBStdFeatureReqHandler	;wreg free
  6955                           
  6956                           ;usb_device.c: 2722:             break;
  6957   0014EA  EFCB  F00A         	goto	i2l616
  6958   0014EE                     i2l3905:
  6959                           
  6960                           ; BSR set to: 4
  6961                           ;usb_device.c: 2724:             inPipes[0].pSrc.bRam = (uint8_t*)&USBAlternateInterface
      +                          [SetupPkt.bIntfID];
  6962   0014EE  5124               	movf	36,w,b	;volatile
  6963   0014F0  0F2E               	addlw	low _USBAlternateInterface
  6964   0014F2  6E4D               	movwf	??_USBCheckStdRequest^0,c
  6965   0014F4  C04D  F008         	movff	??_USBCheckStdRequest,_inPipes	;volatile
  6966   0014F8  6A09               	clrf	(_inPipes+1)^0,c	;volatile
  6967   0014FA                     
  6968                           ; BSR set to: 4
  6969                           ;usb_device.c: 2725:             inPipes[0].info.bits.ctrl_trf_mem = 0x01;
  6970   0014FA  800A               	bsf	(_inPipes+2)^0,0,c	;volatile
  6971   0014FC                     
  6972                           ; BSR set to: 4
  6973                           ;usb_device.c: 2726:             inPipes[0].wCount.v[0] = 1;
  6974   0014FC  0E01               	movlw	1
  6975   0014FE  6E0B               	movwf	(_inPipes+3)^0,c	;volatile
  6976   001500                     
  6977                           ; BSR set to: 4
  6978                           ;usb_device.c: 2727:             inPipes[0].info.bits.busy = 1;
  6979   001500  8E0A               	bsf	(_inPipes+2)^0,7,c	;volatile
  6980                           
  6981                           ;usb_device.c: 2728:             break;
  6982   001502  EFCB  F00A         	goto	i2l616
  6983   001506                     i2l627:
  6984                           
  6985                           ; BSR set to: 4
  6986                           ;usb_device.c: 2730:             inPipes[0].info.bits.busy = 1;
  6987   001506  8E0A               	bsf	(_inPipes+2)^0,7,c	;volatile
  6988   001508                     
  6989                           ; BSR set to: 4
  6990                           ;usb_device.c: 2731:             USBAlternateInterface[SetupPkt.bIntfID] = SetupPkt.bAlt
      +                          ID;
  6991   001508  5124               	movf	36,w,b	;volatile
  6992   00150A  0F2E               	addlw	low _USBAlternateInterface
  6993   00150C  6ED9               	movwf	fsr2l,c
  6994   00150E  6ADA               	clrf	fsr2h,c
  6995   001510  C422 FFDF          	movff	1058,indf2	;volatile
  6996                           
  6997                           ;usb_device.c: 2732:             break;
  6998   001514  EFCB  F00A         	goto	i2l616
  6999   001518                     i2l3915:
  7000                           
  7001                           ; BSR set to: 4
  7002                           ;usb_device.c: 2734:             USER_USB_CALLBACK_EVENT_HANDLER((USB_EVENT)EVENT_SET_DE
      +                          SCRIPTOR,0,0);
  7003   001518  0E00               	movlw	0
  7004   00151A  6E3F               	movwf	(USER_USB_CALLBACK_EVENT_HANDLER@event+1)^0,c
  7005   00151C  0E02               	movlw	2
  7006   00151E  6E3E               	movwf	USER_USB_CALLBACK_EVENT_HANDLER@event^0,c
  7007   001520  0E00               	movlw	0
  7008   001522  6E40               	movwf	USER_USB_CALLBACK_EVENT_HANDLER@pdata^0,c
  7009   001524  0E00               	movlw	0
  7010   001526  6E41               	movwf	(USER_USB_CALLBACK_EVENT_HANDLER@pdata+1)^0,c
  7011   001528  0E00               	movlw	0
  7012   00152A  6E43               	movwf	(USER_USB_CALLBACK_EVENT_HANDLER@size+1)^0,c
  7013   00152C  0E00               	movlw	0
  7014   00152E  6E42               	movwf	USER_USB_CALLBACK_EVENT_HANDLER@size^0,c
  7015   001530  EC9D  F00C         	call	_USER_USB_CALLBACK_EVENT_HANDLER	;wreg free
  7016                           
  7017                           ;usb_device.c: 2735:             break;
  7018   001534  EFCB  F00A         	goto	i2l616
  7019   001538                     i2l3919:
  7020                           
  7021                           ; BSR set to: 4
  7022   001538  5121               	movf	33,w,b	;volatile
  7023                           
  7024                           ; Switch size 1, requested type "simple"
  7025                           ; Number of cases is 11, Range of values is 0 to 12
  7026                           ; switch strategies available:
  7027                           ; Name         Instructions Cycles
  7028                           ; simple_byte           34    18 (average)
  7029                           ;	Chosen strategy is simple_byte
  7030   00153A  0A00               	xorlw	0	; case 0
  7031   00153C  B4D8               	btfsc	status,2,c
  7032   00153E  EF6F  F00A         	goto	i2l3901
  7033   001542  0A01               	xorlw	1	; case 1
  7034   001544  B4D8               	btfsc	status,2,c
  7035   001546  EF73  F00A         	goto	i2l3903
  7036   00154A  0A02               	xorlw	2	; case 3
  7037   00154C  B4D8               	btfsc	status,2,c
  7038   00154E  EF73  F00A         	goto	i2l3903
  7039   001552  0A06               	xorlw	6	; case 5
  7040   001554  B4D8               	btfsc	status,2,c
  7041   001556  EF59  F00A         	goto	i2l618
  7042   00155A  0A03               	xorlw	3	; case 6
  7043   00155C  B4D8               	btfsc	status,2,c
  7044   00155E  EF5E  F00A         	goto	i2l3889
  7045   001562  0A01               	xorlw	1	; case 7
  7046   001564  B4D8               	btfsc	status,2,c
  7047   001566  EF8C  F00A         	goto	i2l3915
  7048   00156A  0A0F               	xorlw	15	; case 8
  7049   00156C  B4D8               	btfsc	status,2,c
  7050   00156E  EF66  F00A         	goto	i2l3893
  7051   001572  0A01               	xorlw	1	; case 9
  7052   001574  B4D8               	btfsc	status,2,c
  7053   001576  EF62  F00A         	goto	i2l3891
  7054   00157A  0A03               	xorlw	3	; case 10
  7055   00157C  B4D8               	btfsc	status,2,c
  7056   00157E  EF77  F00A         	goto	i2l3905
  7057   001582  0A01               	xorlw	1	; case 11
  7058   001584  B4D8               	btfsc	status,2,c
  7059   001586  EF83  F00A         	goto	i2l627
  7060   00158A  0A07               	xorlw	7	; case 12
  7061   00158C  B4D8               	btfsc	status,2,c
  7062   00158E  EFCB  F00A         	goto	i2l616
  7063   001592  EFCB  F00A         	goto	i2l616
  7064   001596                     i2l616:
  7065   001596  0012               	return		;funcret
  7066   001598                     __end_of_USBCheckStdRequest:
  7067                           	callstack 0
  7068                           
  7069 ;; *************** function _USBStdSetCfgHandler *****************
  7070 ;; Defined at:
  7071 ;;		line 1972 in file "usb_device.c"
  7072 ;; Parameters:    Size  Location     Type
  7073 ;;		None
  7074 ;; Auto vars:     Size  Location     Type
  7075 ;;  i               1   22[COMRAM] unsigned char 
  7076 ;; Return value:  Size  Location     Type
  7077 ;;                  1    wreg      void 
  7078 ;; Registers used:
  7079 ;;		wreg, fsr2l, fsr2h, status,2, status,0, prodl, prodh, cstack
  7080 ;; Tracked objects:
  7081 ;;		On entry : 0/0
  7082 ;;		On exit  : 0/0
  7083 ;;		Unchanged: 0/0
  7084 ;; Data sizes:     COMRAM   BANK0   BANK1   BANK2   BANK3  BANK4h  BANK5h   BANK6   BANK7
  7085 ;;      Params:         0       0       0       0       0       0       0       0       0
  7086 ;;      Locals:         1       0       0       0       0       0       0       0       0
  7087 ;;      Temps:          0       0       0       0       0       0       0       0       0
  7088 ;;      Totals:         1       0       0       0       0       0       0       0       0
  7089 ;;Total ram usage:        1 bytes
  7090 ;; Hardware stack levels used: 1
  7091 ;; Hardware stack levels required when called: 4
  7092 ;; This function calls:
  7093 ;;		_USER_USB_CALLBACK_EVENT_HANDLER
  7094 ;;		i2_memset
  7095 ;; This function is called by:
  7096 ;;		_USBCheckStdRequest
  7097 ;; This function uses a non-reentrant model
  7098 ;;
  7099                           
  7100                           	psect	text28
  7101   001866                     __ptext28:
  7102                           	callstack 0
  7103   001866                     _USBStdSetCfgHandler:
  7104                           	callstack 18
  7105   001866                     
  7106                           ;usb_device.c: 1974:     uint8_t i;;usb_device.c: 1977:     inPipes[0].info.bits.busy = 
      +                          1;
  7107   001866  8E0A               	bsf	(_inPipes+2)^0,7,c	;volatile
  7108   001868                     
  7109                           ;usb_device.c: 1980:     memset((void*)&UEP1,0x00,(1));;
  7110   001868  0E71               	movlw	113
  7111   00186A  6E30               	movwf	i2memset@dest^0,c
  7112   00186C  0E0F               	movlw	15
  7113   00186E  6E31               	movwf	(i2memset@dest+1)^0,c
  7114   001870  0E00               	movlw	0
  7115   001872  6E33               	movwf	(i2memset@c+1)^0,c
  7116   001874  0E00               	movlw	0
  7117   001876  6E32               	movwf	i2memset@c^0,c
  7118   001878  0E00               	movlw	0
  7119   00187A  6E35               	movwf	(i2memset@n+1)^0,c
  7120   00187C  0E01               	movlw	1
  7121   00187E  6E34               	movwf	i2memset@n^0,c
  7122   001880  EC74  F012         	call	i2_memset	;wreg free
  7123                           
  7124                           ;usb_device.c: 1983:     memset((void*)&BDT[0], 0x00, sizeof(BDT));
  7125   001884  0E00               	movlw	0
  7126   001886  6E30               	movwf	i2memset@dest^0,c
  7127   001888  0E04               	movlw	4
  7128   00188A  6E31               	movwf	(i2memset@dest+1)^0,c
  7129   00188C  0E00               	movlw	0
  7130   00188E  6E33               	movwf	(i2memset@c+1)^0,c
  7131   001890  0E00               	movlw	0
  7132   001892  6E32               	movwf	i2memset@c^0,c
  7133   001894  0E00               	movlw	0
  7134   001896  6E35               	movwf	(i2memset@n+1)^0,c
  7135   001898  0E20               	movlw	32
  7136   00189A  6E34               	movwf	i2memset@n^0,c
  7137   00189C  EC74  F012         	call	i2_memset	;wreg free
  7138   0018A0                     
  7139                           ;usb_device.c: 1986:     UCONbits.PPBRST = 1;
  7140   0018A0  8C6D               	bsf	109,6,c	;volatile
  7141   0018A2                     
  7142                           ;usb_device.c: 1991:  for(i = 0; i < (uint8_t)(1 +1u); i++)
  7143   0018A2  6A46               	clrf	USBStdSetCfgHandler@i^0,c
  7144   0018A4                     i2l3617:
  7145                           
  7146                           ;usb_device.c: 1992:  {;usb_device.c: 1993:   ep_data_in[i].Val = 0u;
  7147   0018A4  5046               	movf	USBStdSetCfgHandler@i^0,w,c
  7148   0018A6  0F17               	addlw	low _ep_data_in
  7149   0018A8  6ED9               	movwf	fsr2l,c
  7150   0018AA  6ADA               	clrf	fsr2h,c
  7151   0018AC  6ADF               	clrf	indf2,c
  7152                           
  7153                           ;usb_device.c: 1994:         ep_data_out[i].Val = 0u;
  7154   0018AE  5046               	movf	USBStdSetCfgHandler@i^0,w,c
  7155   0018B0  0F15               	addlw	low _ep_data_out
  7156   0018B2  6ED9               	movwf	fsr2l,c
  7157   0018B4  6ADA               	clrf	fsr2h,c
  7158   0018B6  6ADF               	clrf	indf2,c
  7159   0018B8                     
  7160                           ;usb_device.c: 1995:  }
  7161   0018B8  2A46               	incf	USBStdSetCfgHandler@i^0,f,c
  7162   0018BA  0E01               	movlw	1
  7163   0018BC  6446               	cpfsgt	USBStdSetCfgHandler@i^0,c
  7164   0018BE  EF63  F00C         	goto	i2u223_41
  7165   0018C2  EF65  F00C         	goto	i2u223_40
  7166   0018C6                     i2u223_41:
  7167   0018C6  EF52  F00C         	goto	i2l3617
  7168   0018CA                     i2u223_40:
  7169   0018CA                     
  7170                           ;usb_device.c: 1998:     memset((void*)&USBAlternateInterface,0x00,1);
  7171   0018CA  0E2E               	movlw	low _USBAlternateInterface
  7172   0018CC  6E30               	movwf	i2memset@dest^0,c
  7173   0018CE  6A31               	clrf	(i2memset@dest+1)^0,c
  7174   0018D0  0E00               	movlw	0
  7175   0018D2  6E33               	movwf	(i2memset@c+1)^0,c
  7176   0018D4  0E00               	movlw	0
  7177   0018D6  6E32               	movwf	i2memset@c^0,c
  7178   0018D8  0E00               	movlw	0
  7179   0018DA  6E35               	movwf	(i2memset@n+1)^0,c
  7180   0018DC  0E01               	movlw	1
  7181   0018DE  6E34               	movwf	i2memset@n^0,c
  7182   0018E0  EC74  F012         	call	i2_memset	;wreg free
  7183   0018E4                     
  7184                           ;usb_device.c: 2001:     UCONbits.PPBRST = 0;
  7185   0018E4  9C6D               	bcf	109,6,c	;volatile
  7186   0018E6                     
  7187                           ;usb_device.c: 2003:     pBDTEntryIn[0] = (volatile BDT_ENTRY*)&BDT[2];
  7188   0018E6  0E08               	movlw	8
  7189   0018E8  6E0D               	movwf	_pBDTEntryIn^0,c
  7190   0018EA  0E04               	movlw	4
  7191   0018EC  6E0E               	movwf	(_pBDTEntryIn+1)^0,c
  7192   0018EE                     
  7193                           ;usb_device.c: 2006:     pBDTEntryEP0OutCurrent = (volatile BDT_ENTRY*)&BDT[0];
  7194   0018EE  0E00               	movlw	0
  7195   0018F0  6E1B               	movwf	_pBDTEntryEP0OutCurrent^0,c
  7196   0018F2  0E04               	movlw	4
  7197   0018F4  6E1C               	movwf	(_pBDTEntryEP0OutCurrent+1)^0,c
  7198   0018F6                     
  7199                           ;usb_device.c: 2007:     pBDTEntryEP0OutNext = pBDTEntryEP0OutCurrent;
  7200   0018F6  C01B  F019         	movff	_pBDTEntryEP0OutCurrent,_pBDTEntryEP0OutNext
  7201   0018FA  C01C  F01A         	movff	_pBDTEntryEP0OutCurrent+1,_pBDTEntryEP0OutNext+1
  7202   0018FE                     
  7203                           ;usb_device.c: 2010:     USBActiveConfiguration = SetupPkt.bConfigurationValue;
  7204   0018FE  C422 F02F          	movff	1058,_USBActiveConfiguration	;volatile
  7205   001902                     
  7206                           ;usb_device.c: 2013:     if(USBActiveConfiguration == 0)
  7207   001902  502F               	movf	_USBActiveConfiguration^0,w,c	;volatile
  7208   001904  A4D8               	btfss	status,2,c
  7209   001906  EF87  F00C         	goto	i2u224_41
  7210   00190A  EF89  F00C         	goto	i2u224_40
  7211   00190E                     i2u224_41:
  7212   00190E  EF8D  F00C         	goto	i2l3639
  7213   001912                     i2u224_40:
  7214   001912                     
  7215                           ;usb_device.c: 2014:     {;usb_device.c: 2016:         USBDeviceState = ADDRESS_STATE;
  7216   001912  0E10               	movlw	16
  7217   001914  6E2C               	movwf	_USBDeviceState^0,c	;volatile
  7218                           
  7219                           ;usb_device.c: 2017:     }
  7220   001916  EF9C  F00C         	goto	i2l537
  7221   00191A                     i2l3639:
  7222                           
  7223                           ;usb_device.c: 2019:     {;usb_device.c: 2021:         USER_USB_CALLBACK_EVENT_HANDLER((
      +                          USB_EVENT)EVENT_CONFIGURED,(void*)&USBActiveConfiguration,1);
  7224   00191A  0E00               	movlw	0
  7225   00191C  6E3F               	movwf	(USER_USB_CALLBACK_EVENT_HANDLER@event+1)^0,c
  7226   00191E  0E01               	movlw	1
  7227   001920  6E3E               	movwf	USER_USB_CALLBACK_EVENT_HANDLER@event^0,c
  7228   001922  0E2F               	movlw	low _USBActiveConfiguration
  7229   001924  6E40               	movwf	USER_USB_CALLBACK_EVENT_HANDLER@pdata^0,c
  7230   001926  6A41               	clrf	(USER_USB_CALLBACK_EVENT_HANDLER@pdata+1)^0,c
  7231   001928  0E00               	movlw	0
  7232   00192A  6E43               	movwf	(USER_USB_CALLBACK_EVENT_HANDLER@size+1)^0,c
  7233   00192C  0E01               	movlw	1
  7234   00192E  6E42               	movwf	USER_USB_CALLBACK_EVENT_HANDLER@size^0,c
  7235   001930  EC9D  F00C         	call	_USER_USB_CALLBACK_EVENT_HANDLER	;wreg free
  7236   001934                     
  7237                           ;usb_device.c: 2026:         USBDeviceState = CONFIGURED_STATE;
  7238   001934  0E20               	movlw	32
  7239   001936  6E2C               	movwf	_USBDeviceState^0,c	;volatile
  7240   001938                     i2l537:
  7241   001938  0012               	return		;funcret
  7242   00193A                     __end_of_USBStdSetCfgHandler:
  7243                           	callstack 0
  7244                           
  7245 ;; *************** function i2_memset *****************
  7246 ;; Defined at:
  7247 ;;		line 3 in file "C:\Program Files\Microchip\xc8\v3.00\pic\sources\c99\common\memset.c"
  7248 ;; Parameters:    Size  Location     Type
  7249 ;;  dest            2    0[COMRAM] PTR void 
  7250 ;;		 -> USBAlternateInterface(1), BDT(32), UEP1(1), consumerReport(2), 
  7251 ;;		 -> inputReport(9), 
  7252 ;;  c               2    2[COMRAM] int 
  7253 ;;  n               2    4[COMRAM] unsigned int 
  7254 ;; Auto vars:     Size  Location     Type
  7255 ;;  p               2    6[COMRAM] PTR unsigned char 
  7256 ;;		 -> USBAlternateInterface(1), BDT(32), UEP1(1), consumerReport(2), 
  7257 ;;		 -> inputReport(9), 
  7258 ;; Return value:  Size  Location     Type
  7259 ;;                  2    0[COMRAM] PTR void 
  7260 ;; Registers used:
  7261 ;;		wreg, fsr2l, fsr2h, status,2, status,0
  7262 ;; Tracked objects:
  7263 ;;		On entry : 0/0
  7264 ;;		On exit  : 0/0
  7265 ;;		Unchanged: 0/0
  7266 ;; Data sizes:     COMRAM   BANK0   BANK1   BANK2   BANK3  BANK4h  BANK5h   BANK6   BANK7
  7267 ;;      Params:         6       0       0       0       0       0       0       0       0
  7268 ;;      Locals:         2       0       0       0       0       0       0       0       0
  7269 ;;      Temps:          0       0       0       0       0       0       0       0       0
  7270 ;;      Totals:         8       0       0       0       0       0       0       0       0
  7271 ;;Total ram usage:        8 bytes
  7272 ;; Hardware stack levels used: 1
  7273 ;; This function calls:
  7274 ;;		Nothing
  7275 ;; This function is called by:
  7276 ;;		_USBStdSetCfgHandler
  7277 ;;		i2_USBDeviceInit
  7278 ;; This function uses a non-reentrant model
  7279 ;;
  7280                           
  7281                           	psect	text29
  7282   0024E8                     __ptext29:
  7283                           	callstack 0
  7284   0024E8                     i2_memset:
  7285                           	callstack 24
  7286   0024E8  C030  F036         	movff	i2memset@dest,i2memset@p
  7287   0024EC  C031  F037         	movff	i2memset@dest+1,i2memset@p+1
  7288   0024F0  EF82  F012         	goto	i2l3545
  7289   0024F4                     i2l3541:
  7290   0024F4  C036  FFD9         	movff	i2memset@p,fsr2l
  7291   0024F8  C037  FFDA         	movff	i2memset@p+1,fsr2h
  7292   0024FC  C032  FFDF         	movff	i2memset@c,indf2
  7293   002500  4A36               	infsnz	i2memset@p^0,f,c
  7294   002502  2A37               	incf	(i2memset@p+1)^0,f,c
  7295   002504                     i2l3545:
  7296   002504  0634               	decf	i2memset@n^0,f,c
  7297   002506  A0D8               	btfss	status,0,c
  7298   002508  0635               	decf	(i2memset@n+1)^0,f,c
  7299   00250A  2834               	incf	i2memset@n^0,w,c
  7300   00250C  E106               	bnz	i2u216_41
  7301   00250E  2835               	incf	(i2memset@n+1)^0,w,c
  7302   002510  A4D8               	btfss	status,2,c
  7303   002512  EF8D  F012         	goto	i2u216_41
  7304   002516  EF8F  F012         	goto	i2u216_40
  7305   00251A                     i2u216_41:
  7306   00251A  EF7A  F012         	goto	i2l3541
  7307   00251E                     i2u216_40:
  7308   00251E  0012               	return		;funcret
  7309   002520                     __end_ofi2_memset:
  7310                           	callstack 0
  7311                           
  7312 ;; *************** function _USBStdGetStatusHandler *****************
  7313 ;; Defined at:
  7314 ;;		line 2133 in file "usb_device.c"
  7315 ;; Parameters:    Size  Location     Type
  7316 ;;		None
  7317 ;; Auto vars:     Size  Location     Type
  7318 ;;  p               2    0[COMRAM] PTR struct __BDT
  7319 ;;		 -> RAM(2047), BDT(32), NULL(0), 
  7320 ;; Return value:  Size  Location     Type
  7321 ;;                  1    wreg      void 
  7322 ;; Registers used:
  7323 ;;		wreg, fsr2l, fsr2h, status,2, status,0, prodl, prodh
  7324 ;; Tracked objects:
  7325 ;;		On entry : 0/0
  7326 ;;		On exit  : 0/0
  7327 ;;		Unchanged: 0/0
  7328 ;; Data sizes:     COMRAM   BANK0   BANK1   BANK2   BANK3  BANK4h  BANK5h   BANK6   BANK7
  7329 ;;      Params:         0       0       0       0       0       0       0       0       0
  7330 ;;      Locals:         2       0       0       0       0       0       0       0       0
  7331 ;;      Temps:          0       0       0       0       0       0       0       0       0
  7332 ;;      Totals:         2       0       0       0       0       0       0       0       0
  7333 ;;Total ram usage:        2 bytes
  7334 ;; Hardware stack levels used: 1
  7335 ;; This function calls:
  7336 ;;		Nothing
  7337 ;; This function is called by:
  7338 ;;		_USBCheckStdRequest
  7339 ;; This function uses a non-reentrant model
  7340 ;;
  7341                           
  7342                           	psect	text30
  7343   00168C                     __ptext30:
  7344                           	callstack 0
  7345   00168C                     _USBStdGetStatusHandler:
  7346                           	callstack 22
  7347   00168C                     
  7348                           ;usb_device.c: 2135:     CtrlTrfData[0] = 0;
  7349   00168C  0104               	movlb	4	; () banked
  7350   00168E  6B28               	clrf	40,b	;volatile
  7351                           
  7352                           ;usb_device.c: 2136:     CtrlTrfData[1] = 0;
  7353   001690  6B29               	clrf	41,b	;volatile
  7354                           
  7355                           ;usb_device.c: 2138:     switch(SetupPkt.Recipient)
  7356   001692  EF9E  F00B         	goto	i2l3693
  7357   001696                     i2l555:
  7358                           
  7359                           ; BSR set to: 4
  7360                           ;usb_device.c: 2141:             inPipes[0].info.bits.busy = 1;
  7361   001696  8E0A               	bsf	(_inPipes+2)^0,7,c	;volatile
  7362   001698                     
  7363                           ; BSR set to: 4
  7364                           ;usb_device.c: 2151:             if(RemoteWakeup == 1)
  7365   001698  0429               	decf	_RemoteWakeup^0,w,c	;volatile
  7366   00169A  A4D8               	btfss	status,2,c
  7367   00169C  EF52  F00B         	goto	i2u231_41
  7368   0016A0  EF54  F00B         	goto	i2u231_40
  7369   0016A4                     i2u231_41:
  7370   0016A4  EFAE  F00B         	goto	i2l558
  7371   0016A8                     i2u231_40:
  7372   0016A8                     
  7373                           ; BSR set to: 4
  7374                           ;usb_device.c: 2152:             {;usb_device.c: 2153:                 CtrlTrfData[0]|=0
      +                          x02;
  7375   0016A8  8328               	bsf	40,1,b	;volatile
  7376   0016AA  EFAE  F00B         	goto	i2l558
  7377   0016AE                     i2l559:
  7378                           
  7379                           ; BSR set to: 4
  7380                           ;usb_device.c: 2157:             inPipes[0].info.bits.busy = 1;
  7381   0016AE  8E0A               	bsf	(_inPipes+2)^0,7,c	;volatile
  7382                           
  7383                           ;usb_device.c: 2158:             break;
  7384   0016B0  EFAE  F00B         	goto	i2l558
  7385   0016B4                     i2l560:
  7386                           
  7387                           ; BSR set to: 4
  7388                           ;usb_device.c: 2160:             inPipes[0].info.bits.busy = 1;
  7389   0016B4  8E0A               	bsf	(_inPipes+2)^0,7,c	;volatile
  7390   0016B6                     
  7391                           ; BSR set to: 4
  7392                           ;usb_device.c: 2164:             if(SetupPkt.EPNum != 0)
  7393   0016B6  5124               	movf	36,w,b	;volatile
  7394   0016B8  0B0F               	andlw	15
  7395   0016BA  0900               	iorlw	0
  7396   0016BC  B4D8               	btfsc	status,2,c
  7397   0016BE  EF63  F00B         	goto	i2u232_41
  7398   0016C2  EF65  F00B         	goto	i2u232_40
  7399   0016C6                     i2u232_41:
  7400   0016C6  EFAE  F00B         	goto	i2l558
  7401   0016CA                     i2u232_40:
  7402   0016CA                     
  7403                           ; BSR set to: 4
  7404                           ;usb_device.c: 2165:             {;usb_device.c: 2166:                 BDT_ENTRY *p;;usb
      +                          _device.c: 2168:                 if(SetupPkt.EPDir == 0)
  7405   0016CA  BF24               	btfsc	36,7,b	;volatile
  7406   0016CC  EF6A  F00B         	goto	i2u233_41
  7407   0016D0  EF6C  F00B         	goto	i2u233_40
  7408   0016D4                     i2u233_41:
  7409   0016D4  EF79  F00B         	goto	i2l3683
  7410   0016D8                     i2u233_40:
  7411   0016D8                     
  7412                           ; BSR set to: 4
  7413                           ;usb_device.c: 2169:                 {;usb_device.c: 2170:                     p = (BDT_
      +                          ENTRY*)pBDTEntryOut[SetupPkt.EPNum];
  7414   0016D8  5124               	movf	36,w,b	;volatile
  7415   0016DA  0B0F               	andlw	15
  7416   0016DC  0D02               	mullw	2
  7417   0016DE  50F3               	movf	243,w,c
  7418   0016E0  0F11               	addlw	low _pBDTEntryOut
  7419   0016E2  6ED9               	movwf	fsr2l,c
  7420   0016E4  6ADA               	clrf	fsr2h,c
  7421   0016E6  CFDE F030          	movff	postinc2,USBStdGetStatusHandler@p
  7422   0016EA  CFDD F031          	movff	postdec2,USBStdGetStatusHandler@p+1
  7423                           
  7424                           ;usb_device.c: 2171:                 }
  7425   0016EE  EF84  F00B         	goto	i2l3685
  7426   0016F2                     i2l3683:
  7427                           
  7428                           ; BSR set to: 4
  7429                           ;usb_device.c: 2173:                 {;usb_device.c: 2174:                     p = (BDT_
      +                          ENTRY*)pBDTEntryIn[SetupPkt.EPNum];
  7430   0016F2  5124               	movf	36,w,b	;volatile
  7431   0016F4  0B0F               	andlw	15
  7432   0016F6  0D02               	mullw	2
  7433   0016F8  50F3               	movf	243,w,c
  7434   0016FA  0F0D               	addlw	low _pBDTEntryIn
  7435   0016FC  6ED9               	movwf	fsr2l,c
  7436   0016FE  6ADA               	clrf	fsr2h,c
  7437   001700  CFDE F030          	movff	postinc2,USBStdGetStatusHandler@p
  7438   001704  CFDD F031          	movff	postdec2,USBStdGetStatusHandler@p+1
  7439   001708                     i2l3685:
  7440                           
  7441                           ; BSR set to: 4
  7442                           ;usb_device.c: 2177:                 if((p->STAT.UOWN == 1) && (p->STAT.BSTALL == 1))
  7443   001708  C030  FFD9         	movff	USBStdGetStatusHandler@p,fsr2l
  7444   00170C  C031  FFDA         	movff	USBStdGetStatusHandler@p+1,fsr2h
  7445   001710  AEDF               	btfss	indf2,7,c
  7446   001712  EF8D  F00B         	goto	i2u234_41
  7447   001716  EF8F  F00B         	goto	i2u234_40
  7448   00171A                     i2u234_41:
  7449   00171A  EFAE  F00B         	goto	i2l558
  7450   00171E                     i2u234_40:
  7451   00171E                     
  7452                           ; BSR set to: 4
  7453   00171E  C030  FFD9         	movff	USBStdGetStatusHandler@p,fsr2l
  7454   001722  C031  FFDA         	movff	USBStdGetStatusHandler@p+1,fsr2h
  7455   001726  A4DF               	btfss	indf2,2,c
  7456   001728  EF98  F00B         	goto	i2u235_41
  7457   00172C  EF9A  F00B         	goto	i2u235_40
  7458   001730                     i2u235_41:
  7459   001730  EFAE  F00B         	goto	i2l558
  7460   001734                     i2u235_40:
  7461   001734                     
  7462                           ; BSR set to: 4
  7463                           ;usb_device.c: 2178:                 {;usb_device.c: 2179:                     CtrlTrfDa
      +                          ta[0]=0x01;
  7464   001734  0E01               	movlw	1
  7465   001736  6F28               	movwf	40,b	;volatile
  7466   001738  EFAE  F00B         	goto	i2l558
  7467   00173C                     i2l3693:
  7468                           
  7469                           ; BSR set to: 4
  7470   00173C  5120               	movf	32,w,b	;volatile
  7471   00173E  0B1F               	andlw	31
  7472                           
  7473                           ; Switch size 1, requested type "simple"
  7474                           ; Number of cases is 3, Range of values is 0 to 2
  7475                           ; switch strategies available:
  7476                           ; Name         Instructions Cycles
  7477                           ; simple_byte           10     6 (average)
  7478                           ;	Chosen strategy is simple_byte
  7479   001740  0A00               	xorlw	0	; case 0
  7480   001742  B4D8               	btfsc	status,2,c
  7481   001744  EF4B  F00B         	goto	i2l555
  7482   001748  0A01               	xorlw	1	; case 1
  7483   00174A  B4D8               	btfsc	status,2,c
  7484   00174C  EF57  F00B         	goto	i2l559
  7485   001750  0A03               	xorlw	3	; case 2
  7486   001752  B4D8               	btfsc	status,2,c
  7487   001754  EF5A  F00B         	goto	i2l560
  7488   001758  EFAE  F00B         	goto	i2l558
  7489   00175C                     i2l558:
  7490                           
  7491                           ; BSR set to: 4
  7492                           ;usb_device.c: 2185:     if(inPipes[0].info.bits.busy == 1)
  7493   00175C  AE0A               	btfss	(_inPipes+2)^0,7,c	;volatile
  7494   00175E  EFB3  F00B         	goto	i2u236_41
  7495   001762  EFB5  F00B         	goto	i2u236_40
  7496   001766                     i2u236_41:
  7497   001766  EFBC  F00B         	goto	i2l566
  7498   00176A                     i2u236_40:
  7499   00176A                     
  7500                           ; BSR set to: 4
  7501                           ;usb_device.c: 2186:     {;usb_device.c: 2187:         inPipes[0].pSrc.bRam = (uint8_t*)
      +                          &CtrlTrfData;
  7502   00176A  0E28               	movlw	40
  7503   00176C  6E08               	movwf	_inPipes^0,c	;volatile
  7504   00176E  0E04               	movlw	4
  7505   001770  6E09               	movwf	(_inPipes+1)^0,c	;volatile
  7506   001772                     
  7507                           ; BSR set to: 4
  7508                           ;usb_device.c: 2188:         inPipes[0].info.bits.ctrl_trf_mem = 0x01;
  7509   001772  800A               	bsf	(_inPipes+2)^0,0,c	;volatile
  7510   001774                     
  7511                           ; BSR set to: 4
  7512                           ;usb_device.c: 2189:         inPipes[0].wCount.v[0] = 2;
  7513   001774  0E02               	movlw	2
  7514   001776  6E0B               	movwf	(_inPipes+3)^0,c	;volatile
  7515   001778                     i2l566:
  7516                           
  7517                           ; BSR set to: 4
  7518   001778  0012               	return		;funcret
  7519   00177A                     __end_of_USBStdGetStatusHandler:
  7520                           	callstack 0
  7521                           
  7522 ;; *************** function _USBStdGetDscHandler *****************
  7523 ;; Defined at:
  7524 ;;		line 2047 in file "usb_device.c"
  7525 ;; Parameters:    Size  Location     Type
  7526 ;;		None
  7527 ;; Auto vars:     Size  Location     Type
  7528 ;;		None
  7529 ;; Return value:  Size  Location     Type
  7530 ;;                  1    wreg      void 
  7531 ;; Registers used:
  7532 ;;		wreg, fsr1l, fsr1h, status,2, status,0, tblptrl, tblptrh, tblptru, prodl, prodh
  7533 ;; Tracked objects:
  7534 ;;		On entry : 0/0
  7535 ;;		On exit  : 0/0
  7536 ;;		Unchanged: 0/0
  7537 ;; Data sizes:     COMRAM   BANK0   BANK1   BANK2   BANK3  BANK4h  BANK5h   BANK6   BANK7
  7538 ;;      Params:         0       0       0       0       0       0       0       0       0
  7539 ;;      Locals:         0       0       0       0       0       0       0       0       0
  7540 ;;      Temps:          2       0       0       0       0       0       0       0       0
  7541 ;;      Totals:         2       0       0       0       0       0       0       0       0
  7542 ;;Total ram usage:        2 bytes
  7543 ;; Hardware stack levels used: 1
  7544 ;; This function calls:
  7545 ;;		Nothing
  7546 ;; This function is called by:
  7547 ;;		_USBCheckStdRequest
  7548 ;; This function uses a non-reentrant model
  7549 ;;
  7550                           
  7551                           	psect	text31
  7552   000B64                     __ptext31:
  7553                           	callstack 0
  7554   000B64                     _USBStdGetDscHandler:
  7555                           	callstack 22
  7556   000B64                     
  7557                           ;usb_device.c: 2049:     if(SetupPkt.bmRequestType == 0x80)
  7558   000B64  0E80               	movlw	128
  7559   000B66  0104               	movlb	4	; () banked
  7560   000B68  1920               	xorwf	32,w,b	;volatile
  7561   000B6A  A4D8               	btfss	status,2,c
  7562   000B6C  EFBA  F005         	goto	i2u225_41
  7563   000B70  EFBC  F005         	goto	i2u225_40
  7564   000B74                     i2u225_41:
  7565   000B74  EF54  F006         	goto	i2l551
  7566   000B78                     i2u225_40:
  7567   000B78                     
  7568                           ; BSR set to: 4
  7569                           ;usb_device.c: 2050:     {;usb_device.c: 2051:         inPipes[0].info.Val = 0x00 | 0x80
      +                           | 0x40;
  7570   000B78  0EC0               	movlw	192
  7571   000B7A  6E0A               	movwf	(_inPipes+2)^0,c	;volatile
  7572                           
  7573                           ;usb_device.c: 2053:         switch(SetupPkt.bDescriptorType)
  7574   000B7C  EF45  F006         	goto	i2l3667
  7575   000B80                     i2l3647:
  7576                           
  7577                           ; BSR set to: 4
  7578                           ;usb_device.c: 2057:                     inPipes[0].pSrc.bRom = (const uint8_t*)&device_
      +                          dsc;
  7579   000B80  0EE8               	movlw	low _device_dsc
  7580   000B82  6E08               	movwf	_inPipes^0,c	;volatile
  7581   000B84  0E7F               	movlw	high _device_dsc
  7582   000B86  6E09               	movwf	(_inPipes+1)^0,c	;volatile
  7583   000B88                     
  7584                           ; BSR set to: 4
  7585                           ;usb_device.c: 2061:                 inPipes[0].wCount.Val = sizeof(device_dsc);
  7586   000B88  0E00               	movlw	0
  7587   000B8A  6E0C               	movwf	(_inPipes+4)^0,c	;volatile
  7588   000B8C  0E12               	movlw	18
  7589   000B8E  6E0B               	movwf	(_inPipes+3)^0,c	;volatile
  7590                           
  7591                           ;usb_device.c: 2062:                 break;
  7592   000B90  EF54  F006         	goto	i2l551
  7593   000B94                     i2l3651:
  7594                           
  7595                           ; BSR set to: 4
  7596                           ;usb_device.c: 2067:                 if(SetupPkt.bDscIndex < 1)
  7597   000B94  5122               	movf	34,w,b	;volatile
  7598   000B96  A4D8               	btfss	status,2,c
  7599   000B98  EFD0  F005         	goto	i2u226_41
  7600   000B9C  EFD2  F005         	goto	i2u226_40
  7601   000BA0                     i2u226_41:
  7602   000BA0  EF10  F006         	goto	i2l545
  7603   000BA4                     i2u226_40:
  7604   000BA4                     
  7605                           ; BSR set to: 4
  7606                           ;usb_device.c: 2068:                 {;usb_device.c: 2070:                         inPip
      +                          es[0].pSrc.bRom = *(USB_CD_Ptr+SetupPkt.bDscIndex);
  7607   000BA4  5122               	movf	34,w,b	;volatile
  7608   000BA6  0D02               	mullw	2
  7609   000BA8  0E05               	movlw	low _USB_CD_Ptr
  7610   000BAA  24F3               	addwf	243,w,c
  7611   000BAC  6EF6               	movwf	tblptrl,c
  7612   000BAE  0E7F               	movlw	high _USB_CD_Ptr
  7613   000BB0  20F4               	addwfc	244,w,c
  7614   000BB2  6EF7               	movwf	tblptrh,c
  7615   000BB4                     	if	0	;There are less than 3 active tblptr bytes
  7616   000BB4                     	endif
  7617   000BB4  0009               	tblrd		*+
  7618   000BB6  CFF5 F008          	movff	tablat,_inPipes	;volatile
  7619   000BBA  000A               	tblrd		*-
  7620   000BBC  CFF5 F009          	movff	tablat,_inPipes+1	;volatile
  7621   000BC0                     
  7622                           ; BSR set to: 4
  7623                           ;usb_device.c: 2078:                     inPipes[0].wCount.byte.LB = *(inPipes[0].pSrc.b
      +                          Rom+2);
  7624   000BC0  0E02               	movlw	2
  7625   000BC2  2408               	addwf	_inPipes^0,w,c	;volatile
  7626   000BC4  6E30               	movwf	??_USBStdGetDscHandler^0,c
  7627   000BC6  0E00               	movlw	0
  7628   000BC8  2009               	addwfc	(_inPipes+1)^0,w,c	;volatile
  7629   000BCA  6E31               	movwf	(??_USBStdGetDscHandler+1)^0,c
  7630   000BCC  C030  FFF6         	movff	??_USBStdGetDscHandler,tblptrl
  7631   000BD0  C031  FFF7         	movff	??_USBStdGetDscHandler+1,tblptrh
  7632   000BD4  6AF8               	clrf	tblptru,c
  7633   000BD6  0E07               	movlw	(high __ramtop+-1)
  7634   000BD8  64F7               	cpfsgt	tblptrh,c
  7635   000BDA  D003               	bra	i2u227_47
  7636   000BDC  0008               	tblrd		*
  7637   000BDE  50F5               	movf	tablat,w,c
  7638   000BE0  D005               	bra	i2u227_40
  7639   000BE2                     i2u227_47:
  7640   000BE2  CFF6 FFE1          	movff	tblptrl,fsr1l
  7641   000BE6  CFF7 FFE2          	movff	tblptrh,fsr1h
  7642   000BEA  50E7               	movf	indf1,w,c
  7643   000BEC                     i2u227_40:
  7644   000BEC  6E0B               	movwf	(_inPipes+3)^0,c	;volatile
  7645   000BEE                     
  7646                           ;usb_device.c: 2079:                     inPipes[0].wCount.byte.HB = *(inPipes[0].pSrc.b
      +                          Rom+3);
  7647   000BEE  0E03               	movlw	3
  7648   000BF0  2408               	addwf	_inPipes^0,w,c	;volatile
  7649   000BF2  6E30               	movwf	??_USBStdGetDscHandler^0,c
  7650   000BF4  0E00               	movlw	0
  7651   000BF6  2009               	addwfc	(_inPipes+1)^0,w,c	;volatile
  7652   000BF8  6E31               	movwf	(??_USBStdGetDscHandler+1)^0,c
  7653   000BFA  C030  FFF6         	movff	??_USBStdGetDscHandler,tblptrl
  7654   000BFE  C031  FFF7         	movff	??_USBStdGetDscHandler+1,tblptrh
  7655   000C02  6AF8               	clrf	tblptru,c
  7656   000C04  0E07               	movlw	(high __ramtop+-1)
  7657   000C06  64F7               	cpfsgt	tblptrh,c
  7658   000C08  D003               	bra	i2u228_47
  7659   000C0A  0008               	tblrd		*
  7660   000C0C  50F5               	movf	tablat,w,c
  7661   000C0E  D005               	bra	i2u228_40
  7662   000C10                     i2u228_47:
  7663   000C10  CFF6 FFE1          	movff	tblptrl,fsr1l
  7664   000C14  CFF7 FFE2          	movff	tblptrh,fsr1h
  7665   000C18  50E7               	movf	indf1,w,c
  7666   000C1A                     i2u228_40:
  7667   000C1A  6E0C               	movwf	(_inPipes+4)^0,c	;volatile
  7668                           
  7669                           ;usb_device.c: 2080:                 }
  7670   000C1C  EF54  F006         	goto	i2l551
  7671   000C20                     i2l545:
  7672                           
  7673                           ; BSR set to: 4
  7674                           ;usb_device.c: 2082:     {;usb_device.c: 2083:      inPipes[0].info.Val = 0;
  7675   000C20  6A0A               	clrf	(_inPipes+2)^0,c	;volatile
  7676   000C22  EF54  F006         	goto	i2l551
  7677   000C26                     i2l3659:
  7678                           
  7679                           ; BSR set to: 4
  7680                           ;usb_device.c: 2090:                 if(SetupPkt.bDscIndex<3)
  7681   000C26  0E03               	movlw	3
  7682   000C28  6122               	cpfslt	34,b	;volatile
  7683   000C2A  EF19  F006         	goto	i2u229_41
  7684   000C2E  EF1B  F006         	goto	i2u229_40
  7685   000C32                     i2u229_41:
  7686   000C32  EF3F  F006         	goto	i2l548
  7687   000C36                     i2u229_40:
  7688   000C36                     
  7689                           ; BSR set to: 4
  7690                           ;usb_device.c: 2091:                 {;usb_device.c: 2093:                     inPipes[0
      +                          ].pSrc.bRom = *(USB_SD_Ptr+SetupPkt.bDscIndex);
  7691   000C36  5122               	movf	34,w,b	;volatile
  7692   000C38  0D02               	mullw	2
  7693   000C3A  0EFF               	movlw	low _USB_SD_Ptr
  7694   000C3C  24F3               	addwf	243,w,c
  7695   000C3E  6EF6               	movwf	tblptrl,c
  7696   000C40  0E7E               	movlw	high _USB_SD_Ptr
  7697   000C42  20F4               	addwfc	244,w,c
  7698   000C44  6EF7               	movwf	tblptrh,c
  7699   000C46                     	if	0	;There are less than 3 active tblptr bytes
  7700   000C46                     	endif
  7701   000C46  0009               	tblrd		*+
  7702   000C48  CFF5 F008          	movff	tablat,_inPipes	;volatile
  7703   000C4C  000A               	tblrd		*-
  7704   000C4E  CFF5 F009          	movff	tablat,_inPipes+1	;volatile
  7705   000C52                     
  7706                           ; BSR set to: 4
  7707                           ;usb_device.c: 2095:                     inPipes[0].wCount.Val = *inPipes[0].pSrc.bRom;
  7708   000C52  C008  FFF6         	movff	_inPipes,tblptrl	;volatile
  7709   000C56  C009  FFF7         	movff	_inPipes+1,tblptrh	;volatile
  7710   000C5A  6AF8               	clrf	tblptru,c
  7711   000C5C  0E07               	movlw	(high __ramtop+-1)
  7712   000C5E  64F7               	cpfsgt	tblptrh,c
  7713   000C60  D003               	bra	i2u230_47
  7714   000C62  0008               	tblrd		*
  7715   000C64  50F5               	movf	tablat,w,c
  7716   000C66  D005               	bra	i2u230_40
  7717   000C68                     i2u230_47:
  7718   000C68  CFF6 FFE1          	movff	tblptrl,fsr1l
  7719   000C6C  CFF7 FFE2          	movff	tblptrh,fsr1h
  7720   000C70  50E7               	movf	indf1,w,c
  7721   000C72                     i2u230_40:
  7722   000C72  6E30               	movwf	??_USBStdGetDscHandler^0,c
  7723   000C74  5030               	movf	??_USBStdGetDscHandler^0,w,c
  7724   000C76  6E0B               	movwf	(_inPipes+3)^0,c	;volatile
  7725   000C78  6A0C               	clrf	(_inPipes+4)^0,c	;volatile
  7726                           
  7727                           ;usb_device.c: 2096:                 }
  7728   000C7A  EF54  F006         	goto	i2l551
  7729   000C7E                     i2l548:
  7730                           
  7731                           ; BSR set to: 4
  7732                           ;usb_device.c: 2107:                 {;usb_device.c: 2108:                     inPipes[0
      +                          ].info.Val = 0;
  7733   000C7E  6A0A               	clrf	(_inPipes+2)^0,c	;volatile
  7734   000C80  EF54  F006         	goto	i2l551
  7735   000C84                     i2l550:
  7736                           
  7737                           ; BSR set to: 4
  7738                           ;usb_device.c: 2112:                 inPipes[0].info.Val = 0;
  7739   000C84  6A0A               	clrf	(_inPipes+2)^0,c	;volatile
  7740                           
  7741                           ;usb_device.c: 2113:                 break;
  7742   000C86  EF54  F006         	goto	i2l551
  7743   000C8A                     i2l3667:
  7744                           
  7745                           ; BSR set to: 4
  7746   000C8A  5123               	movf	35,w,b	;volatile
  7747                           
  7748                           ; Switch size 1, requested type "simple"
  7749                           ; Number of cases is 3, Range of values is 1 to 3
  7750                           ; switch strategies available:
  7751                           ; Name         Instructions Cycles
  7752                           ; simple_byte           10     6 (average)
  7753                           ;	Chosen strategy is simple_byte
  7754   000C8C  0A01               	xorlw	1	; case 1
  7755   000C8E  B4D8               	btfsc	status,2,c
  7756   000C90  EFC0  F005         	goto	i2l3647
  7757   000C94  0A03               	xorlw	3	; case 2
  7758   000C96  B4D8               	btfsc	status,2,c
  7759   000C98  EFCA  F005         	goto	i2l3651
  7760   000C9C  0A01               	xorlw	1	; case 3
  7761   000C9E  B4D8               	btfsc	status,2,c
  7762   000CA0  EF13  F006         	goto	i2l3659
  7763   000CA4  EF42  F006         	goto	i2l550
  7764   000CA8                     i2l551:
  7765   000CA8  0012               	return		;funcret
  7766   000CAA                     __end_of_USBStdGetDscHandler:
  7767                           	callstack 0
  7768                           
  7769 ;; *************** function _USBStdFeatureReqHandler *****************
  7770 ;; Defined at:
  7771 ;;		line 2761 in file "usb_device.c"
  7772 ;; Parameters:    Size  Location     Type
  7773 ;;		None
  7774 ;; Auto vars:     Size  Location     Type
  7775 ;;  p               2   27[COMRAM] PTR struct __BDT
  7776 ;;		 -> RAM(2047), BDT(32), NULL(0), 
  7777 ;;  pUEP            2   24[COMRAM] PTR unsigned char 
  7778 ;;		 -> UEP0(1), 
  7779 ;;  current_ep_d    1   26[COMRAM] struct .
  7780 ;; Return value:  Size  Location     Type
  7781 ;;                  1    wreg      void 
  7782 ;; Registers used:
  7783 ;;		wreg, fsr2l, fsr2h, status,2, status,0, prodl, prodh, cstack
  7784 ;; Tracked objects:
  7785 ;;		On entry : 0/0
  7786 ;;		On exit  : 0/0
  7787 ;;		Unchanged: 0/0
  7788 ;; Data sizes:     COMRAM   BANK0   BANK1   BANK2   BANK3  BANK4h  BANK5h   BANK6   BANK7
  7789 ;;      Params:         0       0       0       0       0       0       0       0       0
  7790 ;;      Locals:         5       0       0       0       0       0       0       0       0
  7791 ;;      Temps:          2       0       0       0       0       0       0       0       0
  7792 ;;      Totals:         7       0       0       0       0       0       0       0       0
  7793 ;;Total ram usage:        7 bytes
  7794 ;; Hardware stack levels used: 1
  7795 ;; Hardware stack levels required when called: 4
  7796 ;; This function calls:
  7797 ;;		_USER_USB_CALLBACK_EVENT_HANDLER
  7798 ;; This function is called by:
  7799 ;;		_USBCheckStdRequest
  7800 ;; This function uses a non-reentrant model
  7801 ;;
  7802                           
  7803                           	psect	text32
  7804   000390                     __ptext32:
  7805                           	callstack 0
  7806   000390                     _USBStdFeatureReqHandler:
  7807                           	callstack 18
  7808   000390                     
  7809                           ;usb_device.c: 2763:     BDT_ENTRY *p;;usb_device.c: 2764:     EP_STATUS current_ep_data
      +                          ;;usb_device.c: 2768:         unsigned char* pUEP;;usb_device.c: 2772:     if((SetupPkt.
      +                          bFeature == 1)&&
  7810   000390  0104               	movlb	4	; () banked
  7811   000392  0522               	decf	34,w,b	;volatile
  7812   000394  A4D8               	btfss	status,2,c
  7813   000396  EFCF  F001         	goto	i2u237_41
  7814   00039A  EFD1  F001         	goto	i2u237_40
  7815   00039E                     i2u237_41:
  7816   00039E  EFEA  F001         	goto	i2l3711
  7817   0003A2                     i2u237_40:
  7818   0003A2                     
  7819                           ; BSR set to: 4
  7820   0003A2  5120               	movf	32,w,b	;volatile
  7821   0003A4  0B1F               	andlw	31
  7822   0003A6  0900               	iorlw	0
  7823   0003A8  A4D8               	btfss	status,2,c
  7824   0003AA  EFD9  F001         	goto	i2u238_41
  7825   0003AE  EFDB  F001         	goto	i2u238_40
  7826   0003B2                     i2u238_41:
  7827   0003B2  EFEA  F001         	goto	i2l3711
  7828   0003B6                     i2u238_40:
  7829   0003B6                     
  7830                           ; BSR set to: 4
  7831                           ;usb_device.c: 2774:     {;usb_device.c: 2775:         inPipes[0].info.bits.busy = 1;
  7832   0003B6  8E0A               	bsf	(_inPipes+2)^0,7,c	;volatile
  7833   0003B8                     
  7834                           ; BSR set to: 4
  7835                           ;usb_device.c: 2776:         if(SetupPkt.bRequest == 3)
  7836   0003B8  0E03               	movlw	3
  7837   0003BA  1921               	xorwf	33,w,b	;volatile
  7838   0003BC  A4D8               	btfss	status,2,c
  7839   0003BE  EFE3  F001         	goto	i2u239_41
  7840   0003C2  EFE5  F001         	goto	i2u239_40
  7841   0003C6                     i2u239_41:
  7842   0003C6  EFE9  F001         	goto	i2l634
  7843   0003CA                     i2u239_40:
  7844   0003CA                     
  7845                           ; BSR set to: 4
  7846                           ;usb_device.c: 2777:             RemoteWakeup = 1;
  7847   0003CA  0E01               	movlw	1
  7848   0003CC  6E29               	movwf	_RemoteWakeup^0,c	;volatile
  7849   0003CE  EFEA  F001         	goto	i2l3711
  7850   0003D2                     i2l634:
  7851                           
  7852                           ; BSR set to: 4
  7853                           ;usb_device.c: 2779:             RemoteWakeup = 0;
  7854   0003D2  6A29               	clrf	_RemoteWakeup^0,c	;volatile
  7855   0003D4                     i2l3711:
  7856                           
  7857                           ; BSR set to: 4
  7858                           ;usb_device.c: 2783:     if((SetupPkt.bFeature == 0)&&
  7859   0003D4  5122               	movf	34,w,b	;volatile
  7860   0003D6  A4D8               	btfss	status,2,c
  7861   0003D8  EFF0  F001         	goto	i2u240_41
  7862   0003DC  EFF2  F001         	goto	i2u240_40
  7863   0003E0                     i2u240_41:
  7864   0003E0  EF4A  F003         	goto	i2l656
  7865   0003E4                     i2u240_40:
  7866   0003E4                     
  7867                           ; BSR set to: 4
  7868   0003E4  5120               	movf	32,w,b	;volatile
  7869   0003E6  0B1F               	andlw	31
  7870   0003E8  0A02               	xorlw	2
  7871   0003EA  A4D8               	btfss	status,2,c
  7872   0003EC  EFFA  F001         	goto	i2u241_41
  7873   0003F0  EFFC  F001         	goto	i2u241_40
  7874   0003F4                     i2u241_41:
  7875   0003F4  EF4A  F003         	goto	i2l656
  7876   0003F8                     i2u241_40:
  7877   0003F8                     
  7878                           ; BSR set to: 4
  7879   0003F8  5124               	movf	36,w,b	;volatile
  7880   0003FA  0B0F               	andlw	15
  7881   0003FC  0900               	iorlw	0
  7882   0003FE  B4D8               	btfsc	status,2,c
  7883   000400  EF04  F002         	goto	i2u242_41
  7884   000404  EF06  F002         	goto	i2u242_40
  7885   000408                     i2u242_41:
  7886   000408  EF4A  F003         	goto	i2l656
  7887   00040C                     i2u242_40:
  7888   00040C                     
  7889                           ; BSR set to: 4
  7890   00040C  5124               	movf	36,w,b	;volatile
  7891   00040E  0B0F               	andlw	15
  7892   000410  6E46               	movwf	??_USBStdFeatureReqHandler^0,c
  7893   000412  0E02               	movlw	2
  7894   000414  6046               	cpfslt	??_USBStdFeatureReqHandler^0,c
  7895   000416  EF0F  F002         	goto	i2u243_41
  7896   00041A  EF11  F002         	goto	i2u243_40
  7897   00041E                     i2u243_41:
  7898   00041E  EF4A  F003         	goto	i2l656
  7899   000422                     i2u243_40:
  7900   000422                     
  7901                           ; BSR set to: 4
  7902   000422  0E20               	movlw	32
  7903   000424  182C               	xorwf	_USBDeviceState^0,w,c	;volatile
  7904   000426  A4D8               	btfss	status,2,c
  7905   000428  EF18  F002         	goto	i2u244_41
  7906   00042C  EF1A  F002         	goto	i2u244_40
  7907   000430                     i2u244_41:
  7908   000430  EF4A  F003         	goto	i2l656
  7909   000434                     i2u244_40:
  7910   000434                     
  7911                           ; BSR set to: 4
  7912                           ;usb_device.c: 2787:     {;usb_device.c: 2790:   inPipes[0].info.bits.busy = 1;
  7913   000434  8E0A               	bsf	(_inPipes+2)^0,7,c	;volatile
  7914                           
  7915                           ;usb_device.c: 2793:         if(SetupPkt.EPDir == 0)
  7916   000436  BF24               	btfsc	36,7,b	;volatile
  7917   000438  EF20  F002         	goto	i2u245_41
  7918   00043C  EF22  F002         	goto	i2u245_40
  7919   000440                     i2u245_41:
  7920   000440  EF38  F002         	goto	i2l3727
  7921   000444                     i2u245_40:
  7922   000444                     
  7923                           ; BSR set to: 4
  7924                           ;usb_device.c: 2794:         {;usb_device.c: 2795:             p = (BDT_ENTRY*)pBDTEntry
      +                          Out[SetupPkt.EPNum];
  7925   000444  5124               	movf	36,w,b	;volatile
  7926   000446  0B0F               	andlw	15
  7927   000448  0D02               	mullw	2
  7928   00044A  50F3               	movf	243,w,c
  7929   00044C  0F11               	addlw	low _pBDTEntryOut
  7930   00044E  6ED9               	movwf	fsr2l,c
  7931   000450  6ADA               	clrf	fsr2h,c
  7932   000452  CFDE F04B          	movff	postinc2,USBStdFeatureReqHandler@p
  7933   000456  CFDD F04C          	movff	postdec2,USBStdFeatureReqHandler@p+1
  7934   00045A                     
  7935                           ; BSR set to: 4
  7936                           ;usb_device.c: 2796:             current_ep_data.Val = ep_data_out[SetupPkt.EPNum].Val;
  7937   00045A  5124               	movf	36,w,b	;volatile
  7938   00045C  0B0F               	andlw	15
  7939   00045E  6E46               	movwf	??_USBStdFeatureReqHandler^0,c
  7940   000460  5046               	movf	??_USBStdFeatureReqHandler^0,w,c
  7941   000462  0F15               	addlw	low _ep_data_out
  7942   000464  6ED9               	movwf	fsr2l,c
  7943   000466  6ADA               	clrf	fsr2h,c
  7944   000468  50DF               	movf	indf2,w,c
  7945   00046A  6E4A               	movwf	USBStdFeatureReqHandler@current_ep_data^0,c
  7946                           
  7947                           ;usb_device.c: 2797:         }
  7948   00046C  EF4C  F002         	goto	i2l3731
  7949   000470                     i2l3727:
  7950                           
  7951                           ; BSR set to: 4
  7952                           ;usb_device.c: 2799:         {;usb_device.c: 2800:             p = (BDT_ENTRY*)pBDTEntry
      +                          In[SetupPkt.EPNum];
  7953   000470  5124               	movf	36,w,b	;volatile
  7954   000472  0B0F               	andlw	15
  7955   000474  0D02               	mullw	2
  7956   000476  50F3               	movf	243,w,c
  7957   000478  0F0D               	addlw	low _pBDTEntryIn
  7958   00047A  6ED9               	movwf	fsr2l,c
  7959   00047C  6ADA               	clrf	fsr2h,c
  7960   00047E  CFDE F04B          	movff	postinc2,USBStdFeatureReqHandler@p
  7961   000482  CFDD F04C          	movff	postdec2,USBStdFeatureReqHandler@p+1
  7962   000486                     
  7963                           ; BSR set to: 4
  7964                           ;usb_device.c: 2801:             current_ep_data.Val = ep_data_in[SetupPkt.EPNum].Val;
  7965   000486  5124               	movf	36,w,b	;volatile
  7966   000488  0B0F               	andlw	15
  7967   00048A  6E46               	movwf	??_USBStdFeatureReqHandler^0,c
  7968   00048C  5046               	movf	??_USBStdFeatureReqHandler^0,w,c
  7969   00048E  0F17               	addlw	low _ep_data_in
  7970   000490  6ED9               	movwf	fsr2l,c
  7971   000492  6ADA               	clrf	fsr2h,c
  7972   000494  50DF               	movf	indf2,w,c
  7973   000496  6E4A               	movwf	USBStdFeatureReqHandler@current_ep_data^0,c
  7974   000498                     i2l3731:
  7975                           
  7976                           ; BSR set to: 4
  7977                           ;usb_device.c: 2808:             if(current_ep_data.bits.ping_pong_state == 0)
  7978   000498  B04A               	btfsc	USBStdFeatureReqHandler@current_ep_data^0,0,c
  7979   00049A  EF51  F002         	goto	i2u246_41
  7980   00049E  EF53  F002         	goto	i2u246_40
  7981   0004A2                     i2u246_41:
  7982   0004A2  EF5B  F002         	goto	i2l3735
  7983   0004A6                     i2u246_40:
  7984   0004A6                     
  7985                           ; BSR set to: 4
  7986                           ;usb_device.c: 2809:             {;usb_device.c: 2810:                 p = (BDT_ENTRY*)(
      +                          ((uint16_t)p) & (~0x0004));
  7987   0004A6  0EFB               	movlw	251
  7988   0004A8  144B               	andwf	USBStdFeatureReqHandler@p^0,w,c
  7989   0004AA  6E4B               	movwf	USBStdFeatureReqHandler@p^0,c
  7990   0004AC  0EFF               	movlw	255
  7991   0004AE  144C               	andwf	(USBStdFeatureReqHandler@p+1)^0,w,c
  7992   0004B0  6E4C               	movwf	(USBStdFeatureReqHandler@p+1)^0,c
  7993                           
  7994                           ;usb_device.c: 2811:             }
  7995   0004B2  EF60  F002         	goto	i2l3737
  7996   0004B6                     i2l3735:
  7997                           
  7998                           ; BSR set to: 4
  7999                           ;usb_device.c: 2813:             {;usb_device.c: 2814:                 p = (BDT_ENTRY*)(
      +                          ((uint16_t)p) | 0x0004);
  8000   0004B6  0E04               	movlw	4
  8001   0004B8  104B               	iorwf	USBStdFeatureReqHandler@p^0,w,c
  8002   0004BA  6E4B               	movwf	USBStdFeatureReqHandler@p^0,c
  8003   0004BC  504C               	movf	(USBStdFeatureReqHandler@p+1)^0,w,c
  8004   0004BE  6E4C               	movwf	(USBStdFeatureReqHandler@p+1)^0,c
  8005   0004C0                     i2l3737:
  8006                           
  8007                           ; BSR set to: 4
  8008                           ;usb_device.c: 2820:         if(SetupPkt.EPDir == 0)
  8009   0004C0  BF24               	btfsc	36,7,b	;volatile
  8010   0004C2  EF65  F002         	goto	i2u247_41
  8011   0004C6  EF67  F002         	goto	i2u247_40
  8012   0004CA                     i2u247_41:
  8013   0004CA  EF74  F002         	goto	i2l3741
  8014   0004CE                     i2u247_40:
  8015   0004CE                     
  8016                           ; BSR set to: 4
  8017                           ;usb_device.c: 2821:         {;usb_device.c: 2822:             pBDTEntryOut[SetupPkt.EPN
      +                          um] = (volatile BDT_ENTRY *)p;
  8018   0004CE  5124               	movf	36,w,b	;volatile
  8019   0004D0  0B0F               	andlw	15
  8020   0004D2  0D02               	mullw	2
  8021   0004D4  50F3               	movf	243,w,c
  8022   0004D6  0F11               	addlw	low _pBDTEntryOut
  8023   0004D8  6ED9               	movwf	fsr2l,c
  8024   0004DA  6ADA               	clrf	fsr2h,c
  8025   0004DC  C04B  FFDE         	movff	USBStdFeatureReqHandler@p,postinc2
  8026   0004E0  C04C  FFDD         	movff	USBStdFeatureReqHandler@p+1,postdec2
  8027                           
  8028                           ;usb_device.c: 2823:         }
  8029   0004E4  EF7F  F002         	goto	i2l3743
  8030   0004E8                     i2l3741:
  8031                           
  8032                           ; BSR set to: 4
  8033                           ;usb_device.c: 2825:         {;usb_device.c: 2826:             pBDTEntryIn[SetupPkt.EPNu
      +                          m] = (volatile BDT_ENTRY *)p;
  8034   0004E8  5124               	movf	36,w,b	;volatile
  8035   0004EA  0B0F               	andlw	15
  8036   0004EC  0D02               	mullw	2
  8037   0004EE  50F3               	movf	243,w,c
  8038   0004F0  0F0D               	addlw	low _pBDTEntryIn
  8039   0004F2  6ED9               	movwf	fsr2l,c
  8040   0004F4  6ADA               	clrf	fsr2h,c
  8041   0004F6  C04B  FFDE         	movff	USBStdFeatureReqHandler@p,postinc2
  8042   0004FA  C04C  FFDD         	movff	USBStdFeatureReqHandler@p+1,postdec2
  8043   0004FE                     i2l3743:
  8044                           
  8045                           ; BSR set to: 4
  8046                           ;usb_device.c: 2830:         if(SetupPkt.bRequest == 3)
  8047   0004FE  0E03               	movlw	3
  8048   000500  1921               	xorwf	33,w,b	;volatile
  8049   000502  A4D8               	btfss	status,2,c
  8050   000504  EF86  F002         	goto	i2u248_41
  8051   000508  EF88  F002         	goto	i2u248_40
  8052   00050C                     i2u248_41:
  8053   00050C  EFBA  F002         	goto	i2l3753
  8054   000510                     i2u248_40:
  8055   000510                     
  8056                           ; BSR set to: 4
  8057                           ;usb_device.c: 2831:         {;usb_device.c: 2832:             if(p->STAT.UOWN == 1)
  8058   000510  C04B  FFD9         	movff	USBStdFeatureReqHandler@p,fsr2l
  8059   000514  C04C  FFDA         	movff	USBStdFeatureReqHandler@p+1,fsr2h
  8060   000518  AEDF               	btfss	indf2,7,c
  8061   00051A  EF91  F002         	goto	i2u249_41
  8062   00051E  EF93  F002         	goto	i2u249_40
  8063   000522                     i2u249_41:
  8064   000522  EFAC  F002         	goto	i2l644
  8065   000526                     i2u249_40:
  8066   000526                     
  8067                           ; BSR set to: 4
  8068                           ;usb_device.c: 2833:             {;usb_device.c: 2836:                 if(SetupPkt.EPDir
      +                           == 0)
  8069   000526  BF24               	btfsc	36,7,b	;volatile
  8070   000528  EF98  F002         	goto	i2u250_41
  8071   00052C  EF9A  F002         	goto	i2u250_40
  8072   000530                     i2u250_41:
  8073   000530  EFA4  F002         	goto	i2l3751
  8074   000534                     i2u250_40:
  8075   000534                     
  8076                           ; BSR set to: 4
  8077                           ;usb_device.c: 2837:                 {;usb_device.c: 2838:                     ep_data_o
      +                          ut[SetupPkt.EPNum].bits.transfer_terminated = 1;
  8078   000534  5124               	movf	36,w,b	;volatile
  8079   000536  0B0F               	andlw	15
  8080   000538  6E46               	movwf	??_USBStdFeatureReqHandler^0,c
  8081   00053A  5046               	movf	??_USBStdFeatureReqHandler^0,w,c
  8082   00053C  0F15               	addlw	low _ep_data_out
  8083   00053E  6ED9               	movwf	fsr2l,c
  8084   000540  6ADA               	clrf	fsr2h,c
  8085   000542  82DF               	bsf	indf2,1,c
  8086                           
  8087                           ;usb_device.c: 2839:                 }
  8088   000544  EFAC  F002         	goto	i2l644
  8089   000548                     i2l3751:
  8090                           
  8091                           ; BSR set to: 4
  8092                           ;usb_device.c: 2841:                 {;usb_device.c: 2842:                     ep_data_i
      +                          n[SetupPkt.EPNum].bits.transfer_terminated = 1;
  8093   000548  5124               	movf	36,w,b	;volatile
  8094   00054A  0B0F               	andlw	15
  8095   00054C  6E46               	movwf	??_USBStdFeatureReqHandler^0,c
  8096   00054E  5046               	movf	??_USBStdFeatureReqHandler^0,w,c
  8097   000550  0F17               	addlw	low _ep_data_in
  8098   000552  6ED9               	movwf	fsr2l,c
  8099   000554  6ADA               	clrf	fsr2h,c
  8100   000556  82DF               	bsf	indf2,1,c
  8101   000558                     i2l644:
  8102                           
  8103                           ; BSR set to: 4
  8104                           ;usb_device.c: 2847:             p->STAT.Val |= 0x04;
  8105   000558  C04B  FFD9         	movff	USBStdFeatureReqHandler@p,fsr2l
  8106   00055C  C04C  FFDA         	movff	USBStdFeatureReqHandler@p+1,fsr2h
  8107   000560  0E00               	movlw	0
  8108   000562  84DB               	bsf	plusw2,2,c
  8109                           
  8110                           ;usb_device.c: 2848:             p->STAT.Val |= 0x80;
  8111   000564  C04B  FFD9         	movff	USBStdFeatureReqHandler@p,fsr2l
  8112   000568  C04C  FFDA         	movff	USBStdFeatureReqHandler@p+1,fsr2h
  8113   00056C  0E00               	movlw	0
  8114   00056E  8EDB               	bsf	plusw2,7,c
  8115                           
  8116                           ;usb_device.c: 2849:         }
  8117   000570  EF4A  F003         	goto	i2l656
  8118   000574                     i2l3753:
  8119                           
  8120                           ; BSR set to: 4
  8121                           ;usb_device.c: 2851:         {;usb_device.c: 2855:                 p = (BDT_ENTRY*)(((ui
      +                          nt16_t)p) ^ 0x0004);
  8122   000574  0E04               	movlw	4
  8123   000576  184B               	xorwf	USBStdFeatureReqHandler@p^0,w,c
  8124   000578  6E4B               	movwf	USBStdFeatureReqHandler@p^0,c
  8125   00057A  504C               	movf	(USBStdFeatureReqHandler@p+1)^0,w,c
  8126   00057C  6E4C               	movwf	(USBStdFeatureReqHandler@p+1)^0,c
  8127   00057E                     
  8128                           ; BSR set to: 4
  8129                           ;usb_device.c: 2857:                 if(p->STAT.UOWN == 1)
  8130   00057E  C04B  FFD9         	movff	USBStdFeatureReqHandler@p,fsr2l
  8131   000582  C04C  FFDA         	movff	USBStdFeatureReqHandler@p+1,fsr2h
  8132   000586  AEDF               	btfss	indf2,7,c
  8133   000588  EFC8  F002         	goto	i2u251_41
  8134   00058C  EFCA  F002         	goto	i2u251_40
  8135   000590                     i2u251_41:
  8136   000590  EFE6  F002         	goto	i2l3763
  8137   000594                     i2u251_40:
  8138   000594                     
  8139                           ; BSR set to: 4
  8140                           ;usb_device.c: 2858:                 {;usb_device.c: 2861:                     p->STAT.V
      +                          al &= (~0x80);
  8141   000594  C04B  FFD9         	movff	USBStdFeatureReqHandler@p,fsr2l
  8142   000598  C04C  FFDA         	movff	USBStdFeatureReqHandler@p+1,fsr2h
  8143   00059C  0E7F               	movlw	127
  8144   00059E  16DF               	andwf	indf2,f,c
  8145   0005A0                     
  8146                           ; BSR set to: 4
  8147                           ;usb_device.c: 2862:                     p->STAT.Val |= 0x40;
  8148   0005A0  C04B  FFD9         	movff	USBStdFeatureReqHandler@p,fsr2l
  8149   0005A4  C04C  FFDA         	movff	USBStdFeatureReqHandler@p+1,fsr2h
  8150   0005A8  0E00               	movlw	0
  8151   0005AA  8CDB               	bsf	plusw2,6,c
  8152   0005AC                     
  8153                           ; BSR set to: 4
  8154                           ;usb_device.c: 2863:                     USER_USB_CALLBACK_EVENT_HANDLER((USB_EVENT)EVEN
      +                          T_TRANSFER_TERMINATED,p,sizeof(p));
  8155   0005AC  0E00               	movlw	0
  8156   0005AE  6E3F               	movwf	(USER_USB_CALLBACK_EVENT_HANDLER@event+1)^0,c
  8157   0005B0  0E05               	movlw	5
  8158   0005B2  6E3E               	movwf	USER_USB_CALLBACK_EVENT_HANDLER@event^0,c
  8159   0005B4  C04B  F040         	movff	USBStdFeatureReqHandler@p,USER_USB_CALLBACK_EVENT_HANDLER@pdata
  8160   0005B8  C04C  F041         	movff	USBStdFeatureReqHandler@p+1,USER_USB_CALLBACK_EVENT_HANDLER@pdata+1
  8161   0005BC  0E00               	movlw	0
  8162   0005BE  6E43               	movwf	(USER_USB_CALLBACK_EVENT_HANDLER@size+1)^0,c
  8163   0005C0  0E02               	movlw	2
  8164   0005C2  6E42               	movwf	USER_USB_CALLBACK_EVENT_HANDLER@size^0,c
  8165   0005C4  EC9D  F00C         	call	_USER_USB_CALLBACK_EVENT_HANDLER	;wreg free
  8166                           
  8167                           ;usb_device.c: 2864:                 }
  8168   0005C8  EFEC  F002         	goto	i2l3765
  8169   0005CC                     i2l3763:
  8170                           
  8171                           ; BSR set to: 4
  8172                           ;usb_device.c: 2866:                 {;usb_device.c: 2868:      p->STAT.Val |= 0x40;
  8173   0005CC  C04B  FFD9         	movff	USBStdFeatureReqHandler@p,fsr2l
  8174   0005D0  C04C  FFDA         	movff	USBStdFeatureReqHandler@p+1,fsr2h
  8175   0005D4  0E00               	movlw	0
  8176   0005D6  8CDB               	bsf	plusw2,6,c
  8177   0005D8                     i2l3765:
  8178                           
  8179                           ;usb_device.c: 2873:                 p = (BDT_ENTRY*)(((uint16_t)p) ^ 0x0004);
  8180   0005D8  0E04               	movlw	4
  8181   0005DA  184B               	xorwf	USBStdFeatureReqHandler@p^0,w,c
  8182   0005DC  6E4B               	movwf	USBStdFeatureReqHandler@p^0,c
  8183   0005DE  504C               	movf	(USBStdFeatureReqHandler@p+1)^0,w,c
  8184   0005E0  6E4C               	movwf	(USBStdFeatureReqHandler@p+1)^0,c
  8185   0005E2                     
  8186                           ;usb_device.c: 2879:                 if((current_ep_data.bits.transfer_terminated != 0) 
      +                          || (p->STAT.UOWN == 1))
  8187   0005E2  B24A               	btfsc	USBStdFeatureReqHandler@current_ep_data^0,1,c
  8188   0005E4  EFF6  F002         	goto	i2u252_41
  8189   0005E8  EFF8  F002         	goto	i2u252_40
  8190   0005EC                     i2u252_41:
  8191   0005EC  EF03  F003         	goto	i2l652
  8192   0005F0                     i2u252_40:
  8193   0005F0  C04B  FFD9         	movff	USBStdFeatureReqHandler@p,fsr2l
  8194   0005F4  C04C  FFDA         	movff	USBStdFeatureReqHandler@p+1,fsr2h
  8195   0005F8  AEDF               	btfss	indf2,7,c
  8196   0005FA  EF01  F003         	goto	i2u253_41
  8197   0005FE  EF03  F003         	goto	i2u253_40
  8198   000602                     i2u253_41:
  8199   000602  EF33  F003         	goto	i2l3779
  8200   000606                     i2u253_40:
  8201   000606                     i2l652:
  8202                           
  8203                           ;usb_device.c: 2880:                 {;usb_device.c: 2881:                     if(SetupP
      +                          kt.EPDir == 0)
  8204   000606  0104               	movlb	4	; () banked
  8205   000608  BF24               	btfsc	36,7,b	;volatile
  8206   00060A  EF09  F003         	goto	i2u254_41
  8207   00060E  EF0B  F003         	goto	i2u254_40
  8208   000612                     i2u254_41:
  8209   000612  EF15  F003         	goto	i2l3773
  8210   000616                     i2u254_40:
  8211   000616                     
  8212                           ; BSR set to: 4
  8213                           ;usb_device.c: 2882:                     {;usb_device.c: 2883:                         e
      +                          p_data_out[SetupPkt.EPNum].bits.transfer_terminated = 0;
  8214   000616  5124               	movf	36,w,b	;volatile
  8215   000618  0B0F               	andlw	15
  8216   00061A  6E46               	movwf	??_USBStdFeatureReqHandler^0,c
  8217   00061C  5046               	movf	??_USBStdFeatureReqHandler^0,w,c
  8218   00061E  0F15               	addlw	low _ep_data_out
  8219   000620  6ED9               	movwf	fsr2l,c
  8220   000622  6ADA               	clrf	fsr2h,c
  8221   000624  92DF               	bcf	indf2,1,c
  8222                           
  8223                           ;usb_device.c: 2884:                     }
  8224   000626  EF1D  F003         	goto	i2l3775
  8225   00062A                     i2l3773:
  8226                           
  8227                           ; BSR set to: 4
  8228                           ;usb_device.c: 2886:                     {;usb_device.c: 2887:                         e
      +                          p_data_in[SetupPkt.EPNum].bits.transfer_terminated = 0;
  8229   00062A  5124               	movf	36,w,b	;volatile
  8230   00062C  0B0F               	andlw	15
  8231   00062E  6E46               	movwf	??_USBStdFeatureReqHandler^0,c
  8232   000630  5046               	movf	??_USBStdFeatureReqHandler^0,w,c
  8233   000632  0F17               	addlw	low _ep_data_in
  8234   000634  6ED9               	movwf	fsr2l,c
  8235   000636  6ADA               	clrf	fsr2h,c
  8236   000638  92DF               	bcf	indf2,1,c
  8237   00063A                     i2l3775:
  8238                           
  8239                           ; BSR set to: 4
  8240                           ;usb_device.c: 2890:                     p->STAT.Val &= ~(0x80 | 0x40 | 0x04);
  8241   00063A  C04B  FFD9         	movff	USBStdFeatureReqHandler@p,fsr2l
  8242   00063E  C04C  FFDA         	movff	USBStdFeatureReqHandler@p+1,fsr2h
  8243   000642  0E3B               	movlw	59
  8244   000644  16DF               	andwf	indf2,f,c
  8245   000646                     
  8246                           ; BSR set to: 4
  8247                           ;usb_device.c: 2893:                     USER_USB_CALLBACK_EVENT_HANDLER((USB_EVENT)EVEN
      +                          T_TRANSFER_TERMINATED,p,sizeof(p));
  8248   000646  0E00               	movlw	0
  8249   000648  6E3F               	movwf	(USER_USB_CALLBACK_EVENT_HANDLER@event+1)^0,c
  8250   00064A  0E05               	movlw	5
  8251   00064C  6E3E               	movwf	USER_USB_CALLBACK_EVENT_HANDLER@event^0,c
  8252   00064E  C04B  F040         	movff	USBStdFeatureReqHandler@p,USER_USB_CALLBACK_EVENT_HANDLER@pdata
  8253   000652  C04C  F041         	movff	USBStdFeatureReqHandler@p+1,USER_USB_CALLBACK_EVENT_HANDLER@pdata+1
  8254   000656  0E00               	movlw	0
  8255   000658  6E43               	movwf	(USER_USB_CALLBACK_EVENT_HANDLER@size+1)^0,c
  8256   00065A  0E02               	movlw	2
  8257   00065C  6E42               	movwf	USER_USB_CALLBACK_EVENT_HANDLER@size^0,c
  8258   00065E  EC9D  F00C         	call	_USER_USB_CALLBACK_EVENT_HANDLER	;wreg free
  8259                           
  8260                           ;usb_device.c: 2894:                 }
  8261   000662  EF39  F003         	goto	i2l3781
  8262   000666                     i2l3779:
  8263                           
  8264                           ;usb_device.c: 2896:                 {;usb_device.c: 2898:                     p->STAT.V
      +                          al &= ~(0x80 | 0x40 | 0x04);
  8265   000666  C04B  FFD9         	movff	USBStdFeatureReqHandler@p,fsr2l
  8266   00066A  C04C  FFDA         	movff	USBStdFeatureReqHandler@p+1,fsr2h
  8267   00066E  0E3B               	movlw	59
  8268   000670  16DF               	andwf	indf2,f,c
  8269   000672                     i2l3781:
  8270                           
  8271                           ;usb_device.c: 2946:                 pUEP = (unsigned char*)(&UEP0+SetupPkt.EPNum);
  8272   000672  0104               	movlb	4	; () banked
  8273   000674  5124               	movf	36,w,b	;volatile
  8274   000676  0B0F               	andlw	15
  8275   000678  6E46               	movwf	??_USBStdFeatureReqHandler^0,c
  8276   00067A  6A47               	clrf	(??_USBStdFeatureReqHandler+1)^0,c
  8277   00067C  0E70               	movlw	112
  8278   00067E  2446               	addwf	??_USBStdFeatureReqHandler^0,w,c
  8279   000680  6E48               	movwf	USBStdFeatureReqHandler@pUEP^0,c
  8280   000682  0E0F               	movlw	15
  8281   000684  2047               	addwfc	(??_USBStdFeatureReqHandler+1)^0,w,c
  8282   000686  6E49               	movwf	(USBStdFeatureReqHandler@pUEP+1)^0,c
  8283   000688                     
  8284                           ; BSR set to: 4
  8285                           ;usb_device.c: 2950:             *pUEP &= ~0x0001;
  8286   000688  C048  FFD9         	movff	USBStdFeatureReqHandler@pUEP,fsr2l
  8287   00068C  C049  FFDA         	movff	USBStdFeatureReqHandler@pUEP+1,fsr2h
  8288   000690  0EFE               	movlw	254
  8289   000692  16DF               	andwf	indf2,f,c
  8290   000694                     i2l656:
  8291                           
  8292                           ; BSR set to: 4
  8293   000694  0012               	return		;funcret
  8294   000696                     __end_of_USBStdFeatureReqHandler:
  8295                           	callstack 0
  8296                           
  8297 ;; *************** function _USER_USB_CALLBACK_EVENT_HANDLER *****************
  8298 ;; Defined at:
  8299 ;;		line 67 in file "usb_events.c"
  8300 ;; Parameters:    Size  Location     Type
  8301 ;;  event           2   14[COMRAM] enum E3209
  8302 ;;  pdata           2   16[COMRAM] PTR void 
  8303 ;;		 -> RAM(2047), USTATcopy(1), USBActiveConfiguration(1), BDT(32), 
  8304 ;;		 -> NULL(0), 
  8305 ;;  size            2   18[COMRAM] unsigned short 
  8306 ;; Auto vars:     Size  Location     Type
  8307 ;;		None
  8308 ;; Return value:  Size  Location     Type
  8309 ;;                  1    wreg      _Bool 
  8310 ;; Registers used:
  8311 ;;		wreg, fsr2l, fsr2h, status,2, status,0, prodl, prodh, cstack
  8312 ;; Tracked objects:
  8313 ;;		On entry : 0/0
  8314 ;;		On exit  : 0/0
  8315 ;;		Unchanged: 0/0
  8316 ;; Data sizes:     COMRAM   BANK0   BANK1   BANK2   BANK3  BANK4h  BANK5h   BANK6   BANK7
  8317 ;;      Params:         6       0       0       0       0       0       0       0       0
  8318 ;;      Locals:         0       0       0       0       0       0       0       0       0
  8319 ;;      Temps:          2       0       0       0       0       0       0       0       0
  8320 ;;      Totals:         8       0       0       0       0       0       0       0       0
  8321 ;;Total ram usage:        8 bytes
  8322 ;; Hardware stack levels used: 1
  8323 ;; Hardware stack levels required when called: 3
  8324 ;; This function calls:
  8325 ;;		_APP_KeyboardInit
  8326 ;;		_APP_LEDUpdateUSBStatus
  8327 ;;		_USBCheckHIDRequest
  8328 ;;		i2_SYSTEM_Initialize
  8329 ;; This function is called by:
  8330 ;;		_USBDeviceTasks
  8331 ;;		_USBStdSetCfgHandler
  8332 ;;		_USBSuspend
  8333 ;;		_USBWakeFromSuspend
  8334 ;;		_USBCtrlTrfSetupHandler
  8335 ;;		_USBCheckStdRequest
  8336 ;;		_USBStdFeatureReqHandler
  8337 ;; This function uses a non-reentrant model
  8338 ;;
  8339                           
  8340                           	psect	text33
  8341   00193A                     __ptext33:
  8342                           	callstack 0
  8343   00193A                     _USER_USB_CALLBACK_EVENT_HANDLER:
  8344                           	callstack 22
  8345   00193A                     
  8346                           ;usb_events.c: 67: _Bool USER_USB_CALLBACK_EVENT_HANDLER(USB_EVENT event, void *pdata, u
      +                          int16_t size);usb_events.c: 68: {;usb_events.c: 69:     switch((int)event)
  8347   00193A  EFCD  F00C         	goto	i2l3479
  8348   00193E                     i2l3461:
  8349                           
  8350                           ;usb_events.c: 77:             APP_LEDUpdateUSBStatus();
  8351   00193E  ECCC  F00A         	call	_APP_LEDUpdateUSBStatus	;wreg free
  8352   001942                     
  8353                           ;usb_events.c: 78:             if(SOFCounter < 32767)
  8354   001942  0100               	movlb	0	; () banked
  8355   001944  2985               	incf	_SOFCounter& (0+255),w,b	;volatile
  8356   001946  E109               	bnz	i2u206_40
  8357   001948  0E7F               	movlw	127
  8358   00194A  1986               	xorwf	(_SOFCounter+1)& (0+255),w,b	;volatile
  8359   00194C  B4D8               	btfsc	status,2,c
  8360   00194E  EFAB  F00C         	goto	i2u206_41
  8361   001952  EFAD  F00C         	goto	i2u206_40
  8362   001956                     i2u206_41:
  8363   001956  EFB1  F00C         	goto	i2l3467
  8364   00195A                     i2u206_40:
  8365   00195A                     
  8366                           ; BSR set to: 0
  8367                           ;usb_events.c: 79:             {;usb_events.c: 80:                 SOFCounter++;
  8368   00195A  4B85               	infsnz	_SOFCounter& (0+255),f,b	;volatile
  8369   00195C  2B86               	incf	(_SOFCounter+1)& (0+255),f,b	;volatile
  8370                           
  8371                           ;usb_events.c: 81:             }
  8372   00195E  EF06  F00D         	goto	i2l732
  8373   001962                     i2l3467:
  8374                           
  8375                           ; BSR set to: 0
  8376                           ;usb_events.c: 83:             {;usb_events.c: 84:                 SOFCounter = 0;
  8377   001962  0E00               	movlw	0
  8378   001964  6F86               	movwf	(_SOFCounter+1)& (0+255),b	;volatile
  8379   001966  0E00               	movlw	0
  8380   001968  6F85               	movwf	_SOFCounter& (0+255),b	;volatile
  8381   00196A  EF06  F00D         	goto	i2l732
  8382   00196E                     i2l3469:
  8383                           
  8384                           ;usb_events.c: 90:             APP_LEDUpdateUSBStatus();
  8385   00196E  ECCC  F00A         	call	_APP_LEDUpdateUSBStatus	;wreg free
  8386                           
  8387                           ;usb_events.c: 98:             SYSTEM_Initialize(SYSTEM_STATE_USB_SUSPEND);
  8388   001972  0E01               	movlw	1
  8389   001974  EC40  F011         	call	i2_SYSTEM_Initialize
  8390                           
  8391                           ;usb_events.c: 99:             break;
  8392   001978  EF06  F00D         	goto	i2l732
  8393   00197C                     i2l3471:
  8394                           
  8395                           ;usb_events.c: 103:             APP_LEDUpdateUSBStatus();
  8396   00197C  ECCC  F00A         	call	_APP_LEDUpdateUSBStatus	;wreg free
  8397                           
  8398                           ;usb_events.c: 109:             SYSTEM_Initialize(SYSTEM_STATE_USB_RESUME);
  8399   001980  0E02               	movlw	2
  8400   001982  EC40  F011         	call	i2_SYSTEM_Initialize
  8401                           
  8402                           ;usb_events.c: 110:             break;
  8403   001986  EF06  F00D         	goto	i2l732
  8404   00198A                     i2l3473:
  8405                           
  8406                           ;usb_events.c: 115:             APP_KeyboardInit();
  8407   00198A  ECB1  F00E         	call	_APP_KeyboardInit	;wreg free
  8408                           
  8409                           ;usb_events.c: 116:             break;
  8410   00198E  EF06  F00D         	goto	i2l732
  8411   001992                     i2l3475:
  8412                           
  8413                           ;usb_events.c: 124:             USBCheckHIDRequest();
  8414   001992  EC0D  F005         	call	_USBCheckHIDRequest	;wreg free
  8415                           
  8416                           ;usb_events.c: 125:             break;
  8417   001996  EF06  F00D         	goto	i2l732
  8418   00199A                     i2l3479:
  8419   00199A  C03E  F044         	movff	USER_USB_CALLBACK_EVENT_HANDLER@event,??_USER_USB_CALLBACK_EVENT_HANDLER
  8420   00199E  C03F  F045         	movff	USER_USB_CALLBACK_EVENT_HANDLER@event+1,??_USER_USB_CALLBACK_EVENT_HANDLER+1
  8421                           
  8422                           ; Switch on 2 bytes has been partitioned into a top level switch of size 1, and 2 sub-sw
      +                          itches
  8423                           ; Switch size 1, requested type "simple"
  8424                           ; Number of cases is 2, Range of values is 0 to 127
  8425                           ; switch strategies available:
  8426                           ; Name         Instructions Cycles
  8427                           ; simple_byte            7     4 (average)
  8428                           ;	Chosen strategy is simple_byte
  8429   0019A2  5045               	movf	(??_USER_USB_CALLBACK_EVENT_HANDLER+1)^0,w,c
  8430   0019A4  0A00               	xorlw	0	; case 0
  8431   0019A6  B4D8               	btfsc	status,2,c
  8432   0019A8  EFDC  F00C         	goto	i2l5583
  8433   0019AC  0A7F               	xorlw	127	; case 127
  8434   0019AE  B4D8               	btfsc	status,2,c
  8435   0019B0  EFFF  F00C         	goto	i2l5585
  8436   0019B4  EF06  F00D         	goto	i2l732
  8437   0019B8                     i2l5583:
  8438                           
  8439                           ; Switch size 1, requested type "simple"
  8440                           ; Number of cases is 8, Range of values is 1 to 117
  8441                           ; switch strategies available:
  8442                           ; Name         Instructions Cycles
  8443                           ; simple_byte           25    13 (average)
  8444                           ;	Chosen strategy is simple_byte
  8445   0019B8  5044               	movf	??_USER_USB_CALLBACK_EVENT_HANDLER^0,w,c
  8446   0019BA  0A01               	xorlw	1	; case 1
  8447   0019BC  B4D8               	btfsc	status,2,c
  8448   0019BE  EFC5  F00C         	goto	i2l3473
  8449   0019C2  0A03               	xorlw	3	; case 2
  8450   0019C4  B4D8               	btfsc	status,2,c
  8451   0019C6  EF06  F00D         	goto	i2l732
  8452   0019CA  0A01               	xorlw	1	; case 3
  8453   0019CC  B4D8               	btfsc	status,2,c
  8454   0019CE  EFC9  F00C         	goto	i2l3475
  8455   0019D2  0A06               	xorlw	6	; case 5
  8456   0019D4  B4D8               	btfsc	status,2,c
  8457   0019D6  EF06  F00D         	goto	i2l732
  8458   0019DA  0A77               	xorlw	119	; case 114
  8459   0019DC  B4D8               	btfsc	status,2,c
  8460   0019DE  EF06  F00D         	goto	i2l732
  8461   0019E2  0A01               	xorlw	1	; case 115
  8462   0019E4  B4D8               	btfsc	status,2,c
  8463   0019E6  EF9F  F00C         	goto	i2l3461
  8464   0019EA  0A07               	xorlw	7	; case 116
  8465   0019EC  B4D8               	btfsc	status,2,c
  8466   0019EE  EFBE  F00C         	goto	i2l3471
  8467   0019F2  0A01               	xorlw	1	; case 117
  8468   0019F4  B4D8               	btfsc	status,2,c
  8469   0019F6  EFB7  F00C         	goto	i2l3469
  8470   0019FA  EF06  F00D         	goto	i2l732
  8471   0019FE                     i2l5585:
  8472                           
  8473                           ; Switch size 1, requested type "simple"
  8474                           ; Number of cases is 1, Range of values is 255 to 255
  8475                           ; switch strategies available:
  8476                           ; Name         Instructions Cycles
  8477                           ; simple_byte            4     3 (average)
  8478                           ;	Chosen strategy is simple_byte
  8479   0019FE  5044               	movf	??_USER_USB_CALLBACK_EVENT_HANDLER^0,w,c
  8480   001A00  0AFF               	xorlw	255	; case 255
  8481   001A02  B4D8               	btfsc	status,2,c
  8482   001A04  EF06  F00D         	goto	i2l732
  8483   001A08  EF06  F00D         	goto	i2l732
  8484   001A0C                     i2l732:
  8485   001A0C  0012               	return		;funcret
  8486   001A0E                     __end_of_USER_USB_CALLBACK_EVENT_HANDLER:
  8487                           	callstack 0
  8488                           
  8489 ;; *************** function i2_SYSTEM_Initialize *****************
  8490 ;; Defined at:
  8491 ;;		line 87 in file "system.c"
  8492 ;; Parameters:    Size  Location     Type
  8493 ;;  state           1    wreg     enum E3192
  8494 ;; Auto vars:     Size  Location     Type
  8495 ;;  state           1    5[COMRAM] enum E3192
  8496 ;; Return value:  Size  Location     Type
  8497 ;;                  1    wreg      void 
  8498 ;; Registers used:
  8499 ;;		wreg, status,2, status,0, cstack
  8500 ;; Tracked objects:
  8501 ;;		On entry : 0/0
  8502 ;;		On exit  : 0/0
  8503 ;;		Unchanged: 0/0
  8504 ;; Data sizes:     COMRAM   BANK0   BANK1   BANK2   BANK3  BANK4h  BANK5h   BANK6   BANK7
  8505 ;;      Params:         0       0       0       0       0       0       0       0       0
  8506 ;;      Locals:         1       0       0       0       0       0       0       0       0
  8507 ;;      Temps:          2       0       0       0       0       0       0       0       0
  8508 ;;      Totals:         3       0       0       0       0       0       0       0       0
  8509 ;;Total ram usage:        3 bytes
  8510 ;; Hardware stack levels used: 1
  8511 ;; Hardware stack levels required when called: 1
  8512 ;; This function calls:
  8513 ;;		i2_BUTTON_Enable
  8514 ;;		i2_LED_Enable
  8515 ;; This function is called by:
  8516 ;;		_USER_USB_CALLBACK_EVENT_HANDLER
  8517 ;; This function uses a non-reentrant model
  8518 ;;
  8519                           
  8520                           	psect	text34
  8521   002280                     __ptext34:
  8522                           	callstack 0
  8523   002280                     i2_SYSTEM_Initialize:
  8524                           	callstack 23
  8525                           
  8526                           ;incstack = 0
  8527                           ;i2SYSTEM_Initialize@state stored from wreg
  8528   002280  6E35               	movwf	i2SYSTEM_Initialize@state^0,c
  8529   002282                     
  8530                           ;system.c: 87: void SYSTEM_Initialize( SYSTEM_STATE state );system.c: 88: {;system.c: 89
      +                          :     switch(state)
  8531   002282  EF4E  F011         	goto	i2l3453
  8532   002286                     i2l3449:
  8533                           
  8534                           ;system.c: 92:             LED_Enable(LED_D1);
  8535   002286  0E01               	movlw	1
  8536   002288  EC2B  F010         	call	i2_LED_Enable
  8537                           
  8538                           ;system.c: 93:             LED_Enable(LED_D2);
  8539   00228C  0E02               	movlw	2
  8540   00228E  EC2B  F010         	call	i2_LED_Enable
  8541                           
  8542                           ;system.c: 94:             BUTTON_Enable(BUTTON_S4);
  8543   002292  0E03               	movlw	3
  8544   002294  ECB3  F011         	call	i2_BUTTON_Enable
  8545                           
  8546                           ;system.c: 95:             break;
  8547   002298  EF67  F011         	goto	i2l262
  8548   00229C                     i2l3453:
  8549   00229C  5035               	movf	i2SYSTEM_Initialize@state^0,w,c
  8550   00229E  6E33               	movwf	??i2_SYSTEM_Initialize^0,c
  8551   0022A0  6A34               	clrf	(??i2_SYSTEM_Initialize+1)^0,c
  8552                           
  8553                           ; Switch on 2 bytes has been partitioned into a top level switch of size 1, and 1 sub-sw
      +                          itches
  8554                           ; Switch size 1, requested type "simple"
  8555                           ; Number of cases is 1, Range of values is 0 to 0
  8556                           ; switch strategies available:
  8557                           ; Name         Instructions Cycles
  8558                           ; simple_byte            4     3 (average)
  8559                           ;	Chosen strategy is simple_byte
  8560   0022A2  5034               	movf	(??i2_SYSTEM_Initialize+1)^0,w,c
  8561   0022A4  0A00               	xorlw	0	; case 0
  8562   0022A6  B4D8               	btfsc	status,2,c
  8563   0022A8  EF58  F011         	goto	i2l5587
  8564   0022AC  EF67  F011         	goto	i2l262
  8565   0022B0                     i2l5587:
  8566                           
  8567                           ; Switch size 1, requested type "simple"
  8568                           ; Number of cases is 3, Range of values is 0 to 2
  8569                           ; switch strategies available:
  8570                           ; Name         Instructions Cycles
  8571                           ; simple_byte           10     6 (average)
  8572                           ;	Chosen strategy is simple_byte
  8573   0022B0  5033               	movf	??i2_SYSTEM_Initialize^0,w,c
  8574   0022B2  0A00               	xorlw	0	; case 0
  8575   0022B4  B4D8               	btfsc	status,2,c
  8576   0022B6  EF43  F011         	goto	i2l3449
  8577   0022BA  0A01               	xorlw	1	; case 1
  8578   0022BC  B4D8               	btfsc	status,2,c
  8579   0022BE  EF67  F011         	goto	i2l262
  8580   0022C2  0A03               	xorlw	3	; case 2
  8581   0022C4  B4D8               	btfsc	status,2,c
  8582   0022C6  EF67  F011         	goto	i2l262
  8583   0022CA  EF67  F011         	goto	i2l262
  8584   0022CE                     i2l262:
  8585   0022CE  0012               	return		;funcret
  8586   0022D0                     __end_ofi2_SYSTEM_Initialize:
  8587                           	callstack 0
  8588                           
  8589 ;; *************** function i2_LED_Enable *****************
  8590 ;; Defined at:
  8591 ;;		line 257 in file "leds.c"
  8592 ;; Parameters:    Size  Location     Type
  8593 ;;  led             1    wreg     enum E2
  8594 ;; Auto vars:     Size  Location     Type
  8595 ;;  led             1    2[COMRAM] enum E2
  8596 ;; Return value:  Size  Location     Type
  8597 ;;                  1    wreg      void 
  8598 ;; Registers used:
  8599 ;;		wreg, status,2, status,0
  8600 ;; Tracked objects:
  8601 ;;		On entry : 0/0
  8602 ;;		On exit  : 0/0
  8603 ;;		Unchanged: 0/0
  8604 ;; Data sizes:     COMRAM   BANK0   BANK1   BANK2   BANK3  BANK4h  BANK5h   BANK6   BANK7
  8605 ;;      Params:         0       0       0       0       0       0       0       0       0
  8606 ;;      Locals:         1       0       0       0       0       0       0       0       0
  8607 ;;      Temps:          2       0       0       0       0       0       0       0       0
  8608 ;;      Totals:         3       0       0       0       0       0       0       0       0
  8609 ;;Total ram usage:        3 bytes
  8610 ;; Hardware stack levels used: 1
  8611 ;; This function calls:
  8612 ;;		Nothing
  8613 ;; This function is called by:
  8614 ;;		i2_SYSTEM_Initialize
  8615 ;; This function uses a non-reentrant model
  8616 ;;
  8617                           
  8618                           	psect	text35
  8619   002056                     __ptext35:
  8620                           	callstack 0
  8621   002056                     i2_LED_Enable:
  8622                           	callstack 23
  8623                           
  8624                           ;incstack = 0
  8625                           ;i2LED_Enable@led stored from wreg
  8626   002056  6E32               	movwf	i2LED_Enable@led^0,c
  8627   002058                     
  8628                           ;leds.c: 257: void LED_Enable(LED led);leds.c: 258: {;leds.c: 259:     switch(led)
  8629   002058  EF3A  F010         	goto	i2l3289
  8630   00205C                     i2l226:
  8631                           
  8632                           ;leds.c: 262:             TRISAbits.TRISA3 = 0;
  8633   00205C  9692               	bcf	146,3,c	;volatile
  8634                           
  8635                           ;leds.c: 263:             break;
  8636   00205E  EF5B  F010         	goto	i2l232
  8637   002062                     i2l228:
  8638                           
  8639                           ;leds.c: 266:             TRISAbits.TRISA1 = 0;
  8640   002062  9292               	bcf	146,1,c	;volatile
  8641                           
  8642                           ;leds.c: 267:             break;
  8643   002064  EF5B  F010         	goto	i2l232
  8644   002068                     i2l229:
  8645                           
  8646                           ;leds.c: 270:             TRISAbits.TRISA2 = 0;
  8647   002068  9492               	bcf	146,2,c	;volatile
  8648                           
  8649                           ;leds.c: 271:             break;
  8650   00206A  EF5B  F010         	goto	i2l232
  8651   00206E                     i2l230:
  8652                           
  8653                           ;leds.c: 274:             TRISAbits.TRISA3 = 0;
  8654   00206E  9692               	bcf	146,3,c	;volatile
  8655                           
  8656                           ;leds.c: 275:             break;
  8657   002070  EF5B  F010         	goto	i2l232
  8658   002074                     i2l3289:
  8659   002074  5032               	movf	i2LED_Enable@led^0,w,c
  8660   002076  6E30               	movwf	??i2_LED_Enable^0,c
  8661   002078  6A31               	clrf	(??i2_LED_Enable+1)^0,c
  8662                           
  8663                           ; Switch on 2 bytes has been partitioned into a top level switch of size 1, and 1 sub-sw
      +                          itches
  8664                           ; Switch size 1, requested type "simple"
  8665                           ; Number of cases is 1, Range of values is 0 to 0
  8666                           ; switch strategies available:
  8667                           ; Name         Instructions Cycles
  8668                           ; simple_byte            4     3 (average)
  8669                           ;	Chosen strategy is simple_byte
  8670   00207A  5031               	movf	(??i2_LED_Enable+1)^0,w,c
  8671   00207C  0A00               	xorlw	0	; case 0
  8672   00207E  B4D8               	btfsc	status,2,c
  8673   002080  EF44  F010         	goto	i2l5589
  8674   002084  EF5B  F010         	goto	i2l232
  8675   002088                     i2l5589:
  8676                           
  8677                           ; Switch size 1, requested type "simple"
  8678                           ; Number of cases is 5, Range of values is 0 to 4
  8679                           ; switch strategies available:
  8680                           ; Name         Instructions Cycles
  8681                           ; simple_byte           16     9 (average)
  8682                           ;	Chosen strategy is simple_byte
  8683   002088  5030               	movf	??i2_LED_Enable^0,w,c
  8684   00208A  0A00               	xorlw	0	; case 0
  8685   00208C  B4D8               	btfsc	status,2,c
  8686   00208E  EF5B  F010         	goto	i2l232
  8687   002092  0A01               	xorlw	1	; case 1
  8688   002094  B4D8               	btfsc	status,2,c
  8689   002096  EF2E  F010         	goto	i2l226
  8690   00209A  0A03               	xorlw	3	; case 2
  8691   00209C  B4D8               	btfsc	status,2,c
  8692   00209E  EF31  F010         	goto	i2l228
  8693   0020A2  0A01               	xorlw	1	; case 3
  8694   0020A4  B4D8               	btfsc	status,2,c
  8695   0020A6  EF34  F010         	goto	i2l229
  8696   0020AA  0A07               	xorlw	7	; case 4
  8697   0020AC  B4D8               	btfsc	status,2,c
  8698   0020AE  EF37  F010         	goto	i2l230
  8699   0020B2  EF5B  F010         	goto	i2l232
  8700   0020B6                     i2l232:
  8701   0020B6  0012               	return		;funcret
  8702   0020B8                     __end_ofi2_LED_Enable:
  8703                           	callstack 0
  8704                           
  8705 ;; *************** function i2_BUTTON_Enable *****************
  8706 ;; Defined at:
  8707 ;;		line 128 in file "buttons.c"
  8708 ;; Parameters:    Size  Location     Type
  8709 ;;  button          1    wreg     enum E2973
  8710 ;; Auto vars:     Size  Location     Type
  8711 ;;  button          1    2[COMRAM] enum E2973
  8712 ;; Return value:  Size  Location     Type
  8713 ;;                  1    wreg      void 
  8714 ;; Registers used:
  8715 ;;		wreg, status,2, status,0
  8716 ;; Tracked objects:
  8717 ;;		On entry : 0/0
  8718 ;;		On exit  : 0/0
  8719 ;;		Unchanged: 0/0
  8720 ;; Data sizes:     COMRAM   BANK0   BANK1   BANK2   BANK3  BANK4h  BANK5h   BANK6   BANK7
  8721 ;;      Params:         0       0       0       0       0       0       0       0       0
  8722 ;;      Locals:         1       0       0       0       0       0       0       0       0
  8723 ;;      Temps:          2       0       0       0       0       0       0       0       0
  8724 ;;      Totals:         3       0       0       0       0       0       0       0       0
  8725 ;;Total ram usage:        3 bytes
  8726 ;; Hardware stack levels used: 1
  8727 ;; This function calls:
  8728 ;;		Nothing
  8729 ;; This function is called by:
  8730 ;;		i2_SYSTEM_Initialize
  8731 ;; This function uses a non-reentrant model
  8732 ;;
  8733                           
  8734                           	psect	text36
  8735   002366                     __ptext36:
  8736                           	callstack 0
  8737   002366                     i2_BUTTON_Enable:
  8738                           	callstack 23
  8739                           
  8740                           ;incstack = 0
  8741                           ;i2BUTTON_Enable@button stored from wreg
  8742   002366  6E32               	movwf	i2BUTTON_Enable@button^0,c
  8743   002368                     
  8744                           ;buttons.c: 128: void BUTTON_Enable(BUTTON button);buttons.c: 129: {;buttons.c: 130:    
      +                           switch(button)
  8745   002368  EFBC  F011         	goto	i2l3259
  8746   00236C                     i2l174:
  8747                           
  8748                           ;buttons.c: 133:             TRISBbits.TRISB4 = 1;
  8749   00236C  8893               	bsf	147,4,c	;volatile
  8750                           
  8751                           ;buttons.c: 134:             break;
  8752   00236E  EFD5  F011         	goto	i2l178
  8753   002372                     i2l176:
  8754                           
  8755                           ;buttons.c: 137:             TRISBbits.TRISB5 = 1;
  8756   002372  8A93               	bsf	147,5,c	;volatile
  8757                           
  8758                           ;buttons.c: 138:             break;
  8759   002374  EFD5  F011         	goto	i2l178
  8760   002378                     i2l3259:
  8761   002378  5032               	movf	i2BUTTON_Enable@button^0,w,c
  8762   00237A  6E30               	movwf	??i2_BUTTON_Enable^0,c
  8763   00237C  6A31               	clrf	(??i2_BUTTON_Enable+1)^0,c
  8764                           
  8765                           ; Switch on 2 bytes has been partitioned into a top level switch of size 1, and 1 sub-sw
      +                          itches
  8766                           ; Switch size 1, requested type "simple"
  8767                           ; Number of cases is 1, Range of values is 0 to 0
  8768                           ; switch strategies available:
  8769                           ; Name         Instructions Cycles
  8770                           ; simple_byte            4     3 (average)
  8771                           ;	Chosen strategy is simple_byte
  8772   00237E  5031               	movf	(??i2_BUTTON_Enable+1)^0,w,c
  8773   002380  0A00               	xorlw	0	; case 0
  8774   002382  B4D8               	btfsc	status,2,c
  8775   002384  EFC6  F011         	goto	i2l5591
  8776   002388  EFD5  F011         	goto	i2l178
  8777   00238C                     i2l5591:
  8778                           
  8779                           ; Switch size 1, requested type "simple"
  8780                           ; Number of cases is 3, Range of values is 0 to 2
  8781                           ; switch strategies available:
  8782                           ; Name         Instructions Cycles
  8783                           ; simple_byte           10     6 (average)
  8784                           ;	Chosen strategy is simple_byte
  8785   00238C  5030               	movf	??i2_BUTTON_Enable^0,w,c
  8786   00238E  0A00               	xorlw	0	; case 0
  8787   002390  B4D8               	btfsc	status,2,c
  8788   002392  EFD5  F011         	goto	i2l178
  8789   002396  0A01               	xorlw	1	; case 1
  8790   002398  B4D8               	btfsc	status,2,c
  8791   00239A  EFB6  F011         	goto	i2l174
  8792   00239E  0A03               	xorlw	3	; case 2
  8793   0023A0  B4D8               	btfsc	status,2,c
  8794   0023A2  EFB9  F011         	goto	i2l176
  8795   0023A6  EFD5  F011         	goto	i2l178
  8796   0023AA                     i2l178:
  8797   0023AA  0012               	return		;funcret
  8798   0023AC                     __end_ofi2_BUTTON_Enable:
  8799                           	callstack 0
  8800                           
  8801 ;; *************** function _USBCheckHIDRequest *****************
  8802 ;; Defined at:
  8803 ;;		line 161 in file "usb_device_hid.c"
  8804 ;; Parameters:    Size  Location     Type
  8805 ;;		None
  8806 ;; Auto vars:     Size  Location     Type
  8807 ;;		None
  8808 ;; Return value:  Size  Location     Type
  8809 ;;                  1    wreg      void 
  8810 ;; Registers used:
  8811 ;;		wreg, status,2, status,0, cstack
  8812 ;; Tracked objects:
  8813 ;;		On entry : 0/0
  8814 ;;		On exit  : 0/0
  8815 ;;		Unchanged: 0/0
  8816 ;; Data sizes:     COMRAM   BANK0   BANK1   BANK2   BANK3  BANK4h  BANK5h   BANK6   BANK7
  8817 ;;      Params:         0       0       0       0       0       0       0       0       0
  8818 ;;      Locals:         0       0       0       0       0       0       0       0       0
  8819 ;;      Temps:          0       0       0       0       0       0       0       0       0
  8820 ;;      Totals:         0       0       0       0       0       0       0       0       0
  8821 ;;Total ram usage:        0 bytes
  8822 ;; Hardware stack levels used: 1
  8823 ;; Hardware stack levels required when called: 1
  8824 ;; This function calls:
  8825 ;;		_USBHIDCBSetIdleRateHandler
  8826 ;;		_USBHIDCBSetReportHandler
  8827 ;; This function is called by:
  8828 ;;		_USER_USB_CALLBACK_EVENT_HANDLER
  8829 ;; This function uses a non-reentrant model
  8830 ;;
  8831                           
  8832                           	psect	text37
  8833   000A1A                     __ptext37:
  8834                           	callstack 0
  8835   000A1A                     _USBCheckHIDRequest:
  8836                           	callstack 23
  8837   000A1A                     
  8838                           ;usb_device_hid.c: 163:     if(SetupPkt.Recipient != (0x01)) return;
  8839   000A1A  0104               	movlb	4	; () banked
  8840   000A1C  5120               	movf	32,w,b	;volatile
  8841   000A1E  0B1F               	andlw	31
  8842   000A20  06E8               	decf	wreg,f,c
  8843   000A22  B4D8               	btfsc	status,2,c
  8844   000A24  EF16  F005         	goto	i2u201_41
  8845   000A28  EF18  F005         	goto	i2u201_40
  8846   000A2C                     i2u201_41:
  8847   000A2C  EF1A  F005         	goto	i2l3389
  8848   000A30                     i2u201_40:
  8849   000A30  EFB1  F005         	goto	i2l688
  8850   000A34                     i2l3389:
  8851                           
  8852                           ; BSR set to: 4
  8853                           ;usb_device_hid.c: 164:     if(SetupPkt.bIntfID != 0x00) return;
  8854   000A34  5124               	movf	36,w,b	;volatile
  8855   000A36  B4D8               	btfsc	status,2,c
  8856   000A38  EF20  F005         	goto	i2u202_41
  8857   000A3C  EF22  F005         	goto	i2u202_40
  8858   000A40                     i2u202_41:
  8859   000A40  EF24  F005         	goto	i2l3393
  8860   000A44                     i2u202_40:
  8861   000A44  EFB1  F005         	goto	i2l688
  8862   000A48                     i2l3393:
  8863                           
  8864                           ; BSR set to: 4
  8865                           ;usb_device_hid.c: 171:     if(SetupPkt.bRequest == 6)
  8866   000A48  0E06               	movlw	6
  8867   000A4A  1921               	xorwf	33,w,b	;volatile
  8868   000A4C  A4D8               	btfss	status,2,c
  8869   000A4E  EF2B  F005         	goto	i2u203_41
  8870   000A52  EF2D  F005         	goto	i2u203_40
  8871   000A56                     i2u203_41:
  8872   000A56  EF5E  F005         	goto	i2l3415
  8873   000A5A                     i2u203_40:
  8874   000A5A  EF4F  F005         	goto	i2l3413
  8875   000A5E                     i2l3397:
  8876                           
  8877                           ; BSR set to: 4
  8878                           ;usb_device_hid.c: 176:                 if(USBActiveConfiguration == 1)
  8879   000A5E  042F               	decf	_USBActiveConfiguration^0,w,c	;volatile
  8880   000A60  A4D8               	btfss	status,2,c
  8881   000A62  EF35  F005         	goto	i2u204_41
  8882   000A66  EF37  F005         	goto	i2u204_40
  8883   000A6A                     i2u204_41:
  8884   000A6A  EF5E  F005         	goto	i2l3415
  8885   000A6E                     i2u204_40:
  8886   000A6E                     
  8887                           ; BSR set to: 4
  8888                           ;usb_device_hid.c: 177:                 {;usb_device_hid.c: 178:                     { i
      +                          nPipes[0].pSrc.bRom = (const uint8_t*)&configDescriptor1 + 18; inPipes[0].wCount.Val = s
      +                          izeof(USB_HID_DSC)+3; inPipes[0].info.Val = 0x40 | 0x80 | 0x00; };
  8889   000A6E  0EB5               	movlw	low (_configDescriptor1+18)
  8890   000A70  6E08               	movwf	_inPipes^0,c	;volatile
  8891   000A72  0E7F               	movlw	high (_configDescriptor1+18)
  8892   000A74  6E09               	movwf	(_inPipes+1)^0,c	;volatile
  8893   000A76                     
  8894                           ; BSR set to: 4
  8895   000A76  0E00               	movlw	0
  8896   000A78  6E0C               	movwf	(_inPipes+4)^0,c	;volatile
  8897   000A7A  0E09               	movlw	9
  8898   000A7C  6E0B               	movwf	(_inPipes+3)^0,c	;volatile
  8899   000A7E                     
  8900                           ; BSR set to: 4
  8901   000A7E  0EC0               	movlw	192
  8902   000A80  6E0A               	movwf	(_inPipes+2)^0,c	;volatile
  8903   000A82  EF5E  F005         	goto	i2l3415
  8904   000A86                     i2l3405:
  8905                           
  8906                           ; BSR set to: 4
  8907                           ;usb_device_hid.c: 186:                 {;usb_device_hid.c: 187:                     { i
      +                          nPipes[0].pSrc.bRom = (const uint8_t*)&hid_rpt01; inPipes[0].wCount.Val = 104; inPipes[0
      +                          ].info.Val = 0x40 | 0x80 | 0x00; };
  8908   000A86  0E07               	movlw	low _hid_rpt01
  8909   000A88  6E08               	movwf	_inPipes^0,c	;volatile
  8910   000A8A  0E7F               	movlw	high _hid_rpt01
  8911   000A8C  6E09               	movwf	(_inPipes+1)^0,c	;volatile
  8912   000A8E                     
  8913                           ; BSR set to: 4
  8914   000A8E  0E00               	movlw	0
  8915   000A90  6E0C               	movwf	(_inPipes+4)^0,c	;volatile
  8916   000A92  0E68               	movlw	104
  8917   000A94  6E0B               	movwf	(_inPipes+3)^0,c	;volatile
  8918   000A96                     
  8919                           ; BSR set to: 4
  8920   000A96  0EC0               	movlw	192
  8921   000A98  6E0A               	movwf	(_inPipes+2)^0,c	;volatile
  8922                           
  8923                           ;usb_device_hid.c: 191:                 };usb_device_hid.c: 192:                 break;
  8924   000A9A  EF5E  F005         	goto	i2l3415
  8925   000A9E                     i2l3413:
  8926                           
  8927                           ; BSR set to: 4
  8928   000A9E  5123               	movf	35,w,b	;volatile
  8929                           
  8930                           ; Switch size 1, requested type "simple"
  8931                           ; Number of cases is 3, Range of values is 33 to 35
  8932                           ; switch strategies available:
  8933                           ; Name         Instructions Cycles
  8934                           ; simple_byte           10     6 (average)
  8935                           ;	Chosen strategy is simple_byte
  8936   000AA0  0A21               	xorlw	33	; case 33
  8937   000AA2  B4D8               	btfsc	status,2,c
  8938   000AA4  EF2F  F005         	goto	i2l3397
  8939   000AA8  0A03               	xorlw	3	; case 34
  8940   000AAA  B4D8               	btfsc	status,2,c
  8941   000AAC  EF43  F005         	goto	i2l3405
  8942   000AB0  0A01               	xorlw	1	; case 35
  8943   000AB2  B4D8               	btfsc	status,2,c
  8944   000AB4  EF5E  F005         	goto	i2l3415
  8945   000AB8  EF5E  F005         	goto	i2l3415
  8946   000ABC                     i2l3415:
  8947                           
  8948                           ; BSR set to: 4
  8949                           ;usb_device_hid.c: 209:     if(SetupPkt.RequestType != (0x20>>5))
  8950   000ABC  3920               	swapf	32,w,b	;volatile
  8951   000ABE  32E8               	rrcf	wreg,f,c
  8952   000AC0  0B03               	andlw	3
  8953   000AC2  06E8               	decf	wreg,f,c
  8954   000AC4  B4D8               	btfsc	status,2,c
  8955   000AC6  EF67  F005         	goto	i2u205_41
  8956   000ACA  EF69  F005         	goto	i2u205_40
  8957   000ACE                     i2u205_41:
  8958   000ACE  EF96  F005         	goto	i2l3445
  8959   000AD2                     i2u205_40:
  8960   000AD2  EFB1  F005         	goto	i2l688
  8961   000AD6                     i2l3419:
  8962                           
  8963                           ; BSR set to: 4
  8964                           ;usb_device_hid.c: 223:                 USBHIDCBSetReportHandler();
  8965   000AD6  ECF4  F012         	call	_USBHIDCBSetReportHandler	;wreg free
  8966                           
  8967                           ;usb_device_hid.c: 225:             break;
  8968   000ADA  EFB1  F005         	goto	i2l688
  8969   000ADE                     i2l3421:
  8970                           
  8971                           ; BSR set to: 4
  8972                           ;usb_device_hid.c: 227:             { inPipes[0].pSrc.bRam = (uint8_t*)&idle_rate; inPip
      +                          es[0].wCount.Val = 1; inPipes[0].info.Val = 0x40 | 0x80 | 0x01; };
  8973   000ADE  0E8E               	movlw	low _idle_rate
  8974   000AE0  6E08               	movwf	_inPipes^0,c	;volatile
  8975   000AE2  6A09               	clrf	(_inPipes+1)^0,c	;volatile
  8976   000AE4                     
  8977                           ; BSR set to: 4
  8978   000AE4  0E00               	movlw	0
  8979   000AE6  6E0C               	movwf	(_inPipes+4)^0,c	;volatile
  8980   000AE8  0E01               	movlw	1
  8981   000AEA  6E0B               	movwf	(_inPipes+3)^0,c	;volatile
  8982   000AEC                     
  8983                           ; BSR set to: 4
  8984   000AEC  0EC1               	movlw	193
  8985   000AEE  6E0A               	movwf	(_inPipes+2)^0,c	;volatile
  8986                           
  8987                           ;usb_device_hid.c: 231:             break;
  8988   000AF0  EFB1  F005         	goto	i2l688
  8989   000AF4                     i2l3427:
  8990                           
  8991                           ; BSR set to: 4
  8992                           ;usb_device_hid.c: 233:             inPipes[0].info.Val = 0x00 | 0x80;
  8993   000AF4  0E80               	movlw	128
  8994   000AF6  6E0A               	movwf	(_inPipes+2)^0,c	;volatile
  8995   000AF8                     
  8996                           ; BSR set to: 4
  8997                           ;usb_device_hid.c: 234:             idle_rate = SetupPkt.W_Value.byte.HB;
  8998   000AF8  C423 F08E          	movff	1059,_idle_rate	;volatile
  8999   000AFC                     
  9000                           ; BSR set to: 4
  9001                           ;usb_device_hid.c: 235:             USBHIDCBSetIdleRateHandler(SetupPkt.W_Value.byte.LB,
      +                           idle_rate);
  9002   000AFC  C08E  F030         	movff	_idle_rate,USBHIDCBSetIdleRateHandler@newIdleRate
  9003   000B00  5122               	movf	34,w,b	;volatile
  9004   000B02  EC02  F013         	call	_USBHIDCBSetIdleRateHandler
  9005                           
  9006                           ;usb_device_hid.c: 236:             break;
  9007   000B06  EFB1  F005         	goto	i2l688
  9008   000B0A                     i2l3433:
  9009                           
  9010                           ; BSR set to: 4
  9011                           ;usb_device_hid.c: 238:             { inPipes[0].pSrc.bRam = (uint8_t*)&active_protocol;
      +                           inPipes[0].wCount.Val = 1; inPipes[0].info.Val = 0x00 | 0x80 | 0x01; };
  9012   000B0A  0E8D               	movlw	low _active_protocol
  9013   000B0C  6E08               	movwf	_inPipes^0,c	;volatile
  9014   000B0E  6A09               	clrf	(_inPipes+1)^0,c	;volatile
  9015   000B10                     
  9016                           ; BSR set to: 4
  9017   000B10  0E00               	movlw	0
  9018   000B12  6E0C               	movwf	(_inPipes+4)^0,c	;volatile
  9019   000B14  0E01               	movlw	1
  9020   000B16  6E0B               	movwf	(_inPipes+3)^0,c	;volatile
  9021   000B18                     
  9022                           ; BSR set to: 4
  9023   000B18  0E81               	movlw	129
  9024   000B1A  6E0A               	movwf	(_inPipes+2)^0,c	;volatile
  9025                           
  9026                           ;usb_device_hid.c: 242:             break;
  9027   000B1C  EFB1  F005         	goto	i2l688
  9028   000B20                     i2l3439:
  9029                           
  9030                           ; BSR set to: 4
  9031                           ;usb_device_hid.c: 244:             inPipes[0].info.Val = 0x00 | 0x80;
  9032   000B20  0E80               	movlw	128
  9033   000B22  6E0A               	movwf	(_inPipes+2)^0,c	;volatile
  9034   000B24                     
  9035                           ; BSR set to: 4
  9036                           ;usb_device_hid.c: 245:             active_protocol = SetupPkt.W_Value.byte.LB;
  9037   000B24  C422 F08D          	movff	1058,_active_protocol	;volatile
  9038                           
  9039                           ;usb_device_hid.c: 246:             break;
  9040   000B28  EFB1  F005         	goto	i2l688
  9041   000B2C                     i2l3445:
  9042                           
  9043                           ; BSR set to: 4
  9044   000B2C  5121               	movf	33,w,b	;volatile
  9045                           
  9046                           ; Switch size 1, requested type "simple"
  9047                           ; Number of cases is 6, Range of values is 1 to 11
  9048                           ; switch strategies available:
  9049                           ; Name         Instructions Cycles
  9050                           ; simple_byte           19    10 (average)
  9051                           ;	Chosen strategy is simple_byte
  9052   000B2E  0A01               	xorlw	1	; case 1
  9053   000B30  B4D8               	btfsc	status,2,c
  9054   000B32  EFB1  F005         	goto	i2l688
  9055   000B36  0A03               	xorlw	3	; case 2
  9056   000B38  B4D8               	btfsc	status,2,c
  9057   000B3A  EF6F  F005         	goto	i2l3421
  9058   000B3E  0A01               	xorlw	1	; case 3
  9059   000B40  B4D8               	btfsc	status,2,c
  9060   000B42  EF85  F005         	goto	i2l3433
  9061   000B46  0A0A               	xorlw	10	; case 9
  9062   000B48  B4D8               	btfsc	status,2,c
  9063   000B4A  EF6B  F005         	goto	i2l3419
  9064   000B4E  0A03               	xorlw	3	; case 10
  9065   000B50  B4D8               	btfsc	status,2,c
  9066   000B52  EF7A  F005         	goto	i2l3427
  9067   000B56  0A01               	xorlw	1	; case 11
  9068   000B58  B4D8               	btfsc	status,2,c
  9069   000B5A  EF90  F005         	goto	i2l3439
  9070   000B5E  EFB1  F005         	goto	i2l688
  9071   000B62                     i2l688:
  9072   000B62  0012               	return		;funcret
  9073   000B64                     __end_of_USBCheckHIDRequest:
  9074                           	callstack 0
  9075                           
  9076 ;; *************** function _USBHIDCBSetReportHandler *****************
  9077 ;; Defined at:
  9078 ;;		line 650 in file "app_device_keyboard.c"
  9079 ;; Parameters:    Size  Location     Type
  9080 ;;		None
  9081 ;; Auto vars:     Size  Location     Type
  9082 ;;		None
  9083 ;; Return value:  Size  Location     Type
  9084 ;;                  1    wreg      void 
  9085 ;; Registers used:
  9086 ;;		wreg, status,2, status,0
  9087 ;; Tracked objects:
  9088 ;;		On entry : 0/0
  9089 ;;		On exit  : 0/0
  9090 ;;		Unchanged: 0/0
  9091 ;; Data sizes:     COMRAM   BANK0   BANK1   BANK2   BANK3  BANK4h  BANK5h   BANK6   BANK7
  9092 ;;      Params:         0       0       0       0       0       0       0       0       0
  9093 ;;      Locals:         0       0       0       0       0       0       0       0       0
  9094 ;;      Temps:          0       0       0       0       0       0       0       0       0
  9095 ;;      Totals:         0       0       0       0       0       0       0       0       0
  9096 ;;Total ram usage:        0 bytes
  9097 ;; Hardware stack levels used: 1
  9098 ;; This function calls:
  9099 ;;		Nothing
  9100 ;; This function is called by:
  9101 ;;		_USBCheckHIDRequest
  9102 ;; This function uses a non-reentrant model
  9103 ;;
  9104                           
  9105                           	psect	text38
  9106   0025E8                     __ptext38:
  9107                           	callstack 0
  9108   0025E8                     _USBHIDCBSetReportHandler:
  9109                           	callstack 23
  9110   0025E8                     
  9111                           ;app_device_keyboard.c: 655:     {outPipes[0].pDst.bRam = (uint8_t*)&CtrlTrfData;outPipe
      +                          s[0].wCount.Val = 8;outPipes[0].pFunc = USBHIDCBSetReportComplete;outPipes[0].info.bits.
      +                          busy = 1; };
  9112   0025E8  0E28               	movlw	40
  9113   0025EA  6E01               	movwf	_outPipes^0,c	;volatile
  9114   0025EC  0E04               	movlw	4
  9115   0025EE  6E02               	movwf	(_outPipes+1)^0,c	;volatile
  9116   0025F0  0E00               	movlw	0
  9117   0025F2  6E05               	movwf	(_outPipes+4)^0,c	;volatile
  9118   0025F4  0E08               	movlw	8
  9119   0025F6  6E04               	movwf	(_outPipes+3)^0,c	;volatile
  9120   0025F8  0E3A               	movlw	low _USBHIDCBSetReportComplete
  9121   0025FA  6E06               	movwf	(_outPipes+5)^0,c	;volatile
  9122   0025FC  0E26               	movlw	high _USBHIDCBSetReportComplete
  9123   0025FE  6E07               	movwf	(_outPipes+6)^0,c	;volatile
  9124   002600  8E03               	bsf	(_outPipes+2)^0,7,c	;volatile
  9125   002602  0012               	return		;funcret
  9126   002604                     __end_of_USBHIDCBSetReportHandler:
  9127                           	callstack 0
  9128                           
  9129 ;; *************** function _USBHIDCBSetIdleRateHandler *****************
  9130 ;; Defined at:
  9131 ;;		line 661 in file "app_device_keyboard.c"
  9132 ;; Parameters:    Size  Location     Type
  9133 ;;  reportID        1    wreg     unsigned char 
  9134 ;;  newIdleRate     1    0[COMRAM] unsigned char 
  9135 ;; Auto vars:     Size  Location     Type
  9136 ;;  reportID        1    1[COMRAM] unsigned char 
  9137 ;; Return value:  Size  Location     Type
  9138 ;;                  1    wreg      void 
  9139 ;; Registers used:
  9140 ;;		wreg, status,2
  9141 ;; Tracked objects:
  9142 ;;		On entry : 0/0
  9143 ;;		On exit  : 0/0
  9144 ;;		Unchanged: 0/0
  9145 ;; Data sizes:     COMRAM   BANK0   BANK1   BANK2   BANK3  BANK4h  BANK5h   BANK6   BANK7
  9146 ;;      Params:         1       0       0       0       0       0       0       0       0
  9147 ;;      Locals:         1       0       0       0       0       0       0       0       0
  9148 ;;      Temps:          0       0       0       0       0       0       0       0       0
  9149 ;;      Totals:         2       0       0       0       0       0       0       0       0
  9150 ;;Total ram usage:        2 bytes
  9151 ;; Hardware stack levels used: 1
  9152 ;; This function calls:
  9153 ;;		Nothing
  9154 ;; This function is called by:
  9155 ;;		_USBCheckHIDRequest
  9156 ;; This function uses a non-reentrant model
  9157 ;;
  9158                           
  9159                           	psect	text39
  9160   002604                     __ptext39:
  9161                           	callstack 0
  9162   002604                     _USBHIDCBSetIdleRateHandler:
  9163                           	callstack 23
  9164                           
  9165                           ;incstack = 0
  9166                           ;USBHIDCBSetIdleRateHandler@reportID stored from wreg
  9167   002604  6E31               	movwf	USBHIDCBSetIdleRateHandler@reportID^0,c
  9168   002606                     
  9169                           ;app_device_keyboard.c: 661: void USBHIDCBSetIdleRateHandler(uint8_t reportID, uint8_t n
      +                          ewIdleRate);app_device_keyboard.c: 662: {;app_device_keyboard.c: 666:     if(reportID ==
      +                           0)
  9170   002606  5031               	movf	USBHIDCBSetIdleRateHandler@reportID^0,w,c
  9171   002608  A4D8               	btfss	status,2,c
  9172   00260A  EF09  F013         	goto	i2u189_41
  9173   00260E  EF0B  F013         	goto	i2u189_40
  9174   002612                     i2u189_41:
  9175   002612  EF0F  F013         	goto	i2l130
  9176   002616                     i2u189_40:
  9177   002616                     
  9178                           ;app_device_keyboard.c: 667:     {;app_device_keyboard.c: 668:         keyboardIdleRate 
      +                          = newIdleRate;
  9179   002616  C030  F081         	movff	USBHIDCBSetIdleRateHandler@newIdleRate,_keyboardIdleRate
  9180   00261A  0100               	movlb	0	; () banked
  9181   00261C  6B82               	clrf	(_keyboardIdleRate+1)& (0+255),b
  9182   00261E                     i2l130:
  9183   00261E  0012               	return		;funcret
  9184   002620                     __end_of_USBHIDCBSetIdleRateHandler:
  9185                           	callstack 0
  9186                           
  9187 ;; *************** function _APP_LEDUpdateUSBStatus *****************
  9188 ;; Defined at:
  9189 ;;		line 49 in file "app_led_usb_status.c"
  9190 ;; Parameters:    Size  Location     Type
  9191 ;;		None
  9192 ;; Auto vars:     Size  Location     Type
  9193 ;;		None
  9194 ;; Return value:  Size  Location     Type
  9195 ;;                  1    wreg      void 
  9196 ;; Registers used:
  9197 ;;		wreg, status,2, status,0, cstack
  9198 ;; Tracked objects:
  9199 ;;		On entry : 0/0
  9200 ;;		On exit  : 0/0
  9201 ;;		Unchanged: 0/0
  9202 ;; Data sizes:     COMRAM   BANK0   BANK1   BANK2   BANK3  BANK4h  BANK5h   BANK6   BANK7
  9203 ;;      Params:         0       0       0       0       0       0       0       0       0
  9204 ;;      Locals:         0       0       0       0       0       0       0       0       0
  9205 ;;      Temps:          2       0       0       0       0       0       0       0       0
  9206 ;;      Totals:         2       0       0       0       0       0       0       0       0
  9207 ;;Total ram usage:        2 bytes
  9208 ;; Hardware stack levels used: 1
  9209 ;; Hardware stack levels required when called: 1
  9210 ;; This function calls:
  9211 ;;		i2_LED_Off
  9212 ;;		i2_LED_On
  9213 ;; This function is called by:
  9214 ;;		_USER_USB_CALLBACK_EVENT_HANDLER
  9215 ;; This function uses a non-reentrant model
  9216 ;;
  9217                           
  9218                           	psect	text40
  9219   001598                     __ptext40:
  9220                           	callstack 0
  9221   001598                     _APP_LEDUpdateUSBStatus:
  9222                           	callstack 23
  9223   001598                     
  9224                           ;app_led_usb_status.c: 51:     static uint16_t ledCount = 0;;app_led_usb_status.c: 53:  
      +                             if(UCONbits.SUSPND == 1)
  9225   001598  A26D               	btfss	109,1,c	;volatile
  9226   00159A  EFD1  F00A         	goto	i2u194_41
  9227   00159E  EFD3  F00A         	goto	i2u194_40
  9228   0015A2                     i2u194_41:
  9229   0015A2  EF32  F00B         	goto	i2l3377
  9230   0015A6                     i2u194_40:
  9231   0015A6                     
  9232                           ;app_led_usb_status.c: 54:     {;app_led_usb_status.c: 55:         LED_Off(LED_D1);
  9233   0015A6  0E01               	movlw	1
  9234   0015A8  EC8D  F010         	call	i2_LED_Off
  9235   0015AC  EF45  F00B         	goto	i2l144
  9236   0015B0                     i2l3351:
  9237                           
  9238                           ;app_led_usb_status.c: 64:             if(ledCount == 1)
  9239   0015B0  041D               	decf	APP_LEDUpdateUSBStatus@ledCount^0,w,c
  9240   0015B2  101E               	iorwf	(APP_LEDUpdateUSBStatus@ledCount+1)^0,w,c
  9241   0015B4  A4D8               	btfss	status,2,c
  9242   0015B6  EFDF  F00A         	goto	i2u195_41
  9243   0015BA  EFE1  F00A         	goto	i2u195_40
  9244   0015BE                     i2u195_41:
  9245   0015BE  EFE6  F00A         	goto	i2l3355
  9246   0015C2                     i2u195_40:
  9247   0015C2                     
  9248                           ;app_led_usb_status.c: 65:             {;app_led_usb_status.c: 66:                 LED_O
      +                          n(LED_D1);
  9249   0015C2  0E01               	movlw	1
  9250   0015C4  EC5C  F010         	call	i2_LED_On
  9251                           
  9252                           ;app_led_usb_status.c: 67:             }
  9253   0015C8  EF43  F00B         	goto	i2l3379
  9254   0015CC                     i2l3355:
  9255   0015CC  0E4B               	movlw	75
  9256   0015CE  181D               	xorwf	APP_LEDUpdateUSBStatus@ledCount^0,w,c
  9257   0015D0  101E               	iorwf	(APP_LEDUpdateUSBStatus@ledCount+1)^0,w,c
  9258   0015D2  A4D8               	btfss	status,2,c
  9259   0015D4  EFEE  F00A         	goto	i2u196_41
  9260   0015D8  EFF0  F00A         	goto	i2u196_40
  9261   0015DC                     i2u196_41:
  9262   0015DC  EFF5  F00A         	goto	i2l3359
  9263   0015E0                     i2u196_40:
  9264   0015E0                     
  9265                           ;app_led_usb_status.c: 69:             {;app_led_usb_status.c: 70:                 LED_O
      +                          ff(LED_D1);
  9266   0015E0  0E01               	movlw	1
  9267   0015E2  EC8D  F010         	call	i2_LED_Off
  9268                           
  9269                           ;app_led_usb_status.c: 71:             }
  9270   0015E6  EF43  F00B         	goto	i2l3379
  9271   0015EA                     i2l3359:
  9272   0015EA  501E               	movf	(APP_LEDUpdateUSBStatus@ledCount+1)^0,w,c
  9273   0015EC  E109               	bnz	i2u197_40
  9274   0015EE  0E97               	movlw	151
  9275   0015F0  5C1D               	subwf	APP_LEDUpdateUSBStatus@ledCount^0,w,c
  9276   0015F2  A0D8               	btfss	status,0,c
  9277   0015F4  EFFE  F00A         	goto	i2u197_41
  9278   0015F8  EF00  F00B         	goto	i2u197_40
  9279   0015FC                     i2u197_41:
  9280   0015FC  EF06  F00B         	goto	i2l148
  9281   001600                     i2u197_40:
  9282   001600                     i2l3361:
  9283                           
  9284                           ;app_led_usb_status.c: 73:             {;app_led_usb_status.c: 74:                 ledCo
      +                          unt = 0;
  9285   001600  0E00               	movlw	0
  9286   001602  6E1E               	movwf	(APP_LEDUpdateUSBStatus@ledCount+1)^0,c
  9287   001604  0E00               	movlw	0
  9288   001606  6E1D               	movwf	APP_LEDUpdateUSBStatus@ledCount^0,c
  9289   001608  EF43  F00B         	goto	i2l3379
  9290   00160C                     i2l148:
  9291                           
  9292                           ;app_led_usb_status.c: 76:             break;
  9293   00160C  EF43  F00B         	goto	i2l3379
  9294   001610                     i2l3363:
  9295                           
  9296                           ;app_led_usb_status.c: 81:             if(ledCount == 1)
  9297   001610  041D               	decf	APP_LEDUpdateUSBStatus@ledCount^0,w,c
  9298   001612  101E               	iorwf	(APP_LEDUpdateUSBStatus@ledCount+1)^0,w,c
  9299   001614  A4D8               	btfss	status,2,c
  9300   001616  EF0F  F00B         	goto	i2u198_41
  9301   00161A  EF11  F00B         	goto	i2u198_40
  9302   00161E                     i2u198_41:
  9303   00161E  EF16  F00B         	goto	i2l3367
  9304   001622                     i2u198_40:
  9305   001622                     
  9306                           ;app_led_usb_status.c: 82:             {;app_led_usb_status.c: 83:                 LED_O
      +                          n(LED_D1);
  9307   001622  0E01               	movlw	1
  9308   001624  EC5C  F010         	call	i2_LED_On
  9309                           
  9310                           ;app_led_usb_status.c: 84:             }
  9311   001628  EF43  F00B         	goto	i2l3379
  9312   00162C                     i2l3367:
  9313   00162C  0E32               	movlw	50
  9314   00162E  181D               	xorwf	APP_LEDUpdateUSBStatus@ledCount^0,w,c
  9315   001630  101E               	iorwf	(APP_LEDUpdateUSBStatus@ledCount+1)^0,w,c
  9316   001632  A4D8               	btfss	status,2,c
  9317   001634  EF1E  F00B         	goto	i2u199_41
  9318   001638  EF20  F00B         	goto	i2u199_40
  9319   00163C                     i2u199_41:
  9320   00163C  EF25  F00B         	goto	i2l3371
  9321   001640                     i2u199_40:
  9322   001640                     
  9323                           ;app_led_usb_status.c: 86:             {;app_led_usb_status.c: 87:                 LED_O
      +                          ff(LED_D1);
  9324   001640  0E01               	movlw	1
  9325   001642  EC8D  F010         	call	i2_LED_Off
  9326                           
  9327                           ;app_led_usb_status.c: 88:             }
  9328   001646  EF43  F00B         	goto	i2l3379
  9329   00164A                     i2l3371:
  9330   00164A  0EB7               	movlw	183
  9331   00164C  5C1D               	subwf	APP_LEDUpdateUSBStatus@ledCount^0,w,c
  9332   00164E  0E03               	movlw	3
  9333   001650  581E               	subwfb	(APP_LEDUpdateUSBStatus@ledCount+1)^0,w,c
  9334   001652  A0D8               	btfss	status,0,c
  9335   001654  EF2E  F00B         	goto	i2u200_41
  9336   001658  EF30  F00B         	goto	i2u200_40
  9337   00165C                     i2u200_41:
  9338   00165C  EF43  F00B         	goto	i2l3379
  9339   001660                     i2u200_40:
  9340   001660  EF00  F00B         	goto	i2l3361
  9341   001664                     i2l3377:
  9342   001664  502C               	movf	_USBDeviceState^0,w,c	;volatile
  9343   001666  6E33               	movwf	??_APP_LEDUpdateUSBStatus^0,c
  9344   001668  6A34               	clrf	(??_APP_LEDUpdateUSBStatus+1)^0,c
  9345                           
  9346                           ; Switch on 2 bytes has been partitioned into a top level switch of size 1, and 1 sub-sw
      +                          itches
  9347                           ; Switch size 1, requested type "simple"
  9348                           ; Number of cases is 1, Range of values is 0 to 0
  9349                           ; switch strategies available:
  9350                           ; Name         Instructions Cycles
  9351                           ; simple_byte            4     3 (average)
  9352                           ;	Chosen strategy is simple_byte
  9353   00166A  5034               	movf	(??_APP_LEDUpdateUSBStatus+1)^0,w,c
  9354   00166C  0A00               	xorlw	0	; case 0
  9355   00166E  B4D8               	btfsc	status,2,c
  9356   001670  EF3C  F00B         	goto	i2l5593
  9357   001674  EF08  F00B         	goto	i2l3363
  9358   001678                     i2l5593:
  9359                           
  9360                           ; Switch size 1, requested type "simple"
  9361                           ; Number of cases is 1, Range of values is 32 to 32
  9362                           ; switch strategies available:
  9363                           ; Name         Instructions Cycles
  9364                           ; simple_byte            4     3 (average)
  9365                           ;	Chosen strategy is simple_byte
  9366   001678  5033               	movf	??_APP_LEDUpdateUSBStatus^0,w,c
  9367   00167A  0A20               	xorlw	32	; case 32
  9368   00167C  B4D8               	btfsc	status,2,c
  9369   00167E  EFD8  F00A         	goto	i2l3351
  9370   001682  EF08  F00B         	goto	i2l3363
  9371   001686                     i2l3379:
  9372                           
  9373                           ;app_led_usb_status.c: 97:     ledCount++;
  9374   001686  4A1D               	infsnz	APP_LEDUpdateUSBStatus@ledCount^0,f,c
  9375   001688  2A1E               	incf	(APP_LEDUpdateUSBStatus@ledCount+1)^0,f,c
  9376   00168A                     i2l144:
  9377   00168A  0012               	return		;funcret
  9378   00168C                     __end_of_APP_LEDUpdateUSBStatus:
  9379                           	callstack 0
  9380                           
  9381 ;; *************** function _APP_KeyboardInit *****************
  9382 ;; Defined at:
  9383 ;;		line 331 in file "app_device_keyboard.c"
  9384 ;; Parameters:    Size  Location     Type
  9385 ;;		None
  9386 ;; Auto vars:     Size  Location     Type
  9387 ;;		None
  9388 ;; Return value:  Size  Location     Type
  9389 ;;                  1    wreg      void 
  9390 ;; Registers used:
  9391 ;;		wreg, fsr2l, fsr2h, status,2, status,0, prodl, prodh, cstack
  9392 ;; Tracked objects:
  9393 ;;		On entry : 0/0
  9394 ;;		On exit  : 0/0
  9395 ;;		Unchanged: 0/0
  9396 ;; Data sizes:     COMRAM   BANK0   BANK1   BANK2   BANK3  BANK4h  BANK5h   BANK6   BANK7
  9397 ;;      Params:         0       0       0       0       0       0       0       0       0
  9398 ;;      Locals:         0       0       0       0       0       0       0       0       0
  9399 ;;      Temps:          0       0       0       0       0       0       0       0       0
  9400 ;;      Totals:         0       0       0       0       0       0       0       0       0
  9401 ;;Total ram usage:        0 bytes
  9402 ;; Hardware stack levels used: 1
  9403 ;; Hardware stack levels required when called: 2
  9404 ;; This function calls:
  9405 ;;		_ENCODER_Initialize
  9406 ;;		_USBEnableEndpoint
  9407 ;;		i2_USBTransferOnePacket
  9408 ;; This function is called by:
  9409 ;;		_USER_USB_CALLBACK_EVENT_HANDLER
  9410 ;; This function uses a non-reentrant model
  9411 ;;
  9412                           
  9413                           	psect	text41
  9414   001D62                     __ptext41:
  9415                           	callstack 0
  9416   001D62                     _APP_KeyboardInit:
  9417                           	callstack 22
  9418   001D62                     
  9419                           ;app_device_keyboard.c: 335:     keyboard.lastINTransmission = 0;
  9420   001D62  0E00               	movlw	0
  9421   001D64  0100               	movlb	0	; () banked
  9422   001D66  6F6F               	movwf	_keyboard& (0+255),b
  9423   001D68  0E00               	movlw	0
  9424   001D6A  6F70               	movwf	(_keyboard+1)& (0+255),b
  9425                           
  9426                           ;app_device_keyboard.c: 336:     lastConsumerTransmission = 0;
  9427   001D6C  0E00               	movlw	0
  9428   001D6E  6F7B               	movwf	_lastConsumerTransmission& (0+255),b
  9429   001D70  0E00               	movlw	0
  9430   001D72  6F7C               	movwf	(_lastConsumerTransmission+1)& (0+255),b
  9431   001D74                     
  9432                           ; BSR set to: 0
  9433                           ;app_device_keyboard.c: 338:     keyboard.key = 4;
  9434   001D74  0E04               	movlw	4
  9435   001D76  6F73               	movwf	(_keyboard+4)& (0+255),b
  9436   001D78                     
  9437                           ; BSR set to: 0
  9438                           ;app_device_keyboard.c: 339:     keyboard.waitingForRelease = 0;
  9439   001D78  6B74               	clrf	(_keyboard+5)& (0+255),b
  9440   001D7A                     
  9441                           ; BSR set to: 0
  9442                           ;app_device_keyboard.c: 340:     consumerWaitingForRelease = 0;
  9443   001D7A  6B8B               	clrf	_consumerWaitingForRelease& (0+255),b
  9444   001D7C                     
  9445                           ; BSR set to: 0
  9446                           ;app_device_keyboard.c: 342:     consumer.key = 0;
  9447   001D7C  6B6D               	clrf	(_consumer+4)& (0+255),b
  9448   001D7E                     
  9449                           ; BSR set to: 0
  9450                           ;app_device_keyboard.c: 343:     consumer.waitingForRelease = 0;
  9451   001D7E  6B6E               	clrf	(_consumer+5)& (0+255),b
  9452   001D80                     
  9453                           ; BSR set to: 0
  9454                           ;app_device_keyboard.c: 346:     keyboardIdleRate = 0;
  9455   001D80  0E00               	movlw	0
  9456   001D82  6F82               	movwf	(_keyboardIdleRate+1)& (0+255),b
  9457   001D84  0E00               	movlw	0
  9458   001D86  6F81               	movwf	_keyboardIdleRate& (0+255),b
  9459                           
  9460                           ;app_device_keyboard.c: 351:     while(OldSOFCount != SOFCounter)
  9461   001D88  EFCA  F00E         	goto	i2l3339
  9462   001D8C                     i2l76:
  9463                           
  9464                           ; BSR set to: 0
  9465                           ;app_device_keyboard.c: 352:     {;app_device_keyboard.c: 353:         OldSOFCount = SOF
      +                          Counter;
  9466   001D8C  C085  F07D         	movff	_SOFCounter,_OldSOFCount	;volatile
  9467   001D90  C086  F07E         	movff	_SOFCounter+1,_OldSOFCount+1	;volatile
  9468   001D94                     i2l3339:
  9469                           
  9470                           ; BSR set to: 0
  9471                           ;app_device_keyboard.c: 351:     while(OldSOFCount != SOFCounter)
  9472   001D94  5185               	movf	_SOFCounter& (0+255),w,b	;volatile
  9473   001D96  197D               	xorwf	_OldSOFCount& (0+255),w,b
  9474   001D98  E107               	bnz	i2u193_41
  9475   001D9A  5186               	movf	(_SOFCounter+1)& (0+255),w,b	;volatile
  9476   001D9C  197E               	xorwf	(_OldSOFCount+1)& (0+255),w,b
  9477   001D9E  A4D8               	btfss	status,2,c
  9478   001DA0  EFD4  F00E         	goto	i2u193_41
  9479   001DA4  EFD6  F00E         	goto	i2u193_40
  9480   001DA8                     i2u193_41:
  9481   001DA8  EFC6  F00E         	goto	i2l76
  9482   001DAC                     i2u193_40:
  9483   001DAC                     
  9484                           ; BSR set to: 0
  9485                           ;app_device_keyboard.c: 357:     USBEnableEndpoint(1, 0x02|0x04|0x10|0x08);
  9486   001DAC  0E1E               	movlw	30
  9487   001DAE  6E3A               	movwf	USBEnableEndpoint@options^0,c
  9488   001DB0  0E01               	movlw	1
  9489   001DB2  EC68  F011         	call	_USBEnableEndpoint
  9490                           
  9491                           ;app_device_keyboard.c: 360:     keyboard.lastOUTTransmission = USBTransferOnePacket(1,0
      +                          ,(uint8_t*)&outputReport,sizeof(outputReport));
  9492   001DB6  0E00               	movlw	0
  9493   001DB8  6E30               	movwf	i2USBTransferOnePacket@dir^0,c
  9494   001DBA  0E09               	movlw	9
  9495   001DBC  6E31               	movwf	i2USBTransferOnePacket@data^0,c
  9496   001DBE  0E05               	movlw	5
  9497   001DC0  6E32               	movwf	(i2USBTransferOnePacket@data+1)^0,c
  9498   001DC2  0E01               	movlw	1
  9499   001DC4  6E33               	movwf	i2USBTransferOnePacket@len^0,c
  9500   001DC6  0E01               	movlw	1
  9501   001DC8  EC1D  F008         	call	i2_USBTransferOnePacket
  9502   001DCC  C030  F071         	movff	?i2_USBTransferOnePacket,_keyboard+2
  9503   001DD0  C031  F072         	movff	?i2_USBTransferOnePacket+1,_keyboard+3
  9504   001DD4                     
  9505                           ;app_device_keyboard.c: 363:     ENCODER_Initialize();
  9506   001DD4  EC19  F012         	call	_ENCODER_Initialize	;wreg free
  9507   001DD8  0012               	return		;funcret
  9508   001DDA                     __end_of_APP_KeyboardInit:
  9509                           	callstack 0
  9510                           
  9511 ;; *************** function i2_USBTransferOnePacket *****************
  9512 ;; Defined at:
  9513 ;;		line 999 in file "usb_device.c"
  9514 ;; Parameters:    Size  Location     Type
  9515 ;;  ep              1    wreg     unsigned char 
  9516 ;;  dir             1    0[COMRAM] unsigned char 
  9517 ;;  data            2    1[COMRAM] PTR unsigned char 
  9518 ;;		 -> consumerReport(2), inputReport(9), outputReport(1), 
  9519 ;;  len             1    3[COMRAM] unsigned char 
  9520 ;; Auto vars:     Size  Location     Type
  9521 ;;  ep              1    8[COMRAM] unsigned char 
  9522 ;;  handle          2    9[COMRAM] PTR volatile struct __BD
  9523 ;;		 -> RAM(2047), BDT(32), NULL(0), 
  9524 ;; Return value:  Size  Location     Type
  9525 ;;                  2    0[COMRAM] PTR void 
  9526 ;; Registers used:
  9527 ;;		wreg, fsr2l, fsr2h, status,2, status,0, prodl, prodh
  9528 ;; Tracked objects:
  9529 ;;		On entry : 0/0
  9530 ;;		On exit  : 0/0
  9531 ;;		Unchanged: 0/0
  9532 ;; Data sizes:     COMRAM   BANK0   BANK1   BANK2   BANK3  BANK4h  BANK5h   BANK6   BANK7
  9533 ;;      Params:         4       0       0       0       0       0       0       0       0
  9534 ;;      Locals:         3       0       0       0       0       0       0       0       0
  9535 ;;      Temps:          4       0       0       0       0       0       0       0       0
  9536 ;;      Totals:        11       0       0       0       0       0       0       0       0
  9537 ;;Total ram usage:       11 bytes
  9538 ;; Hardware stack levels used: 1
  9539 ;; This function calls:
  9540 ;;		Nothing
  9541 ;; This function is called by:
  9542 ;;		_APP_KeyboardInit
  9543 ;; This function uses a non-reentrant model
  9544 ;;
  9545                           
  9546                           	psect	text42
  9547   00103A                     __ptext42:
  9548                           	callstack 0
  9549   00103A                     i2_USBTransferOnePacket:
  9550                           	callstack 23
  9551                           
  9552                           ;incstack = 0
  9553                           ;i2USBTransferOnePacket@ep stored from wreg
  9554   00103A  6E38               	movwf	i2USBTransferOnePacket@ep^0,c
  9555   00103C                     
  9556                           ;usb_device.c: 999: void* USBTransferOnePacket(uint8_t ep,uint8_t dir,uint8_t* data,uint
      +                          8_t len);usb_device.c: 1000: {;usb_device.c: 1001:     volatile BDT_ENTRY* handle;;usb_d
      +                          evice.c: 1004:     if(dir != 0)
  9557   00103C  5030               	movf	i2USBTransferOnePacket@dir^0,w,c
  9558   00103E  B4D8               	btfsc	status,2,c
  9559   001040  EF24  F008         	goto	i2u190_41
  9560   001044  EF26  F008         	goto	i2u190_40
  9561   001048                     i2u190_41:
  9562   001048  EF32  F008         	goto	i2l3299
  9563   00104C                     i2u190_40:
  9564   00104C                     
  9565                           ;usb_device.c: 1005:     {;usb_device.c: 1007:         handle = pBDTEntryIn[ep];
  9566   00104C  5038               	movf	i2USBTransferOnePacket@ep^0,w,c
  9567   00104E  0D02               	mullw	2
  9568   001050  50F3               	movf	243,w,c
  9569   001052  0F0D               	addlw	low _pBDTEntryIn
  9570   001054  6ED9               	movwf	fsr2l,c
  9571   001056  6ADA               	clrf	fsr2h,c
  9572   001058  CFDE F039          	movff	postinc2,i2USBTransferOnePacket@handle
  9573   00105C  CFDD F03A          	movff	postdec2,i2USBTransferOnePacket@handle+1
  9574                           
  9575                           ;usb_device.c: 1008:     }
  9576   001060  EF3C  F008         	goto	i2l3301
  9577   001064                     i2l3299:
  9578                           
  9579                           ;usb_device.c: 1010:     {;usb_device.c: 1012:         handle = pBDTEntryOut[ep];
  9580   001064  5038               	movf	i2USBTransferOnePacket@ep^0,w,c
  9581   001066  0D02               	mullw	2
  9582   001068  50F3               	movf	243,w,c
  9583   00106A  0F11               	addlw	low _pBDTEntryOut
  9584   00106C  6ED9               	movwf	fsr2l,c
  9585   00106E  6ADA               	clrf	fsr2h,c
  9586   001070  CFDE F039          	movff	postinc2,i2USBTransferOnePacket@handle
  9587   001074  CFDD F03A          	movff	postdec2,i2USBTransferOnePacket@handle+1
  9588   001078                     i2l3301:
  9589                           
  9590                           ;usb_device.c: 1017:     if(handle == 0)
  9591   001078  5039               	movf	i2USBTransferOnePacket@handle^0,w,c
  9592   00107A  103A               	iorwf	(i2USBTransferOnePacket@handle+1)^0,w,c
  9593   00107C  A4D8               	btfss	status,2,c
  9594   00107E  EF43  F008         	goto	i2u191_41
  9595   001082  EF45  F008         	goto	i2u191_40
  9596   001086                     i2u191_41:
  9597   001086  EF4B  F008         	goto	i2l3307
  9598   00108A                     i2u191_40:
  9599   00108A                     
  9600                           ;usb_device.c: 1018:     {;usb_device.c: 1019:         return 0;
  9601   00108A  0E00               	movlw	0
  9602   00108C  6E30               	movwf	?i2_USBTransferOnePacket^0,c
  9603   00108E  0E00               	movlw	0
  9604   001090  6E31               	movwf	(?i2_USBTransferOnePacket+1)^0,c
  9605   001092  EFAF  F008         	goto	i2l448
  9606   001096                     i2l3307:
  9607                           
  9608                           ;usb_device.c: 1033:     handle->ADR = ((uint16_t)(data));
  9609   001096  EE20 F002          	lfsr	2,2
  9610   00109A  5039               	movf	i2USBTransferOnePacket@handle^0,w,c
  9611   00109C  26D9               	addwf	fsr2l,f,c
  9612   00109E  503A               	movf	(i2USBTransferOnePacket@handle+1)^0,w,c
  9613   0010A0  22DA               	addwfc	fsr2h,f,c
  9614   0010A2  C031  FFDE         	movff	i2USBTransferOnePacket@data,postinc2
  9615   0010A6  C032  FFDD         	movff	i2USBTransferOnePacket@data+1,postdec2
  9616                           
  9617                           ;usb_device.c: 1034:     handle->CNT = len;
  9618   0010AA  EE20 F001          	lfsr	2,1
  9619   0010AE  5039               	movf	i2USBTransferOnePacket@handle^0,w,c
  9620   0010B0  26D9               	addwf	fsr2l,f,c
  9621   0010B2  503A               	movf	(i2USBTransferOnePacket@handle+1)^0,w,c
  9622   0010B4  22DA               	addwfc	fsr2h,f,c
  9623   0010B6  C033  FFDF         	movff	i2USBTransferOnePacket@len,indf2
  9624   0010BA                     
  9625                           ;usb_device.c: 1035:     handle->STAT.Val &= 0x40;
  9626   0010BA  C039  FFD9         	movff	i2USBTransferOnePacket@handle,fsr2l
  9627   0010BE  C03A  FFDA         	movff	i2USBTransferOnePacket@handle+1,fsr2h
  9628   0010C2  0E40               	movlw	64
  9629   0010C4  16DF               	andwf	indf2,f,c
  9630   0010C6                     
  9631                           ;usb_device.c: 1036:     handle->STAT.Val |= (0x08 & 0x08);
  9632   0010C6  C039  FFD9         	movff	i2USBTransferOnePacket@handle,fsr2l
  9633   0010CA  C03A  FFDA         	movff	i2USBTransferOnePacket@handle+1,fsr2h
  9634   0010CE  0E00               	movlw	0
  9635   0010D0  86DB               	bsf	plusw2,3,c
  9636   0010D2                     
  9637                           ;usb_device.c: 1037:     handle->STAT.Val |= 0x80;
  9638   0010D2  C039  FFD9         	movff	i2USBTransferOnePacket@handle,fsr2l
  9639   0010D6  C03A  FFDA         	movff	i2USBTransferOnePacket@handle+1,fsr2h
  9640   0010DA  0E00               	movlw	0
  9641   0010DC  8EDB               	bsf	plusw2,7,c
  9642   0010DE                     
  9643                           ;usb_device.c: 1040:     if(dir != 0)
  9644   0010DE  5030               	movf	i2USBTransferOnePacket@dir^0,w,c
  9645   0010E0  B4D8               	btfsc	status,2,c
  9646   0010E2  EF75  F008         	goto	i2u192_41
  9647   0010E6  EF77  F008         	goto	i2u192_40
  9648   0010EA                     i2u192_41:
  9649   0010EA  EF92  F008         	goto	i2l3319
  9650   0010EE                     i2u192_40:
  9651   0010EE                     
  9652                           ;usb_device.c: 1041:     {;usb_device.c: 1043:         pBDTEntryIn[ep] = (BDT_ENTRY*)(((
      +                          uint16_t)pBDTEntryIn[ep]) ^ 0x0004);
  9653   0010EE  5038               	movf	i2USBTransferOnePacket@ep^0,w,c
  9654   0010F0  0D02               	mullw	2
  9655   0010F2  50F3               	movf	243,w,c
  9656   0010F4  0F0D               	addlw	low _pBDTEntryIn
  9657   0010F6  6ED9               	movwf	fsr2l,c
  9658   0010F8  6ADA               	clrf	fsr2h,c
  9659   0010FA  CFDE F034          	movff	postinc2,??i2_USBTransferOnePacket
  9660   0010FE  CFDD F035          	movff	postdec2,??i2_USBTransferOnePacket+1
  9661   001102  0E04               	movlw	4
  9662   001104  1834               	xorwf	??i2_USBTransferOnePacket^0,w,c
  9663   001106  6E36               	movwf	(??i2_USBTransferOnePacket+2)^0,c
  9664   001108  5035               	movf	(??i2_USBTransferOnePacket+1)^0,w,c
  9665   00110A  6E37               	movwf	(??i2_USBTransferOnePacket+3)^0,c
  9666   00110C  5038               	movf	i2USBTransferOnePacket@ep^0,w,c
  9667   00110E  0D02               	mullw	2
  9668   001110  50F3               	movf	243,w,c
  9669   001112  0F0D               	addlw	low _pBDTEntryIn
  9670   001114  6ED9               	movwf	fsr2l,c
  9671   001116  6ADA               	clrf	fsr2h,c
  9672   001118  C036  FFDE         	movff	??i2_USBTransferOnePacket+2,postinc2
  9673   00111C  C037  FFDD         	movff	??i2_USBTransferOnePacket+3,postdec2
  9674                           
  9675                           ;usb_device.c: 1044:     }
  9676   001120  EFAB  F008         	goto	i2l3321
  9677   001124                     i2l3319:
  9678                           
  9679                           ;usb_device.c: 1046:     {;usb_device.c: 1048:         pBDTEntryOut[ep] = (BDT_ENTRY*)((
      +                          (uint16_t)pBDTEntryOut[ep]) ^ 0x0004);
  9680   001124  5038               	movf	i2USBTransferOnePacket@ep^0,w,c
  9681   001126  0D02               	mullw	2
  9682   001128  50F3               	movf	243,w,c
  9683   00112A  0F11               	addlw	low _pBDTEntryOut
  9684   00112C  6ED9               	movwf	fsr2l,c
  9685   00112E  6ADA               	clrf	fsr2h,c
  9686   001130  CFDE F034          	movff	postinc2,??i2_USBTransferOnePacket
  9687   001134  CFDD F035          	movff	postdec2,??i2_USBTransferOnePacket+1
  9688   001138  0E04               	movlw	4
  9689   00113A  1834               	xorwf	??i2_USBTransferOnePacket^0,w,c
  9690   00113C  6E36               	movwf	(??i2_USBTransferOnePacket+2)^0,c
  9691   00113E  5035               	movf	(??i2_USBTransferOnePacket+1)^0,w,c
  9692   001140  6E37               	movwf	(??i2_USBTransferOnePacket+3)^0,c
  9693   001142  5038               	movf	i2USBTransferOnePacket@ep^0,w,c
  9694   001144  0D02               	mullw	2
  9695   001146  50F3               	movf	243,w,c
  9696   001148  0F11               	addlw	low _pBDTEntryOut
  9697   00114A  6ED9               	movwf	fsr2l,c
  9698   00114C  6ADA               	clrf	fsr2h,c
  9699   00114E  C036  FFDE         	movff	??i2_USBTransferOnePacket+2,postinc2
  9700   001152  C037  FFDD         	movff	??i2_USBTransferOnePacket+3,postdec2
  9701   001156                     i2l3321:
  9702                           
  9703                           ;usb_device.c: 1050:     return (void*)handle;
  9704   001156  C039  F030         	movff	i2USBTransferOnePacket@handle,?i2_USBTransferOnePacket
  9705   00115A  C03A  F031         	movff	i2USBTransferOnePacket@handle+1,?i2_USBTransferOnePacket+1
  9706   00115E                     i2l448:
  9707   00115E  0012               	return		;funcret
  9708   001160                     __end_ofi2_USBTransferOnePacket:
  9709                           	callstack 0
  9710                           
  9711 ;; *************** function _USBEnableEndpoint *****************
  9712 ;; Defined at:
  9713 ;;		line 882 in file "usb_device.c"
  9714 ;; Parameters:    Size  Location     Type
  9715 ;;  ep              1    wreg     unsigned char 
  9716 ;;  options         1   10[COMRAM] unsigned char 
  9717 ;; Auto vars:     Size  Location     Type
  9718 ;;  ep              1   13[COMRAM] unsigned char 
  9719 ;;  p               2   11[COMRAM] PTR unsigned char 
  9720 ;;		 -> UEP0(1), 
  9721 ;; Return value:  Size  Location     Type
  9722 ;;                  1    wreg      void 
  9723 ;; Registers used:
  9724 ;;		wreg, fsr2l, fsr2h, status,2, status,0, prodl, prodh, cstack
  9725 ;; Tracked objects:
  9726 ;;		On entry : 0/0
  9727 ;;		On exit  : 0/0
  9728 ;;		Unchanged: 0/0
  9729 ;; Data sizes:     COMRAM   BANK0   BANK1   BANK2   BANK3  BANK4h  BANK5h   BANK6   BANK7
  9730 ;;      Params:         1       0       0       0       0       0       0       0       0
  9731 ;;      Locals:         3       0       0       0       0       0       0       0       0
  9732 ;;      Temps:          0       0       0       0       0       0       0       0       0
  9733 ;;      Totals:         4       0       0       0       0       0       0       0       0
  9734 ;;Total ram usage:        4 bytes
  9735 ;; Hardware stack levels used: 1
  9736 ;; Hardware stack levels required when called: 1
  9737 ;; This function calls:
  9738 ;;		_USBConfigureEndpoint
  9739 ;; This function is called by:
  9740 ;;		_APP_KeyboardInit
  9741 ;; This function uses a non-reentrant model
  9742 ;;
  9743                           
  9744                           	psect	text43
  9745   0022D0                     __ptext43:
  9746                           	callstack 0
  9747   0022D0                     _USBEnableEndpoint:
  9748                           	callstack 22
  9749                           
  9750                           ;incstack = 0
  9751                           ;USBEnableEndpoint@ep stored from wreg
  9752   0022D0  6E3D               	movwf	USBEnableEndpoint@ep^0,c
  9753   0022D2                     
  9754                           ;usb_device.c: 882: void USBEnableEndpoint(uint8_t ep, uint8_t options);usb_device.c: 88
      +                          3: {;usb_device.c: 884:     unsigned char* p;;usb_device.c: 888:     if(options & 0x04)
  9755   0022D2  A43A               	btfss	USBEnableEndpoint@options^0,2,c
  9756   0022D4  EF6E  F011         	goto	i2u185_41
  9757   0022D8  EF70  F011         	goto	i2u185_40
  9758   0022DC                     i2u185_41:
  9759   0022DC  EF75  F011         	goto	i2l3225
  9760   0022E0                     i2u185_40:
  9761   0022E0                     
  9762                           ;usb_device.c: 889:     {;usb_device.c: 890:         USBConfigureEndpoint(ep, 0);
  9763   0022E0  0E00               	movlw	0
  9764   0022E2  6E30               	movwf	USBConfigureEndpoint@direction^0,c
  9765   0022E4  503D               	movf	USBEnableEndpoint@ep^0,w,c
  9766   0022E6  EC1E  F00E         	call	_USBConfigureEndpoint
  9767   0022EA                     i2l3225:
  9768                           
  9769                           ;usb_device.c: 892:     if(options & 0x02)
  9770   0022EA  A23A               	btfss	USBEnableEndpoint@options^0,1,c
  9771   0022EC  EF7A  F011         	goto	i2u186_41
  9772   0022F0  EF7C  F011         	goto	i2u186_40
  9773   0022F4                     i2u186_41:
  9774   0022F4  EF81  F011         	goto	i2l3229
  9775   0022F8                     i2u186_40:
  9776   0022F8                     
  9777                           ;usb_device.c: 893:     {;usb_device.c: 894:         USBConfigureEndpoint(ep, 1);
  9778   0022F8  0E01               	movlw	1
  9779   0022FA  6E30               	movwf	USBConfigureEndpoint@direction^0,c
  9780   0022FC  503D               	movf	USBEnableEndpoint@ep^0,w,c
  9781   0022FE  EC1E  F00E         	call	_USBConfigureEndpoint
  9782   002302                     i2l3229:
  9783                           
  9784                           ;usb_device.c: 903:         p = (unsigned char*)(&UEP0+ep);
  9785   002302  0E70               	movlw	112
  9786   002304  243D               	addwf	USBEnableEndpoint@ep^0,w,c
  9787   002306  6E3B               	movwf	USBEnableEndpoint@p^0,c
  9788   002308  6A3C               	clrf	(USBEnableEndpoint@p+1)^0,c
  9789   00230A  0E0F               	movlw	15
  9790   00230C  223C               	addwfc	(USBEnableEndpoint@p+1)^0,f,c
  9791   00230E                     
  9792                           ;usb_device.c: 905:     *p = options;
  9793   00230E  C03B  FFD9         	movff	USBEnableEndpoint@p,fsr2l
  9794   002312  C03C  FFDA         	movff	USBEnableEndpoint@p+1,fsr2h
  9795   002316  C03A  FFDF         	movff	USBEnableEndpoint@options,indf2
  9796   00231A  0012               	return		;funcret
  9797   00231C                     __end_of_USBEnableEndpoint:
  9798                           	callstack 0
  9799                           
  9800 ;; *************** function _USBConfigureEndpoint *****************
  9801 ;; Defined at:
  9802 ;;		line 1547 in file "usb_device.c"
  9803 ;; Parameters:    Size  Location     Type
  9804 ;;  EPNum           1    wreg     unsigned char 
  9805 ;;  direction       1    0[COMRAM] unsigned char 
  9806 ;; Auto vars:     Size  Location     Type
  9807 ;;  EPNum           1    7[COMRAM] unsigned char 
  9808 ;;  handle          2    8[COMRAM] PTR volatile struct __BD
  9809 ;;		 -> BDT(32), 
  9810 ;; Return value:  Size  Location     Type
  9811 ;;                  1    wreg      void 
  9812 ;; Registers used:
  9813 ;;		wreg, fsr2l, fsr2h, status,2, status,0, prodl, prodh
  9814 ;; Tracked objects:
  9815 ;;		On entry : 0/0
  9816 ;;		On exit  : 0/0
  9817 ;;		Unchanged: 0/0
  9818 ;; Data sizes:     COMRAM   BANK0   BANK1   BANK2   BANK3  BANK4h  BANK5h   BANK6   BANK7
  9819 ;;      Params:         1       0       0       0       0       0       0       0       0
  9820 ;;      Locals:         3       0       0       0       0       0       0       0       0
  9821 ;;      Temps:          6       0       0       0       0       0       0       0       0
  9822 ;;      Totals:        10       0       0       0       0       0       0       0       0
  9823 ;;Total ram usage:       10 bytes
  9824 ;; Hardware stack levels used: 1
  9825 ;; This function calls:
  9826 ;;		Nothing
  9827 ;; This function is called by:
  9828 ;;		_USBEnableEndpoint
  9829 ;; This function uses a non-reentrant model
  9830 ;;
  9831                           
  9832                           	psect	text44
  9833   001C3C                     __ptext44:
  9834                           	callstack 0
  9835   001C3C                     _USBConfigureEndpoint:
  9836                           	callstack 22
  9837                           
  9838                           ;incstack = 0
  9839                           ;USBConfigureEndpoint@EPNum stored from wreg
  9840   001C3C  6E37               	movwf	USBConfigureEndpoint@EPNum^0,c
  9841   001C3E                     
  9842                           ;usb_device.c: 1547: static void USBConfigureEndpoint(uint8_t EPNum, uint8_t direction);
      +                          usb_device.c: 1548: {;usb_device.c: 1549:     volatile BDT_ENTRY* handle;;usb_device.c: 
      +                          1553:     handle = (volatile BDT_ENTRY*)&BDT[0];
  9843   001C3E  0E00               	movlw	0
  9844   001C40  6E38               	movwf	USBConfigureEndpoint@handle^0,c
  9845   001C42  0E04               	movlw	4
  9846   001C44  6E39               	movwf	(USBConfigureEndpoint@handle+1)^0,c
  9847   001C46                     
  9848                           ;usb_device.c: 1554:     handle += (4*EPNum+2*direction+0u);
  9849   001C46  5030               	movf	USBConfigureEndpoint@direction^0,w,c
  9850   001C48  6E31               	movwf	??_USBConfigureEndpoint^0,c
  9851   001C4A  6A32               	clrf	(??_USBConfigureEndpoint+1)^0,c
  9852   001C4C  90D8               	bcf	status,0,c
  9853   001C4E  3631               	rlcf	??_USBConfigureEndpoint^0,f,c
  9854   001C50  3632               	rlcf	(??_USBConfigureEndpoint+1)^0,f,c
  9855   001C52  5037               	movf	USBConfigureEndpoint@EPNum^0,w,c
  9856   001C54  6E33               	movwf	(??_USBConfigureEndpoint+2)^0,c
  9857   001C56  6A34               	clrf	(??_USBConfigureEndpoint+3)^0,c
  9858   001C58  90D8               	bcf	status,0,c
  9859   001C5A  3633               	rlcf	(??_USBConfigureEndpoint+2)^0,f,c
  9860   001C5C  3634               	rlcf	(??_USBConfigureEndpoint+3)^0,f,c
  9861   001C5E  90D8               	bcf	status,0,c
  9862   001C60  3633               	rlcf	(??_USBConfigureEndpoint+2)^0,f,c
  9863   001C62  3634               	rlcf	(??_USBConfigureEndpoint+3)^0,f,c
  9864   001C64  5031               	movf	??_USBConfigureEndpoint^0,w,c
  9865   001C66  2433               	addwf	(??_USBConfigureEndpoint+2)^0,w,c
  9866   001C68  6E35               	movwf	(??_USBConfigureEndpoint+4)^0,c
  9867   001C6A  5032               	movf	(??_USBConfigureEndpoint+1)^0,w,c
  9868   001C6C  2034               	addwfc	(??_USBConfigureEndpoint+3)^0,w,c
  9869   001C6E  6E36               	movwf	(??_USBConfigureEndpoint+5)^0,c
  9870   001C70  90D8               	bcf	status,0,c
  9871   001C72  3635               	rlcf	(??_USBConfigureEndpoint+4)^0,f,c
  9872   001C74  3636               	rlcf	(??_USBConfigureEndpoint+5)^0,f,c
  9873   001C76  90D8               	bcf	status,0,c
  9874   001C78  3635               	rlcf	(??_USBConfigureEndpoint+4)^0,f,c
  9875   001C7A  3636               	rlcf	(??_USBConfigureEndpoint+5)^0,f,c
  9876   001C7C  5035               	movf	(??_USBConfigureEndpoint+4)^0,w,c
  9877   001C7E  2638               	addwf	USBConfigureEndpoint@handle^0,f,c
  9878   001C80  5036               	movf	(??_USBConfigureEndpoint+5)^0,w,c
  9879   001C82  2239               	addwfc	(USBConfigureEndpoint@handle+1)^0,f,c
  9880   001C84                     
  9881                           ;usb_device.c: 1556:     handle->STAT.UOWN = 0;
  9882   001C84  C038  FFD9         	movff	USBConfigureEndpoint@handle,fsr2l
  9883   001C88  C039  FFDA         	movff	USBConfigureEndpoint@handle+1,fsr2h
  9884   001C8C  9EDF               	bcf	indf2,7,c
  9885   001C8E                     
  9886                           ;usb_device.c: 1561:     if(direction == 0)
  9887   001C8E  5030               	movf	USBConfigureEndpoint@direction^0,w,c
  9888   001C90  A4D8               	btfss	status,2,c
  9889   001C92  EF4D  F00E         	goto	i2u184_41
  9890   001C96  EF4F  F00E         	goto	i2u184_40
  9891   001C9A                     i2u184_41:
  9892   001C9A  EF5B  F00E         	goto	i2l3215
  9893   001C9E                     i2u184_40:
  9894   001C9E                     
  9895                           ;usb_device.c: 1562:     {;usb_device.c: 1563:         pBDTEntryOut[EPNum] = handle;
  9896   001C9E  5037               	movf	USBConfigureEndpoint@EPNum^0,w,c
  9897   001CA0  0D02               	mullw	2
  9898   001CA2  50F3               	movf	243,w,c
  9899   001CA4  0F11               	addlw	low _pBDTEntryOut
  9900   001CA6  6ED9               	movwf	fsr2l,c
  9901   001CA8  6ADA               	clrf	fsr2h,c
  9902   001CAA  C038  FFDE         	movff	USBConfigureEndpoint@handle,postinc2
  9903   001CAE  C039  FFDD         	movff	USBConfigureEndpoint@handle+1,postdec2
  9904                           
  9905                           ;usb_device.c: 1564:     }
  9906   001CB2  EF65  F00E         	goto	i2l3217
  9907   001CB6                     i2l3215:
  9908                           
  9909                           ;usb_device.c: 1566:     {;usb_device.c: 1567:         pBDTEntryIn[EPNum] = handle;
  9910   001CB6  5037               	movf	USBConfigureEndpoint@EPNum^0,w,c
  9911   001CB8  0D02               	mullw	2
  9912   001CBA  50F3               	movf	243,w,c
  9913   001CBC  0F0D               	addlw	low _pBDTEntryIn
  9914   001CBE  6ED9               	movwf	fsr2l,c
  9915   001CC0  6ADA               	clrf	fsr2h,c
  9916   001CC2  C038  FFDE         	movff	USBConfigureEndpoint@handle,postinc2
  9917   001CC6  C039  FFDD         	movff	USBConfigureEndpoint@handle+1,postdec2
  9918   001CCA                     i2l3217:
  9919                           
  9920                           ;usb_device.c: 1571:         handle->STAT.DTS = 0;
  9921   001CCA  C038  FFD9         	movff	USBConfigureEndpoint@handle,fsr2l
  9922   001CCE  C039  FFDA         	movff	USBConfigureEndpoint@handle+1,fsr2h
  9923   001CD2  9CDF               	bcf	indf2,6,c
  9924   001CD4                     
  9925                           ;usb_device.c: 1572:         (handle+1)->STAT.DTS = 1;
  9926   001CD4  EE20 F004          	lfsr	2,4
  9927   001CD8  5038               	movf	USBConfigureEndpoint@handle^0,w,c
  9928   001CDA  26D9               	addwf	fsr2l,f,c
  9929   001CDC  5039               	movf	(USBConfigureEndpoint@handle+1)^0,w,c
  9930   001CDE  22DA               	addwfc	fsr2h,f,c
  9931   001CE0  8CDF               	bsf	indf2,6,c
  9932   001CE2  0012               	return		;funcret
  9933   001CE4                     __end_of_USBConfigureEndpoint:
  9934                           	callstack 0
  9935                           
  9936 ;; *************** function _ENCODER_Initialize *****************
  9937 ;; Defined at:
  9938 ;;		line 92 in file "encoder.c"
  9939 ;; Parameters:    Size  Location     Type
  9940 ;;		None
  9941 ;; Auto vars:     Size  Location     Type
  9942 ;;		None
  9943 ;; Return value:  Size  Location     Type
  9944 ;;                  1    wreg      void 
  9945 ;; Registers used:
  9946 ;;		wreg, status,2, status,0
  9947 ;; Tracked objects:
  9948 ;;		On entry : 0/0
  9949 ;;		On exit  : 0/0
  9950 ;;		Unchanged: 0/0
  9951 ;; Data sizes:     COMRAM   BANK0   BANK1   BANK2   BANK3  BANK4h  BANK5h   BANK6   BANK7
  9952 ;;      Params:         0       0       0       0       0       0       0       0       0
  9953 ;;      Locals:         0       0       0       0       0       0       0       0       0
  9954 ;;      Temps:          2       0       0       0       0       0       0       0       0
  9955 ;;      Totals:         2       0       0       0       0       0       0       0       0
  9956 ;;Total ram usage:        2 bytes
  9957 ;; Hardware stack levels used: 1
  9958 ;; This function calls:
  9959 ;;		Nothing
  9960 ;; This function is called by:
  9961 ;;		_APP_KeyboardInit
  9962 ;; This function uses a non-reentrant model
  9963 ;;
  9964                           
  9965                           	psect	text45
  9966   002432                     __ptext45:
  9967                           	callstack 0
  9968   002432                     _ENCODER_Initialize:
  9969                           	callstack 23
  9970   002432                     
  9971                           ;encoder.c: 95:     TRISBbits.TRISB4 = 1;
  9972   002432  8893               	bsf	147,4,c	;volatile
  9973                           
  9974                           ;encoder.c: 96:     TRISBbits.TRISB5 = 1;
  9975   002434  8A93               	bsf	147,5,c	;volatile
  9976                           
  9977                           ;encoder.c: 101:     INTCON2bits.RBPU = 0;
  9978   002436  9EF1               	bcf	241,7,c	;volatile
  9979   002438                     
  9980                           ;encoder.c: 104:     encoder_prev_state = (PORTBbits.RB4 << 1) | PORTBbits.RB5;
  9981   002438  BA81               	btfsc	129,5,c	;volatile
  9982   00243A  EF21  F012         	goto	i2u187_41
  9983   00243E  EF25  F012         	goto	i2u187_40
  9984   002442                     i2u187_41:
  9985   002442  6A30               	clrf	??_ENCODER_Initialize^0,c
  9986   002444  2A30               	incf	??_ENCODER_Initialize^0,f,c
  9987   002446  EF26  F012         	goto	i2u187_48
  9988   00244A                     i2u187_40:
  9989   00244A  6A30               	clrf	??_ENCODER_Initialize^0,c
  9990   00244C                     i2u187_48:
  9991   00244C  B881               	btfsc	129,4,c	;volatile
  9992   00244E  EF2B  F012         	goto	i2u188_41
  9993   002452  EF2F  F012         	goto	i2u188_40
  9994   002456                     i2u188_41:
  9995   002456  6A31               	clrf	(??_ENCODER_Initialize+1)^0,c
  9996   002458  2A31               	incf	(??_ENCODER_Initialize+1)^0,f,c
  9997   00245A  EF30  F012         	goto	i2u188_48
  9998   00245E                     i2u188_40:
  9999   00245E  6A31               	clrf	(??_ENCODER_Initialize+1)^0,c
 10000   002460                     i2u188_48:
 10001   002460  90D8               	bcf	status,0,c
 10002   002462  3431               	rlcf	(??_ENCODER_Initialize+1)^0,w,c
 10003   002464  1030               	iorwf	??_ENCODER_Initialize^0,w,c
 10004   002466  0100               	movlb	0	; () banked
 10005   002468  6F8A               	movwf	_encoder_prev_state& (0+255),b
 10006   00246A                     
 10007                           ; BSR set to: 0
 10008                           ;encoder.c: 105:     last_stable_state = encoder_prev_state;
 10009   00246A  C08A  F087         	movff	_encoder_prev_state,_last_stable_state
 10010   00246E                     
 10011                           ; BSR set to: 0
 10012                           ;encoder.c: 106:     encoder_count = 0;
 10013   00246E  6B89               	clrf	_encoder_count& (0+255),b
 10014   002470                     
 10015                           ; BSR set to: 0
 10016                           ;encoder.c: 107:     debounce_count = 0;
 10017   002470  6B88               	clrf	_debounce_count& (0+255),b
 10018   002472                     
 10019                           ; BSR set to: 0
 10020   002472  0012               	return		;funcret
 10021   002474                     __end_of_ENCODER_Initialize:
 10022                           	callstack 0
 10023                           
 10024 ;; *************** function _USBCtrlTrfOutHandler *****************
 10025 ;; Defined at:
 10026 ;;		line 2545 in file "usb_device.c"
 10027 ;; Parameters:    Size  Location     Type
 10028 ;;		None
 10029 ;; Auto vars:     Size  Location     Type
 10030 ;;		None
 10031 ;; Return value:  Size  Location     Type
 10032 ;;                  1    wreg      void 
 10033 ;; Registers used:
 10034 ;;		wreg, fsr1l, fsr1h, fsr2l, fsr2h, status,2, status,0, pcl, pclath, pclatu, tosl, cstack
 10035 ;; Tracked objects:
 10036 ;;		On entry : 0/0
 10037 ;;		On exit  : 0/0
 10038 ;;		Unchanged: 0/0
 10039 ;; Data sizes:     COMRAM   BANK0   BANK1   BANK2   BANK3  BANK4h  BANK5h   BANK6   BANK7
 10040 ;;      Params:         0       0       0       0       0       0       0       0       0
 10041 ;;      Locals:         0       0       0       0       0       0       0       0       0
 10042 ;;      Temps:          0       0       0       0       0       0       0       0       0
 10043 ;;      Totals:         0       0       0       0       0       0       0       0       0
 10044 ;;Total ram usage:        0 bytes
 10045 ;; Hardware stack levels used: 1
 10046 ;; Hardware stack levels required when called: 4
 10047 ;; This function calls:
 10048 ;;		_USBCtrlTrfRxService
 10049 ;; This function is called by:
 10050 ;;		_USBCtrlEPService
 10051 ;; This function uses a non-reentrant model
 10052 ;;
 10053                           
 10054                           	psect	text46
 10055   001E4A                     __ptext46:
 10056                           	callstack 0
 10057   001E4A                     _USBCtrlTrfOutHandler:
 10058                           	callstack 20
 10059   001E4A                     
 10060                           ;usb_device.c: 2547:     if(controlTransferState == 2)
 10061   001E4A  0E02               	movlw	2
 10062   001E4C  182A               	xorwf	_controlTransferState^0,w,c	;volatile
 10063   001E4E  A4D8               	btfss	status,2,c
 10064   001E50  EF2C  F00F         	goto	i2u271_41
 10065   001E54  EF2E  F00F         	goto	i2u271_40
 10066   001E58                     i2u271_41:
 10067   001E58  EF32  F00F         	goto	i2l594
 10068   001E5C                     i2u271_40:
 10069   001E5C                     
 10070                           ;usb_device.c: 2548:     {;usb_device.c: 2549:         USBCtrlTrfRxService();
 10071   001E5C  EC55  F004         	call	_USBCtrlTrfRxService	;wreg free
 10072                           
 10073                           ;usb_device.c: 2550:     }
 10074   001E60  EF5C  F00F         	goto	i2l598
 10075   001E64                     i2l594:
 10076                           
 10077                           ;usb_device.c: 2552:     {;usb_device.c: 2555:         controlTransferState = 0;
 10078   001E64  6A2A               	clrf	_controlTransferState^0,c	;volatile
 10079   001E66                     
 10080                           ;usb_device.c: 2562:         if(BothEP0OutUOWNsSet == 0)
 10081   001E66  5026               	movf	_BothEP0OutUOWNsSet^0,w,c	;volatile
 10082   001E68  A4D8               	btfss	status,2,c
 10083   001E6A  EF39  F00F         	goto	i2u272_41
 10084   001E6E  EF3B  F00F         	goto	i2u272_40
 10085   001E72                     i2u272_41:
 10086   001E72  EF5B  F00F         	goto	i2l596
 10087   001E76                     i2u272_40:
 10088   001E76                     
 10089                           ;usb_device.c: 2563:         {;usb_device.c: 2564:             pBDTEntryEP0OutNext->CNT 
      +                          = 8;
 10090   001E76  EE20 F001          	lfsr	2,1
 10091   001E7A  5019               	movf	_pBDTEntryEP0OutNext^0,w,c
 10092   001E7C  26D9               	addwf	fsr2l,f,c
 10093   001E7E  501A               	movf	(_pBDTEntryEP0OutNext+1)^0,w,c
 10094   001E80  22DA               	addwfc	fsr2h,f,c
 10095   001E82  0E08               	movlw	8
 10096   001E84  6EDF               	movwf	indf2,c
 10097                           
 10098                           ;usb_device.c: 2565:             pBDTEntryEP0OutNext->ADR = ((uint16_t)(&SetupPkt));
 10099   001E86  EE20 F002          	lfsr	2,2
 10100   001E8A  5019               	movf	_pBDTEntryEP0OutNext^0,w,c
 10101   001E8C  26D9               	addwf	fsr2l,f,c
 10102   001E8E  501A               	movf	(_pBDTEntryEP0OutNext+1)^0,w,c
 10103   001E90  22DA               	addwfc	fsr2h,f,c
 10104   001E92  0E20               	movlw	32
 10105   001E94  6EDE               	movwf	postinc2,c
 10106   001E96  0E04               	movlw	4
 10107   001E98  6EDD               	movwf	postdec2,c
 10108   001E9A                     
 10109                           ;usb_device.c: 2566:             pBDTEntryEP0OutNext->STAT.Val = 0x00|(0x08 & 0x08)|0x04
      +                          ;
 10110   001E9A  C019  FFD9         	movff	_pBDTEntryEP0OutNext,fsr2l
 10111   001E9E  C01A  FFDA         	movff	_pBDTEntryEP0OutNext+1,fsr2h
 10112   001EA2  0E0C               	movlw	12
 10113   001EA4  6EDF               	movwf	indf2,c
 10114   001EA6                     
 10115                           ;usb_device.c: 2567:             pBDTEntryEP0OutNext->STAT.Val |= 0x80;
 10116   001EA6  C019  FFD9         	movff	_pBDTEntryEP0OutNext,fsr2l
 10117   001EAA  C01A  FFDA         	movff	_pBDTEntryEP0OutNext+1,fsr2h
 10118   001EAE  0E00               	movlw	0
 10119   001EB0  8EDB               	bsf	plusw2,7,c
 10120                           
 10121                           ;usb_device.c: 2568:         }
 10122   001EB2  EF5C  F00F         	goto	i2l598
 10123   001EB6                     i2l596:
 10124                           
 10125                           ;usb_device.c: 2570:         {;usb_device.c: 2571:             BothEP0OutUOWNsSet = 0;
 10126   001EB6  6A26               	clrf	_BothEP0OutUOWNsSet^0,c	;volatile
 10127   001EB8                     i2l598:
 10128   001EB8  0012               	return		;funcret
 10129   001EBA                     __end_of_USBCtrlTrfOutHandler:
 10130                           	callstack 0
 10131                           
 10132 ;; *************** function _USBCtrlTrfRxService *****************
 10133 ;; Defined at:
 10134 ;;		line 1856 in file "usb_device.c"
 10135 ;; Parameters:    Size  Location     Type
 10136 ;;		None
 10137 ;; Auto vars:     Size  Location     Type
 10138 ;;  byteToRead      1    4[COMRAM] unsigned char 
 10139 ;;  i               1    3[COMRAM] unsigned char 
 10140 ;; Return value:  Size  Location     Type
 10141 ;;                  1    wreg      void 
 10142 ;; Registers used:
 10143 ;;		wreg, fsr1l, fsr1h, fsr2l, fsr2h, status,2, status,0, pcl, pclath, pclatu, tosl, cstack
 10144 ;; Tracked objects:
 10145 ;;		On entry : 0/0
 10146 ;;		On exit  : 0/0
 10147 ;;		Unchanged: 0/0
 10148 ;; Data sizes:     COMRAM   BANK0   BANK1   BANK2   BANK3  BANK4h  BANK5h   BANK6   BANK7
 10149 ;;      Params:         0       0       0       0       0       0       0       0       0
 10150 ;;      Locals:         2       0       0       0       0       0       0       0       0
 10151 ;;      Temps:          0       0       0       0       0       0       0       0       0
 10152 ;;      Totals:         2       0       0       0       0       0       0       0       0
 10153 ;;Total ram usage:        2 bytes
 10154 ;; Hardware stack levels used: 1
 10155 ;; Hardware stack levels required when called: 3
 10156 ;; This function calls:
 10157 ;;		_USBCtrlEPAllowStatusStage
 10158 ;;		_USBHIDCBSetReportComplete
 10159 ;; This function is called by:
 10160 ;;		_USBCtrlTrfOutHandler
 10161 ;; This function uses a non-reentrant model
 10162 ;;
 10163                           
 10164                           	psect	text47
 10165   0008AA                     __ptext47:
 10166                           	callstack 0
 10167   0008AA                     _USBCtrlTrfRxService:
 10168                           	callstack 20
 10169   0008AA                     
 10170                           ;usb_device.c: 1858:     uint8_t byteToRead;;usb_device.c: 1859:     uint8_t i;;usb_devi
      +                          ce.c: 1863:     byteToRead = pBDTEntryEP0OutCurrent->CNT;
 10171   0008AA  EE20 F001          	lfsr	2,1
 10172   0008AE  501B               	movf	_pBDTEntryEP0OutCurrent^0,w,c
 10173   0008B0  26D9               	addwf	fsr2l,f,c
 10174   0008B2  501C               	movf	(_pBDTEntryEP0OutCurrent+1)^0,w,c
 10175   0008B4  22DA               	addwfc	fsr2h,f,c
 10176   0008B6  50DF               	movf	indf2,w,c
 10177   0008B8  6E34               	movwf	USBCtrlTrfRxService@byteToRead^0,c
 10178   0008BA                     
 10179                           ;usb_device.c: 1869:     if(byteToRead > outPipes[0].wCount.Val)
 10180   0008BA  5034               	movf	USBCtrlTrfRxService@byteToRead^0,w,c
 10181   0008BC  5C04               	subwf	(_outPipes+3)^0,w,c	;volatile
 10182   0008BE  0E00               	movlw	0
 10183   0008C0  5805               	subwfb	(_outPipes+4)^0,w,c	;volatile
 10184   0008C2  B0D8               	btfsc	status,0,c
 10185   0008C4  EF66  F004         	goto	i2u262_41
 10186   0008C8  EF68  F004         	goto	i2u262_40
 10187   0008CC                     i2u262_41:
 10188   0008CC  EF6A  F004         	goto	i2l3841
 10189   0008D0                     i2u262_40:
 10190   0008D0                     
 10191                           ;usb_device.c: 1870:     {;usb_device.c: 1871:         byteToRead = outPipes[0].wCount.V
      +                          al;
 10192   0008D0  C004  F034         	movff	_outPipes+3,USBCtrlTrfRxService@byteToRead	;volatile
 10193   0008D4                     i2l3841:
 10194                           
 10195                           ;usb_device.c: 1874:     outPipes[0].wCount.Val -= byteToRead;
 10196   0008D4  5034               	movf	USBCtrlTrfRxService@byteToRead^0,w,c
 10197   0008D6  5E04               	subwf	(_outPipes+3)^0,f,c	;volatile
 10198   0008D8  0E00               	movlw	0
 10199   0008DA  5A05               	subwfb	(_outPipes+4)^0,f,c	;volatile
 10200   0008DC                     
 10201                           ;usb_device.c: 1878:     for(i=0;i<byteToRead;i++)
 10202   0008DC  6A33               	clrf	USBCtrlTrfRxService@i^0,c
 10203   0008DE  EF80  F004         	goto	i2l3851
 10204   0008E2                     i2l3845:
 10205                           
 10206                           ;usb_device.c: 1879:     {;usb_device.c: 1880:         *outPipes[0].pDst.bRam++ = CtrlTr
      +                          fData[i];
 10207   0008E2  0E28               	movlw	40
 10208   0008E4  2433               	addwf	USBCtrlTrfRxService@i^0,w,c
 10209   0008E6  6ED9               	movwf	fsr2l,c
 10210   0008E8  6ADA               	clrf	fsr2h,c
 10211   0008EA  0E04               	movlw	4
 10212   0008EC  22DA               	addwfc	fsr2h,f,c
 10213   0008EE  C001  FFE1         	movff	_outPipes,fsr1l	;volatile
 10214   0008F2  C002  FFE2         	movff	_outPipes+1,fsr1h	;volatile
 10215   0008F6  CFDF FFE7          	movff	indf2,indf1
 10216   0008FA  4A01               	infsnz	_outPipes^0,f,c	;volatile
 10217   0008FC  2A02               	incf	(_outPipes+1)^0,f,c	;volatile
 10218   0008FE                     
 10219                           ;usb_device.c: 1881:     }
 10220   0008FE  2A33               	incf	USBCtrlTrfRxService@i^0,f,c
 10221   000900                     i2l3851:
 10222   000900  5034               	movf	USBCtrlTrfRxService@byteToRead^0,w,c
 10223   000902  5C33               	subwf	USBCtrlTrfRxService@i^0,w,c
 10224   000904  A0D8               	btfss	status,0,c
 10225   000906  EF87  F004         	goto	i2u263_41
 10226   00090A  EF89  F004         	goto	i2u263_40
 10227   00090E                     i2u263_41:
 10228   00090E  EF71  F004         	goto	i2l3845
 10229   000912                     i2u263_40:
 10230   000912                     
 10231                           ;usb_device.c: 1885:     if(outPipes[0].wCount.Val > 0)
 10232   000912  5004               	movf	(_outPipes+3)^0,w,c	;volatile
 10233   000914  1005               	iorwf	(_outPipes+4)^0,w,c	;volatile
 10234   000916  B4D8               	btfsc	status,2,c
 10235   000918  EF90  F004         	goto	i2u264_41
 10236   00091C  EF92  F004         	goto	i2u264_40
 10237   000920                     i2u264_41:
 10238   000920  EFCB  F004         	goto	i2l3867
 10239   000924                     i2u264_40:
 10240   000924                     
 10241                           ;usb_device.c: 1886:     {;usb_device.c: 1887:         pBDTEntryEP0OutNext->CNT = 8;
 10242   000924  EE20 F001          	lfsr	2,1
 10243   000928  5019               	movf	_pBDTEntryEP0OutNext^0,w,c
 10244   00092A  26D9               	addwf	fsr2l,f,c
 10245   00092C  501A               	movf	(_pBDTEntryEP0OutNext+1)^0,w,c
 10246   00092E  22DA               	addwfc	fsr2h,f,c
 10247   000930  0E08               	movlw	8
 10248   000932  6EDF               	movwf	indf2,c
 10249                           
 10250                           ;usb_device.c: 1888:         pBDTEntryEP0OutNext->ADR = ((uint16_t)(&CtrlTrfData));
 10251   000934  EE20 F002          	lfsr	2,2
 10252   000938  5019               	movf	_pBDTEntryEP0OutNext^0,w,c
 10253   00093A  26D9               	addwf	fsr2l,f,c
 10254   00093C  501A               	movf	(_pBDTEntryEP0OutNext+1)^0,w,c
 10255   00093E  22DA               	addwfc	fsr2h,f,c
 10256   000940  0E28               	movlw	40
 10257   000942  6EDE               	movwf	postinc2,c
 10258   000944  0E04               	movlw	4
 10259   000946  6EDD               	movwf	postdec2,c
 10260   000948                     
 10261                           ;usb_device.c: 1889:         if(pBDTEntryEP0OutCurrent->STAT.DTS == 0)
 10262   000948  C01B  FFD9         	movff	_pBDTEntryEP0OutCurrent,fsr2l
 10263   00094C  C01C  FFDA         	movff	_pBDTEntryEP0OutCurrent+1,fsr2h
 10264   000950  BCDF               	btfsc	indf2,6,c
 10265   000952  EFAD  F004         	goto	i2u265_41
 10266   000956  EFAF  F004         	goto	i2u265_40
 10267   00095A                     i2u265_41:
 10268   00095A  EFBD  F004         	goto	i2l3863
 10269   00095E                     i2u265_40:
 10270   00095E                     
 10271                           ;usb_device.c: 1890:         {;usb_device.c: 1891:             pBDTEntryEP0OutNext->STAT
      +                          .Val = 0x40|(0x08 & 0x08);
 10272   00095E  C019  FFD9         	movff	_pBDTEntryEP0OutNext,fsr2l
 10273   000962  C01A  FFDA         	movff	_pBDTEntryEP0OutNext+1,fsr2h
 10274   000966  0E48               	movlw	72
 10275   000968  6EDF               	movwf	indf2,c
 10276   00096A                     
 10277                           ;usb_device.c: 1892:             pBDTEntryEP0OutNext->STAT.Val |= 0x80;
 10278   00096A  C019  FFD9         	movff	_pBDTEntryEP0OutNext,fsr2l
 10279   00096E  C01A  FFDA         	movff	_pBDTEntryEP0OutNext+1,fsr2h
 10280   000972  0E00               	movlw	0
 10281   000974  8EDB               	bsf	plusw2,7,c
 10282                           
 10283                           ;usb_device.c: 1893:         }
 10284   000976  EF0C  F005         	goto	i2l530
 10285   00097A                     i2l3863:
 10286                           
 10287                           ;usb_device.c: 1895:         {;usb_device.c: 1896:             pBDTEntryEP0OutNext->STAT
      +                          .Val = 0x00|(0x08 & 0x08);
 10288   00097A  C019  FFD9         	movff	_pBDTEntryEP0OutNext,fsr2l
 10289   00097E  C01A  FFDA         	movff	_pBDTEntryEP0OutNext+1,fsr2h
 10290   000982  0E08               	movlw	8
 10291   000984  6EDF               	movwf	indf2,c
 10292   000986                     
 10293                           ;usb_device.c: 1897:             pBDTEntryEP0OutNext->STAT.Val |= 0x80;
 10294   000986  C019  FFD9         	movff	_pBDTEntryEP0OutNext,fsr2l
 10295   00098A  C01A  FFDA         	movff	_pBDTEntryEP0OutNext+1,fsr2h
 10296   00098E  0E00               	movlw	0
 10297   000990  8EDB               	bsf	plusw2,7,c
 10298   000992  EF0C  F005         	goto	i2l530
 10299   000996                     i2l3867:
 10300                           
 10301                           ;usb_device.c: 1901:     {;usb_device.c: 1905:         pBDTEntryEP0OutNext->CNT = 8;
 10302   000996  EE20 F001          	lfsr	2,1
 10303   00099A  5019               	movf	_pBDTEntryEP0OutNext^0,w,c
 10304   00099C  26D9               	addwf	fsr2l,f,c
 10305   00099E  501A               	movf	(_pBDTEntryEP0OutNext+1)^0,w,c
 10306   0009A0  22DA               	addwfc	fsr2h,f,c
 10307   0009A2  0E08               	movlw	8
 10308   0009A4  6EDF               	movwf	indf2,c
 10309                           
 10310                           ;usb_device.c: 1906:         pBDTEntryEP0OutNext->ADR = ((uint16_t)(&SetupPkt));
 10311   0009A6  EE20 F002          	lfsr	2,2
 10312   0009AA  5019               	movf	_pBDTEntryEP0OutNext^0,w,c
 10313   0009AC  26D9               	addwf	fsr2l,f,c
 10314   0009AE  501A               	movf	(_pBDTEntryEP0OutNext+1)^0,w,c
 10315   0009B0  22DA               	addwfc	fsr2h,f,c
 10316   0009B2  0E20               	movlw	32
 10317   0009B4  6EDE               	movwf	postinc2,c
 10318   0009B6  0E04               	movlw	4
 10319   0009B8  6EDD               	movwf	postdec2,c
 10320   0009BA                     
 10321                           ;usb_device.c: 1910:         pBDTEntryEP0OutNext->STAT.Val = 0x04;
 10322   0009BA  C019  FFD9         	movff	_pBDTEntryEP0OutNext,fsr2l
 10323   0009BE  C01A  FFDA         	movff	_pBDTEntryEP0OutNext+1,fsr2h
 10324   0009C2  0E04               	movlw	4
 10325   0009C4  6EDF               	movwf	indf2,c
 10326   0009C6                     
 10327                           ;usb_device.c: 1911:         pBDTEntryEP0OutNext->STAT.Val |= 0x80;
 10328   0009C6  C019  FFD9         	movff	_pBDTEntryEP0OutNext,fsr2l
 10329   0009CA  C01A  FFDA         	movff	_pBDTEntryEP0OutNext+1,fsr2h
 10330   0009CE  0E00               	movlw	0
 10331   0009D0  8EDB               	bsf	plusw2,7,c
 10332   0009D2                     
 10333                           ;usb_device.c: 1918:         if(outPipes[0].pFunc != ((void*)0))
 10334   0009D2  5006               	movf	(_outPipes+5)^0,w,c	;volatile
 10335   0009D4  1007               	iorwf	(_outPipes+6)^0,w,c	;volatile
 10336   0009D6  B4D8               	btfsc	status,2,c
 10337   0009D8  EFF0  F004         	goto	i2u266_41
 10338   0009DC  EFF2  F004         	goto	i2u266_40
 10339   0009E0                     i2u266_41:
 10340   0009E0  EF01  F005         	goto	i2l3877
 10341   0009E4                     i2u266_40:
 10342   0009E4                     
 10343                           ;usb_device.c: 1919:         {
 10344   0009E4  EE20  F006         	lfsr	2,_outPipes+5	;volatile
 10345   0009E8  D802               	call	i2u267_48
 10346   0009EA  EF01  F005         	goto	i2u267_49
 10347   0009EE                     i2u267_48:
 10348   0009EE  0005               	push	
 10349   0009F0  6EFA               	movwf	pclath,c
 10350   0009F2  50DE               	movf	postinc2,w,c
 10351   0009F4  6EFD               	movwf	tosl,c
 10352   0009F6  50DE               	movf	postinc2,w,c
 10353   0009F8  6EFE               	movwf	tosh,c
 10354   0009FA  50F8               	movf	tblptru,w,c
 10355   0009FC  6EFF               	movwf	tosu,c
 10356   0009FE  50FA               	movf	pclath,w,c
 10357   000A00  0012               	return		;indir
 10358   000A02                     i2u267_49:
 10359   000A02                     i2l3877:
 10360   000A02  9E03               	bcf	(_outPipes+2)^0,7,c	;volatile
 10361   000A04                     
 10362                           ;usb_device.c: 1945:         if(USBDeferStatusStagePacket == 0)
 10363   000A04  5024               	movf	_USBDeferStatusStagePacket^0,w,c	;volatile
 10364   000A06  A4D8               	btfss	status,2,c
 10365   000A08  EF08  F005         	goto	i2u268_41
 10366   000A0C  EF0A  F005         	goto	i2u268_40
 10367   000A10                     i2u268_41:
 10368   000A10  EF0C  F005         	goto	i2l530
 10369   000A14                     i2u268_40:
 10370   000A14                     
 10371                           ;usb_device.c: 1946:         {;usb_device.c: 1947:             USBCtrlEPAllowStatusStage
      +                          ();
 10372   000A14  ECBD  F00B         	call	_USBCtrlEPAllowStatusStage	;wreg free
 10373   000A18                     i2l530:
 10374   000A18  0012               	return		;funcret
 10375   000A1A                     __end_of_USBCtrlTrfRxService:
 10376                           	callstack 0
 10377                           
 10378 ;; *************** function _USBCtrlEPAllowStatusStage *****************
 10379 ;; Defined at:
 10380 ;;		line 1420 in file "usb_device.c"
 10381 ;; Parameters:    Size  Location     Type
 10382 ;;		None
 10383 ;; Auto vars:     Size  Location     Type
 10384 ;;		None
 10385 ;; Return value:  Size  Location     Type
 10386 ;;                  1    wreg      void 
 10387 ;; Registers used:
 10388 ;;		wreg, fsr2l, fsr2h, status,2, status,0
 10389 ;; Tracked objects:
 10390 ;;		On entry : 0/0
 10391 ;;		On exit  : 0/0
 10392 ;;		Unchanged: 0/0
 10393 ;; Data sizes:     COMRAM   BANK0   BANK1   BANK2   BANK3  BANK4h  BANK5h   BANK6   BANK7
 10394 ;;      Params:         0       0       0       0       0       0       0       0       0
 10395 ;;      Locals:         0       0       0       0       0       0       0       0       0
 10396 ;;      Temps:          0       0       0       0       0       0       0       0       0
 10397 ;;      Totals:         0       0       0       0       0       0       0       0       0
 10398 ;;Total ram usage:        0 bytes
 10399 ;; Hardware stack levels used: 1
 10400 ;; This function calls:
 10401 ;;		Nothing
 10402 ;; This function is called by:
 10403 ;;		_USBDeviceTasks
 10404 ;;		_USBCtrlEPServiceComplete
 10405 ;;		_USBCtrlTrfRxService
 10406 ;; This function uses a non-reentrant model
 10407 ;;
 10408                           
 10409                           	psect	text48
 10410   00177A                     __ptext48:
 10411                           	callstack 0
 10412   00177A                     _USBCtrlEPAllowStatusStage:
 10413                           	callstack 22
 10414   00177A                     
 10415                           ;usb_device.c: 1427:     if(USBStatusStageEnabledFlag1 == 0)
 10416   00177A  5023               	movf	_USBStatusStageEnabledFlag1^0,w,c	;volatile
 10417   00177C  A4D8               	btfss	status,2,c
 10418   00177E  EFC3  F00B         	goto	i2u217_41
 10419   001782  EFC5  F00B         	goto	i2u217_40
 10420   001786                     i2u217_41:
 10421   001786  EF32  F00C         	goto	i2l478
 10422   00178A                     i2u217_40:
 10423   00178A                     
 10424                           ;usb_device.c: 1428:     {;usb_device.c: 1429:         USBStatusStageEnabledFlag1 = 1;
 10425   00178A  0E01               	movlw	1
 10426   00178C  6E23               	movwf	_USBStatusStageEnabledFlag1^0,c	;volatile
 10427                           
 10428                           ;usb_device.c: 1430:         if(USBStatusStageEnabledFlag2 == 0)
 10429   00178E  5022               	movf	_USBStatusStageEnabledFlag2^0,w,c	;volatile
 10430   001790  A4D8               	btfss	status,2,c
 10431   001792  EFCD  F00B         	goto	i2u218_41
 10432   001796  EFCF  F00B         	goto	i2u218_40
 10433   00179A                     i2u218_41:
 10434   00179A  EF32  F00C         	goto	i2l478
 10435   00179E                     i2u218_40:
 10436   00179E                     
 10437                           ;usb_device.c: 1431:         {;usb_device.c: 1432:             USBStatusStageEnabledFlag
      +                          2 = 1;
 10438   00179E  0E01               	movlw	1
 10439   0017A0  6E22               	movwf	_USBStatusStageEnabledFlag2^0,c	;volatile
 10440   0017A2                     
 10441                           ;usb_device.c: 1436:             if(controlTransferState == 2)
 10442   0017A2  0E02               	movlw	2
 10443   0017A4  182A               	xorwf	_controlTransferState^0,w,c	;volatile
 10444   0017A6  A4D8               	btfss	status,2,c
 10445   0017A8  EFD8  F00B         	goto	i2u219_41
 10446   0017AC  EFDA  F00B         	goto	i2u219_40
 10447   0017B0                     i2u219_41:
 10448   0017B0  EFEF  F00B         	goto	i2l3565
 10449   0017B4                     i2u219_40:
 10450   0017B4                     
 10451                           ;usb_device.c: 1437:             {;usb_device.c: 1438:                 pBDTEntryIn[0]->C
      +                          NT = 0;
 10452   0017B4  EE20 F001          	lfsr	2,1
 10453   0017B8  500D               	movf	_pBDTEntryIn^0,w,c
 10454   0017BA  26D9               	addwf	fsr2l,f,c
 10455   0017BC  500E               	movf	(_pBDTEntryIn+1)^0,w,c
 10456   0017BE  22DA               	addwfc	fsr2h,f,c
 10457   0017C0  6ADF               	clrf	indf2,c
 10458   0017C2                     
 10459                           ;usb_device.c: 1439:                 pBDTEntryIn[0]->STAT.Val = 0x40|(0x08 & 0x08);
 10460   0017C2  C00D  FFD9         	movff	_pBDTEntryIn,fsr2l
 10461   0017C6  C00E  FFDA         	movff	_pBDTEntryIn+1,fsr2h
 10462   0017CA  0E48               	movlw	72
 10463   0017CC  6EDF               	movwf	indf2,c
 10464   0017CE                     
 10465                           ;usb_device.c: 1440:                 pBDTEntryIn[0]->STAT.Val |= 0x80;
 10466   0017CE  C00D  FFD9         	movff	_pBDTEntryIn,fsr2l
 10467   0017D2  C00E  FFDA         	movff	_pBDTEntryIn+1,fsr2h
 10468   0017D6  0E00               	movlw	0
 10469   0017D8  8EDB               	bsf	plusw2,7,c
 10470                           
 10471                           ;usb_device.c: 1441:             }
 10472   0017DA  EF32  F00C         	goto	i2l478
 10473   0017DE                     i2l3565:
 10474   0017DE  042A               	decf	_controlTransferState^0,w,c	;volatile
 10475   0017E0  A4D8               	btfss	status,2,c
 10476   0017E2  EFF5  F00B         	goto	i2u220_41
 10477   0017E6  EFF7  F00B         	goto	i2u220_40
 10478   0017EA                     i2u220_41:
 10479   0017EA  EF32  F00C         	goto	i2l474
 10480   0017EE                     i2u220_40:
 10481   0017EE                     
 10482                           ;usb_device.c: 1443:             {;usb_device.c: 1444:                 BothEP0OutUOWNsSe
      +                          t = 0;
 10483   0017EE  6A26               	clrf	_BothEP0OutUOWNsSet^0,c	;volatile
 10484   0017F0                     
 10485                           ;usb_device.c: 1449:                     pBDTEntryEP0OutCurrent->CNT = 8;
 10486   0017F0  EE20 F001          	lfsr	2,1
 10487   0017F4  501B               	movf	_pBDTEntryEP0OutCurrent^0,w,c
 10488   0017F6  26D9               	addwf	fsr2l,f,c
 10489   0017F8  501C               	movf	(_pBDTEntryEP0OutCurrent+1)^0,w,c
 10490   0017FA  22DA               	addwfc	fsr2h,f,c
 10491   0017FC  0E08               	movlw	8
 10492   0017FE  6EDF               	movwf	indf2,c
 10493                           
 10494                           ;usb_device.c: 1450:                     pBDTEntryEP0OutCurrent->ADR = ((uint16_t)(&Setu
      +                          pPkt));
 10495   001800  EE20 F002          	lfsr	2,2
 10496   001804  501B               	movf	_pBDTEntryEP0OutCurrent^0,w,c
 10497   001806  26D9               	addwf	fsr2l,f,c
 10498   001808  501C               	movf	(_pBDTEntryEP0OutCurrent+1)^0,w,c
 10499   00180A  22DA               	addwfc	fsr2h,f,c
 10500   00180C  0E20               	movlw	32
 10501   00180E  6EDE               	movwf	postinc2,c
 10502   001810  0E04               	movlw	4
 10503   001812  6EDD               	movwf	postdec2,c
 10504   001814                     
 10505                           ;usb_device.c: 1451:                     pBDTEntryEP0OutCurrent->STAT.Val = 0x04;
 10506   001814  C01B  FFD9         	movff	_pBDTEntryEP0OutCurrent,fsr2l
 10507   001818  C01C  FFDA         	movff	_pBDTEntryEP0OutCurrent+1,fsr2h
 10508   00181C  0E04               	movlw	4
 10509   00181E  6EDF               	movwf	indf2,c
 10510   001820                     
 10511                           ;usb_device.c: 1452:                     pBDTEntryEP0OutCurrent->STAT.Val |= 0x80;
 10512   001820  C01B  FFD9         	movff	_pBDTEntryEP0OutCurrent,fsr2l
 10513   001824  C01C  FFDA         	movff	_pBDTEntryEP0OutCurrent+1,fsr2h
 10514   001828  0E00               	movlw	0
 10515   00182A  8EDB               	bsf	plusw2,7,c
 10516   00182C                     
 10517                           ;usb_device.c: 1453:                     BothEP0OutUOWNsSet = 1;
 10518   00182C  0E01               	movlw	1
 10519   00182E  6E26               	movwf	_BothEP0OutUOWNsSet^0,c	;volatile
 10520   001830                     
 10521                           ;usb_device.c: 1457:                 pBDTEntryEP0OutNext->CNT = 8;
 10522   001830  EE20 F001          	lfsr	2,1
 10523   001834  5019               	movf	_pBDTEntryEP0OutNext^0,w,c
 10524   001836  26D9               	addwf	fsr2l,f,c
 10525   001838  501A               	movf	(_pBDTEntryEP0OutNext+1)^0,w,c
 10526   00183A  22DA               	addwfc	fsr2h,f,c
 10527   00183C  0E08               	movlw	8
 10528   00183E  6EDF               	movwf	indf2,c
 10529   001840                     
 10530                           ;usb_device.c: 1458:                 pBDTEntryEP0OutNext->ADR = ((uint16_t)(&SetupPkt));
 10531   001840  EE20 F002          	lfsr	2,2
 10532   001844  5019               	movf	_pBDTEntryEP0OutNext^0,w,c
 10533   001846  26D9               	addwf	fsr2l,f,c
 10534   001848  501A               	movf	(_pBDTEntryEP0OutNext+1)^0,w,c
 10535   00184A  22DA               	addwfc	fsr2h,f,c
 10536   00184C  0E20               	movlw	32
 10537   00184E  6EDE               	movwf	postinc2,c
 10538   001850  0E04               	movlw	4
 10539   001852  6EDD               	movwf	postdec2,c
 10540   001854                     
 10541                           ;usb_device.c: 1459:                 pBDTEntryEP0OutNext->STAT.Val = 0x80;
 10542   001854  C019  FFD9         	movff	_pBDTEntryEP0OutNext,fsr2l
 10543   001858  C01A  FFDA         	movff	_pBDTEntryEP0OutNext+1,fsr2h
 10544   00185C  0E80               	movlw	128
 10545   00185E  6EDF               	movwf	indf2,c
 10546   001860  EF32  F00C         	goto	i2l478
 10547   001864                     i2l474:
 10548   001864                     i2l478:
 10549   001864  0012               	return		;funcret
 10550   001866                     __end_of_USBCtrlEPAllowStatusStage:
 10551                           	callstack 0
 10552                           
 10553 ;; *************** function _USBCtrlTrfInHandler *****************
 10554 ;; Defined at:
 10555 ;;		line 2599 in file "usb_device.c"
 10556 ;; Parameters:    Size  Location     Type
 10557 ;;		None
 10558 ;; Auto vars:     Size  Location     Type
 10559 ;;  lastDTS         1    3[COMRAM] unsigned char 
 10560 ;; Return value:  Size  Location     Type
 10561 ;;                  1    wreg      void 
 10562 ;; Registers used:
 10563 ;;		wreg, fsr1l, fsr1h, fsr2l, fsr2h, status,2, status,0, pcl, pclath, pclatu, tosl, tblptrl, tblptrh, tblptru, cstack
 10564 ;; Tracked objects:
 10565 ;;		On entry : 0/0
 10566 ;;		On exit  : 0/0
 10567 ;;		Unchanged: 0/0
 10568 ;; Data sizes:     COMRAM   BANK0   BANK1   BANK2   BANK3  BANK4h  BANK5h   BANK6   BANK7
 10569 ;;      Params:         0       0       0       0       0       0       0       0       0
 10570 ;;      Locals:         1       0       0       0       0       0       0       0       0
 10571 ;;      Temps:          0       0       0       0       0       0       0       0       0
 10572 ;;      Totals:         1       0       0       0       0       0       0       0       0
 10573 ;;Total ram usage:        1 bytes
 10574 ;; Hardware stack levels used: 1
 10575 ;; Hardware stack levels required when called: 3
 10576 ;; This function calls:
 10577 ;;		_USBCtrlTrfTxService
 10578 ;;		_USBHIDCBSetReportComplete
 10579 ;; This function is called by:
 10580 ;;		_USBCtrlEPService
 10581 ;; This function uses a non-reentrant model
 10582 ;;
 10583                           
 10584                           	psect	text49
 10585   000DDE                     __ptext49:
 10586                           	callstack 0
 10587   000DDE                     _USBCtrlTrfInHandler:
 10588                           	callstack 21
 10589   000DDE                     
 10590                           ;usb_device.c: 2601:     uint8_t lastDTS;;usb_device.c: 2603:     lastDTS = pBDTEntryIn[
      +                          0]->STAT.DTS;
 10591   000DDE  C00D  FFD9         	movff	_pBDTEntryIn,fsr2l
 10592   000DE2  C00E  FFDA         	movff	_pBDTEntryIn+1,fsr2h
 10593   000DE6  0E00               	movlw	0
 10594   000DE8  BCDF               	btfsc	indf2,6,c
 10595   000DEA  0E01               	movlw	1
 10596   000DEC  6E33               	movwf	USBCtrlTrfInHandler@lastDTS^0,c
 10597   000DEE                     
 10598                           ;usb_device.c: 2606:     pBDTEntryIn[0] = (volatile BDT_ENTRY*)(((uint16_t)pBDTEntryIn[0
      +                          ]) ^ 0x0004);
 10599   000DEE  0E04               	movlw	4
 10600   000DF0  180D               	xorwf	_pBDTEntryIn^0,w,c
 10601   000DF2  6E0D               	movwf	_pBDTEntryIn^0,c
 10602   000DF4  500E               	movf	(_pBDTEntryIn+1)^0,w,c
 10603   000DF6  6E0E               	movwf	(_pBDTEntryIn+1)^0,c
 10604   000DF8                     
 10605                           ;usb_device.c: 2611:     if(USBDeviceState == ADR_PENDING_STATE)
 10606   000DF8  0E08               	movlw	8
 10607   000DFA  182C               	xorwf	_USBDeviceState^0,w,c	;volatile
 10608   000DFC  A4D8               	btfss	status,2,c
 10609   000DFE  EF03  F007         	goto	i2u273_41
 10610   000E02  EF05  F007         	goto	i2u273_40
 10611   000E06                     i2u273_41:
 10612   000E06  EF17  F007         	goto	i2l4007
 10613   000E0A                     i2u273_40:
 10614   000E0A                     
 10615                           ;usb_device.c: 2612:     {;usb_device.c: 2613:         UADDR = (SetupPkt.bDevADR & 0x7F)
      +                          ;
 10616   000E0A  0104               	movlb	4	; () banked
 10617   000E0C  5122               	movf	34,w,b	;volatile
 10618   000E0E  0B7F               	andlw	127
 10619   000E10  6E6E               	movwf	110,c	;volatile
 10620   000E12                     
 10621                           ; BSR set to: 4
 10622                           ;usb_device.c: 2614:         if(UADDR != 0u)
 10623   000E12  506E               	movf	110,w,c	;volatile
 10624   000E14  B4D8               	btfsc	status,2,c
 10625   000E16  EF0F  F007         	goto	i2u274_41
 10626   000E1A  EF11  F007         	goto	i2u274_40
 10627   000E1E                     i2u274_41:
 10628   000E1E  EF15  F007         	goto	i2l4005
 10629   000E22                     i2u274_40:
 10630   000E22                     
 10631                           ; BSR set to: 4
 10632                           ;usb_device.c: 2615:         {;usb_device.c: 2616:             USBDeviceState=ADDRESS_ST
      +                          ATE;
 10633   000E22  0E10               	movlw	16
 10634   000E24  6E2C               	movwf	_USBDeviceState^0,c	;volatile
 10635                           
 10636                           ;usb_device.c: 2617:         }
 10637   000E26  EF17  F007         	goto	i2l4007
 10638   000E2A                     i2l4005:
 10639                           
 10640                           ; BSR set to: 4
 10641                           ;usb_device.c: 2619:         {;usb_device.c: 2620:             USBDeviceState=DEFAULT_ST
      +                          ATE;
 10642   000E2A  0E04               	movlw	4
 10643   000E2C  6E2C               	movwf	_USBDeviceState^0,c	;volatile
 10644   000E2E                     i2l4007:
 10645                           
 10646                           ;usb_device.c: 2625:     if(controlTransferState == 1)
 10647   000E2E  042A               	decf	_controlTransferState^0,w,c	;volatile
 10648   000E30  A4D8               	btfss	status,2,c
 10649   000E32  EF1D  F007         	goto	i2u275_41
 10650   000E36  EF1F  F007         	goto	i2u275_40
 10651   000E3A                     i2u275_41:
 10652   000E3A  EF66  F007         	goto	i2l604
 10653   000E3E                     i2u275_40:
 10654   000E3E                     
 10655                           ;usb_device.c: 2626:     {;usb_device.c: 2627:         pBDTEntryIn[0]->ADR = ((uint16_t)
      +                          (CtrlTrfData));
 10656   000E3E  EE20 F002          	lfsr	2,2
 10657   000E42  500D               	movf	_pBDTEntryIn^0,w,c
 10658   000E44  26D9               	addwf	fsr2l,f,c
 10659   000E46  500E               	movf	(_pBDTEntryIn+1)^0,w,c
 10660   000E48  22DA               	addwfc	fsr2h,f,c
 10661   000E4A  0E28               	movlw	40
 10662   000E4C  6EDE               	movwf	postinc2,c
 10663   000E4E  0E04               	movlw	4
 10664   000E50  6EDD               	movwf	postdec2,c
 10665   000E52                     
 10666                           ;usb_device.c: 2628:         USBCtrlTrfTxService();
 10667   000E52  ECC3  F009         	call	_USBCtrlTrfTxService	;wreg free
 10668   000E56                     
 10669                           ;usb_device.c: 2634:         if(shortPacketStatus == 2)
 10670   000E56  0E02               	movlw	2
 10671   000E58  182B               	xorwf	_shortPacketStatus^0,w,c	;volatile
 10672   000E5A  A4D8               	btfss	status,2,c
 10673   000E5C  EF32  F007         	goto	i2u276_41
 10674   000E60  EF34  F007         	goto	i2u276_40
 10675   000E64                     i2u276_41:
 10676   000E64  EF42  F007         	goto	i2l4019
 10677   000E68                     i2u276_40:
 10678   000E68                     
 10679                           ;usb_device.c: 2635:         {;usb_device.c: 2638:             pBDTEntryIn[0]->STAT.Val 
      +                          = 0x04;
 10680   000E68  C00D  FFD9         	movff	_pBDTEntryIn,fsr2l
 10681   000E6C  C00E  FFDA         	movff	_pBDTEntryIn+1,fsr2h
 10682   000E70  0E04               	movlw	4
 10683   000E72  6EDF               	movwf	indf2,c
 10684   000E74                     
 10685                           ;usb_device.c: 2639:             pBDTEntryIn[0]->STAT.Val |= 0x80;
 10686   000E74  C00D  FFD9         	movff	_pBDTEntryIn,fsr2l
 10687   000E78  C00E  FFDA         	movff	_pBDTEntryIn+1,fsr2h
 10688   000E7C  0E00               	movlw	0
 10689   000E7E  8EDB               	bsf	plusw2,7,c
 10690                           
 10691                           ;usb_device.c: 2640:         }
 10692   000E80  EF87  F007         	goto	i2l612
 10693   000E84                     i2l4019:
 10694                           
 10695                           ;usb_device.c: 2642:         {;usb_device.c: 2643:             if(lastDTS == 0)
 10696   000E84  5033               	movf	USBCtrlTrfInHandler@lastDTS^0,w,c
 10697   000E86  A4D8               	btfss	status,2,c
 10698   000E88  EF48  F007         	goto	i2u277_41
 10699   000E8C  EF4A  F007         	goto	i2u277_40
 10700   000E90                     i2u277_41:
 10701   000E90  EF58  F007         	goto	i2l4025
 10702   000E94                     i2u277_40:
 10703   000E94                     
 10704                           ;usb_device.c: 2644:             {;usb_device.c: 2645:                 pBDTEntryIn[0]->S
      +                          TAT.Val = 0x40|(0x08 & 0x08);
 10705   000E94  C00D  FFD9         	movff	_pBDTEntryIn,fsr2l
 10706   000E98  C00E  FFDA         	movff	_pBDTEntryIn+1,fsr2h
 10707   000E9C  0E48               	movlw	72
 10708   000E9E  6EDF               	movwf	indf2,c
 10709   000EA0                     
 10710                           ;usb_device.c: 2646:                 pBDTEntryIn[0]->STAT.Val |= 0x80;
 10711   000EA0  C00D  FFD9         	movff	_pBDTEntryIn,fsr2l
 10712   000EA4  C00E  FFDA         	movff	_pBDTEntryIn+1,fsr2h
 10713   000EA8  0E00               	movlw	0
 10714   000EAA  8EDB               	bsf	plusw2,7,c
 10715                           
 10716                           ;usb_device.c: 2647:             }
 10717   000EAC  EF87  F007         	goto	i2l612
 10718   000EB0                     i2l4025:
 10719                           
 10720                           ;usb_device.c: 2649:             {;usb_device.c: 2650:                 pBDTEntryIn[0]->S
      +                          TAT.Val = 0x00|(0x08 & 0x08);
 10721   000EB0  C00D  FFD9         	movff	_pBDTEntryIn,fsr2l
 10722   000EB4  C00E  FFDA         	movff	_pBDTEntryIn+1,fsr2h
 10723   000EB8  0E08               	movlw	8
 10724   000EBA  6EDF               	movwf	indf2,c
 10725   000EBC                     
 10726                           ;usb_device.c: 2651:                 pBDTEntryIn[0]->STAT.Val |= 0x80;
 10727   000EBC  C00D  FFD9         	movff	_pBDTEntryIn,fsr2l
 10728   000EC0  C00E  FFDA         	movff	_pBDTEntryIn+1,fsr2h
 10729   000EC4  0E00               	movlw	0
 10730   000EC6  8EDB               	bsf	plusw2,7,c
 10731   000EC8  EF87  F007         	goto	i2l612
 10732   000ECC                     i2l604:
 10733                           
 10734                           ;usb_device.c: 2656:  {;usb_device.c: 2660:         if(outPipes[0].info.bits.busy == 1)
 10735   000ECC  AE03               	btfss	(_outPipes+2)^0,7,c	;volatile
 10736   000ECE  EF6B  F007         	goto	i2u278_41
 10737   000ED2  EF6D  F007         	goto	i2u278_40
 10738   000ED6                     i2u278_41:
 10739   000ED6  EF86  F007         	goto	i2l4035
 10740   000EDA                     i2u278_40:
 10741   000EDA                     
 10742                           ;usb_device.c: 2661:         {;usb_device.c: 2662:             if(outPipes[0].pFunc != (
      +                          (void*)0))
 10743   000EDA  5006               	movf	(_outPipes+5)^0,w,c	;volatile
 10744   000EDC  1007               	iorwf	(_outPipes+6)^0,w,c	;volatile
 10745   000EDE  B4D8               	btfsc	status,2,c
 10746   000EE0  EF74  F007         	goto	i2u279_41
 10747   000EE4  EF76  F007         	goto	i2u279_40
 10748   000EE8                     i2u279_41:
 10749   000EE8  EF85  F007         	goto	i2l4033
 10750   000EEC                     i2u279_40:
 10751   000EEC                     
 10752                           ;usb_device.c: 2663:             {;usb_device.c: 2664:                 outPipes[0].pFunc
      +                          ();
 10753   000EEC  EE20  F006         	lfsr	2,_outPipes+5	;volatile
 10754   000EF0  D802               	call	i2u280_48
 10755   000EF2  EF85  F007         	goto	i2u280_49
 10756   000EF6                     i2u280_48:
 10757   000EF6  0005               	push	
 10758   000EF8  6EFA               	movwf	pclath,c
 10759   000EFA  50DE               	movf	postinc2,w,c
 10760   000EFC  6EFD               	movwf	tosl,c
 10761   000EFE  50DE               	movf	postinc2,w,c
 10762   000F00  6EFE               	movwf	tosh,c
 10763   000F02  50F8               	movf	tblptru,w,c
 10764   000F04  6EFF               	movwf	tosu,c
 10765   000F06  50FA               	movf	pclath,w,c
 10766   000F08  0012               	return		;indir
 10767   000F0A                     i2u280_49:
 10768   000F0A                     i2l4033:
 10769                           
 10770                           ;usb_device.c: 2666:             outPipes[0].info.bits.busy = 0;
 10771   000F0A  9E03               	bcf	(_outPipes+2)^0,7,c	;volatile
 10772   000F0C                     i2l4035:
 10773                           
 10774                           ;usb_device.c: 2669:         controlTransferState = 0;
 10775   000F0C  6A2A               	clrf	_controlTransferState^0,c	;volatile
 10776   000F0E                     i2l612:
 10777   000F0E  0012               	return		;funcret
 10778   000F10                     __end_of_USBCtrlTrfInHandler:
 10779                           	callstack 0
 10780                           
 10781 ;; *************** function _USBHIDCBSetReportComplete *****************
 10782 ;; Defined at:
 10783 ;;		line 640 in file "app_device_keyboard.c"
 10784 ;; Parameters:    Size  Location     Type
 10785 ;;		None
 10786 ;; Auto vars:     Size  Location     Type
 10787 ;;		None
 10788 ;; Return value:  Size  Location     Type
 10789 ;;                  1    wreg      void 
 10790 ;; Registers used:
 10791 ;;		wreg, status,2, status,0, cstack
 10792 ;; Tracked objects:
 10793 ;;		On entry : 0/0
 10794 ;;		On exit  : 0/0
 10795 ;;		Unchanged: 0/0
 10796 ;; Data sizes:     COMRAM   BANK0   BANK1   BANK2   BANK3  BANK4h  BANK5h   BANK6   BANK7
 10797 ;;      Params:         0       0       0       0       0       0       0       0       0
 10798 ;;      Locals:         0       0       0       0       0       0       0       0       0
 10799 ;;      Temps:          0       0       0       0       0       0       0       0       0
 10800 ;;      Totals:         0       0       0       0       0       0       0       0       0
 10801 ;;Total ram usage:        0 bytes
 10802 ;; Hardware stack levels used: 1
 10803 ;; Hardware stack levels required when called: 2
 10804 ;; This function calls:
 10805 ;;		i2_APP_KeyboardProcessOutputReport
 10806 ;; This function is called by:
 10807 ;;		_USBHIDCBSetReportHandler
 10808 ;;		_USBCtrlTrfRxService
 10809 ;;		_USBCtrlTrfInHandler
 10810 ;; This function uses a non-reentrant model
 10811 ;;
 10812                           
 10813                           	psect	text50
 10814   00263A                     __ptext50:
 10815                           	callstack 0
 10816   00263A                     _USBHIDCBSetReportComplete:
 10817                           	callstack 20
 10818   00263A                     
 10819                           ;app_device_keyboard.c: 644:     outputReport.value = CtrlTrfData[0];
 10820   00263A  C428 F509          	movff	1064,1289	;volatile
 10821   00263E                     
 10822                           ;app_device_keyboard.c: 647:     APP_KeyboardProcessOutputReport();
 10823   00263E  ECE3  F012         	call	i2_APP_KeyboardProcessOutputReport	;wreg free
 10824   002642  0012               	return		;funcret
 10825   002644                     __end_of_USBHIDCBSetReportComplete:
 10826                           	callstack 0
 10827                           
 10828 ;; *************** function i2_APP_KeyboardProcessOutputReport *****************
 10829 ;; Defined at:
 10830 ;;		line 628 in file "app_device_keyboard.c"
 10831 ;; Parameters:    Size  Location     Type
 10832 ;;		None
 10833 ;; Auto vars:     Size  Location     Type
 10834 ;;		None
 10835 ;; Return value:  Size  Location     Type
 10836 ;;                  1    wreg      void 
 10837 ;; Registers used:
 10838 ;;		wreg, status,2, status,0, cstack
 10839 ;; Tracked objects:
 10840 ;;		On entry : 0/0
 10841 ;;		On exit  : 0/0
 10842 ;;		Unchanged: 0/0
 10843 ;; Data sizes:     COMRAM   BANK0   BANK1   BANK2   BANK3  BANK4h  BANK5h   BANK6   BANK7
 10844 ;;      Params:         0       0       0       0       0       0       0       0       0
 10845 ;;      Locals:         0       0       0       0       0       0       0       0       0
 10846 ;;      Temps:          0       0       0       0       0       0       0       0       0
 10847 ;;      Totals:         0       0       0       0       0       0       0       0       0
 10848 ;;Total ram usage:        0 bytes
 10849 ;; Hardware stack levels used: 1
 10850 ;; Hardware stack levels required when called: 1
 10851 ;; This function calls:
 10852 ;;		i2_LED_Off
 10853 ;;		i2_LED_On
 10854 ;; This function is called by:
 10855 ;;		_USBHIDCBSetReportComplete
 10856 ;; This function uses a non-reentrant model
 10857 ;;
 10858                           
 10859                           	psect	text51
 10860   0025C6                     __ptext51:
 10861                           	callstack 0
 10862   0025C6                     i2_APP_KeyboardProcessOutputReport:
 10863                           	callstack 20
 10864   0025C6                     
 10865                           ;app_device_keyboard.c: 630:     if(outputReport.leds.capsLock)
 10866   0025C6  0105               	movlb	5	; () banked
 10867   0025C8  A309               	btfss	9,1,b	;volatile
 10868   0025CA  EFE9  F012         	goto	i2u215_41
 10869   0025CE  EFEB  F012         	goto	i2u215_40
 10870   0025D2                     i2u215_41:
 10871   0025D2  EFF0  F012         	goto	i2l3537
 10872   0025D6                     i2u215_40:
 10873   0025D6                     
 10874                           ; BSR set to: 5
 10875                           ;app_device_keyboard.c: 631:     {;app_device_keyboard.c: 632:         LED_On(LED_D2);
 10876   0025D6  0E02               	movlw	2
 10877   0025D8  EC5C  F010         	call	i2_LED_On
 10878                           
 10879                           ;app_device_keyboard.c: 633:     }
 10880   0025DC  EFF3  F012         	goto	i2l120
 10881   0025E0                     i2l3537:
 10882                           
 10883                           ; BSR set to: 5
 10884                           ;app_device_keyboard.c: 635:     {;app_device_keyboard.c: 636:         LED_Off(LED_D2);
 10885   0025E0  0E02               	movlw	2
 10886   0025E2  EC8D  F010         	call	i2_LED_Off
 10887   0025E6                     i2l120:
 10888   0025E6  0012               	return		;funcret
 10889   0025E8                     __end_ofi2_APP_KeyboardProcessOutputReport:
 10890                           	callstack 0
 10891                           
 10892 ;; *************** function i2_LED_On *****************
 10893 ;; Defined at:
 10894 ;;		line 96 in file "leds.c"
 10895 ;; Parameters:    Size  Location     Type
 10896 ;;  led             1    wreg     enum E2
 10897 ;; Auto vars:     Size  Location     Type
 10898 ;;  led             1    2[COMRAM] enum E2
 10899 ;; Return value:  Size  Location     Type
 10900 ;;                  1    wreg      void 
 10901 ;; Registers used:
 10902 ;;		wreg, status,2, status,0
 10903 ;; Tracked objects:
 10904 ;;		On entry : 0/0
 10905 ;;		On exit  : 0/0
 10906 ;;		Unchanged: 0/0
 10907 ;; Data sizes:     COMRAM   BANK0   BANK1   BANK2   BANK3  BANK4h  BANK5h   BANK6   BANK7
 10908 ;;      Params:         0       0       0       0       0       0       0       0       0
 10909 ;;      Locals:         1       0       0       0       0       0       0       0       0
 10910 ;;      Temps:          2       0       0       0       0       0       0       0       0
 10911 ;;      Totals:         3       0       0       0       0       0       0       0       0
 10912 ;;Total ram usage:        3 bytes
 10913 ;; Hardware stack levels used: 1
 10914 ;; This function calls:
 10915 ;;		Nothing
 10916 ;; This function is called by:
 10917 ;;		_APP_LEDUpdateUSBStatus
 10918 ;;		i2_APP_KeyboardProcessOutputReport
 10919 ;; This function uses a non-reentrant model
 10920 ;;
 10921                           
 10922                           	psect	text52
 10923   0020B8                     __ptext52:
 10924                           	callstack 0
 10925   0020B8                     i2_LED_On:
 10926                           	callstack 23
 10927                           
 10928                           ;incstack = 0
 10929                           ;i2LED_On@led stored from wreg
 10930   0020B8  6E32               	movwf	i2LED_On@led^0,c
 10931   0020BA                     
 10932                           ;leds.c: 96: void LED_On(LED led);leds.c: 97: {;leds.c: 98:     switch(led)
 10933   0020BA  EF6B  F010         	goto	i2l3269
 10934   0020BE                     i2l186:
 10935                           
 10936                           ;leds.c: 101:             LATAbits.LATA3 = 1;
 10937   0020BE  8689               	bsf	137,3,c	;volatile
 10938                           
 10939                           ;leds.c: 102:             break;
 10940   0020C0  EF8C  F010         	goto	i2l192
 10941   0020C4                     i2l188:
 10942                           
 10943                           ;leds.c: 105:             LATAbits.LATA1 = 1;
 10944   0020C4  8289               	bsf	137,1,c	;volatile
 10945                           
 10946                           ;leds.c: 106:             break;
 10947   0020C6  EF8C  F010         	goto	i2l192
 10948   0020CA                     i2l189:
 10949                           
 10950                           ;leds.c: 109:             LATAbits.LATA2 = 1;
 10951   0020CA  8489               	bsf	137,2,c	;volatile
 10952                           
 10953                           ;leds.c: 110:             break;
 10954   0020CC  EF8C  F010         	goto	i2l192
 10955   0020D0                     i2l190:
 10956                           
 10957                           ;leds.c: 113:             LATAbits.LATA3 = 1;
 10958   0020D0  8689               	bsf	137,3,c	;volatile
 10959                           
 10960                           ;leds.c: 114:             break;
 10961   0020D2  EF8C  F010         	goto	i2l192
 10962   0020D6                     i2l3269:
 10963   0020D6  5032               	movf	i2LED_On@led^0,w,c
 10964   0020D8  6E30               	movwf	??i2_LED_On^0,c
 10965   0020DA  6A31               	clrf	(??i2_LED_On+1)^0,c
 10966                           
 10967                           ; Switch on 2 bytes has been partitioned into a top level switch of size 1, and 1 sub-sw
      +                          itches
 10968                           ; Switch size 1, requested type "simple"
 10969                           ; Number of cases is 1, Range of values is 0 to 0
 10970                           ; switch strategies available:
 10971                           ; Name         Instructions Cycles
 10972                           ; simple_byte            4     3 (average)
 10973                           ;	Chosen strategy is simple_byte
 10974   0020DC  5031               	movf	(??i2_LED_On+1)^0,w,c
 10975   0020DE  0A00               	xorlw	0	; case 0
 10976   0020E0  B4D8               	btfsc	status,2,c
 10977   0020E2  EF75  F010         	goto	i2l5595
 10978   0020E6  EF8C  F010         	goto	i2l192
 10979   0020EA                     i2l5595:
 10980                           
 10981                           ; Switch size 1, requested type "simple"
 10982                           ; Number of cases is 5, Range of values is 0 to 4
 10983                           ; switch strategies available:
 10984                           ; Name         Instructions Cycles
 10985                           ; simple_byte           16     9 (average)
 10986                           ;	Chosen strategy is simple_byte
 10987   0020EA  5030               	movf	??i2_LED_On^0,w,c
 10988   0020EC  0A00               	xorlw	0	; case 0
 10989   0020EE  B4D8               	btfsc	status,2,c
 10990   0020F0  EF8C  F010         	goto	i2l192
 10991   0020F4  0A01               	xorlw	1	; case 1
 10992   0020F6  B4D8               	btfsc	status,2,c
 10993   0020F8  EF5F  F010         	goto	i2l186
 10994   0020FC  0A03               	xorlw	3	; case 2
 10995   0020FE  B4D8               	btfsc	status,2,c
 10996   002100  EF62  F010         	goto	i2l188
 10997   002104  0A01               	xorlw	1	; case 3
 10998   002106  B4D8               	btfsc	status,2,c
 10999   002108  EF65  F010         	goto	i2l189
 11000   00210C  0A07               	xorlw	7	; case 4
 11001   00210E  B4D8               	btfsc	status,2,c
 11002   002110  EF68  F010         	goto	i2l190
 11003   002114  EF8C  F010         	goto	i2l192
 11004   002118                     i2l192:
 11005   002118  0012               	return		;funcret
 11006   00211A                     __end_ofi2_LED_On:
 11007                           	callstack 0
 11008                           
 11009 ;; *************** function i2_LED_Off *****************
 11010 ;; Defined at:
 11011 ;;		line 137 in file "leds.c"
 11012 ;; Parameters:    Size  Location     Type
 11013 ;;  led             1    wreg     enum E2
 11014 ;; Auto vars:     Size  Location     Type
 11015 ;;  led             1    2[COMRAM] enum E2
 11016 ;; Return value:  Size  Location     Type
 11017 ;;                  1    wreg      void 
 11018 ;; Registers used:
 11019 ;;		wreg, status,2, status,0
 11020 ;; Tracked objects:
 11021 ;;		On entry : 0/0
 11022 ;;		On exit  : 0/0
 11023 ;;		Unchanged: 0/0
 11024 ;; Data sizes:     COMRAM   BANK0   BANK1   BANK2   BANK3  BANK4h  BANK5h   BANK6   BANK7
 11025 ;;      Params:         0       0       0       0       0       0       0       0       0
 11026 ;;      Locals:         1       0       0       0       0       0       0       0       0
 11027 ;;      Temps:          2       0       0       0       0       0       0       0       0
 11028 ;;      Totals:         3       0       0       0       0       0       0       0       0
 11029 ;;Total ram usage:        3 bytes
 11030 ;; Hardware stack levels used: 1
 11031 ;; This function calls:
 11032 ;;		Nothing
 11033 ;; This function is called by:
 11034 ;;		_APP_LEDUpdateUSBStatus
 11035 ;;		i2_APP_KeyboardProcessOutputReport
 11036 ;; This function uses a non-reentrant model
 11037 ;;
 11038                           
 11039                           	psect	text53
 11040   00211A                     __ptext53:
 11041                           	callstack 0
 11042   00211A                     i2_LED_Off:
 11043                           	callstack 23
 11044                           
 11045                           ;incstack = 0
 11046                           ;i2LED_Off@led stored from wreg
 11047   00211A  6E32               	movwf	i2LED_Off@led^0,c
 11048   00211C                     
 11049                           ;leds.c: 137: void LED_Off(LED led);leds.c: 138: {;leds.c: 139:     switch(led)
 11050   00211C  EF9C  F010         	goto	i2l3279
 11051   002120                     i2l196:
 11052                           
 11053                           ;leds.c: 142:             LATAbits.LATA3 = 0;
 11054   002120  9689               	bcf	137,3,c	;volatile
 11055                           
 11056                           ;leds.c: 143:             break;
 11057   002122  EFBD  F010         	goto	i2l202
 11058   002126                     i2l198:
 11059                           
 11060                           ;leds.c: 146:             LATAbits.LATA1 = 0;
 11061   002126  9289               	bcf	137,1,c	;volatile
 11062                           
 11063                           ;leds.c: 147:             break;
 11064   002128  EFBD  F010         	goto	i2l202
 11065   00212C                     i2l199:
 11066                           
 11067                           ;leds.c: 150:             LATAbits.LATA2 = 0;
 11068   00212C  9489               	bcf	137,2,c	;volatile
 11069                           
 11070                           ;leds.c: 151:             break;
 11071   00212E  EFBD  F010         	goto	i2l202
 11072   002132                     i2l200:
 11073                           
 11074                           ;leds.c: 154:             LATAbits.LATA3 = 0;
 11075   002132  9689               	bcf	137,3,c	;volatile
 11076                           
 11077                           ;leds.c: 155:             break;
 11078   002134  EFBD  F010         	goto	i2l202
 11079   002138                     i2l3279:
 11080   002138  5032               	movf	i2LED_Off@led^0,w,c
 11081   00213A  6E30               	movwf	??i2_LED_Off^0,c
 11082   00213C  6A31               	clrf	(??i2_LED_Off+1)^0,c
 11083                           
 11084                           ; Switch on 2 bytes has been partitioned into a top level switch of size 1, and 1 sub-sw
      +                          itches
 11085                           ; Switch size 1, requested type "simple"
 11086                           ; Number of cases is 1, Range of values is 0 to 0
 11087                           ; switch strategies available:
 11088                           ; Name         Instructions Cycles
 11089                           ; simple_byte            4     3 (average)
 11090                           ;	Chosen strategy is simple_byte
 11091   00213E  5031               	movf	(??i2_LED_Off+1)^0,w,c
 11092   002140  0A00               	xorlw	0	; case 0
 11093   002142  B4D8               	btfsc	status,2,c
 11094   002144  EFA6  F010         	goto	i2l5597
 11095   002148  EFBD  F010         	goto	i2l202
 11096   00214C                     i2l5597:
 11097                           
 11098                           ; Switch size 1, requested type "simple"
 11099                           ; Number of cases is 5, Range of values is 0 to 4
 11100                           ; switch strategies available:
 11101                           ; Name         Instructions Cycles
 11102                           ; simple_byte           16     9 (average)
 11103                           ;	Chosen strategy is simple_byte
 11104   00214C  5030               	movf	??i2_LED_Off^0,w,c
 11105   00214E  0A00               	xorlw	0	; case 0
 11106   002150  B4D8               	btfsc	status,2,c
 11107   002152  EFBD  F010         	goto	i2l202
 11108   002156  0A01               	xorlw	1	; case 1
 11109   002158  B4D8               	btfsc	status,2,c
 11110   00215A  EF90  F010         	goto	i2l196
 11111   00215E  0A03               	xorlw	3	; case 2
 11112   002160  B4D8               	btfsc	status,2,c
 11113   002162  EF93  F010         	goto	i2l198
 11114   002166  0A01               	xorlw	1	; case 3
 11115   002168  B4D8               	btfsc	status,2,c
 11116   00216A  EF96  F010         	goto	i2l199
 11117   00216E  0A07               	xorlw	7	; case 4
 11118   002170  B4D8               	btfsc	status,2,c
 11119   002172  EF99  F010         	goto	i2l200
 11120   002176  EFBD  F010         	goto	i2l202
 11121   00217A                     i2l202:
 11122   00217A  0012               	return		;funcret
 11123   00217C                     __end_ofi2_LED_Off:
 11124                           	callstack 0
 11125                           
 11126 ;; *************** function _USBCtrlTrfTxService *****************
 11127 ;; Defined at:
 11128 ;;		line 1775 in file "usb_device.c"
 11129 ;; Parameters:    Size  Location     Type
 11130 ;;		None
 11131 ;; Auto vars:     Size  Location     Type
 11132 ;;  byteToSend      1    0[COMRAM] unsigned char 
 11133 ;; Return value:  Size  Location     Type
 11134 ;;                  1    wreg      void 
 11135 ;; Registers used:
 11136 ;;		wreg, fsr1l, fsr1h, fsr2l, fsr2h, status,2, status,0, tblptrl, tblptrh, tblptru
 11137 ;; Tracked objects:
 11138 ;;		On entry : 0/0
 11139 ;;		On exit  : 0/0
 11140 ;;		Unchanged: 0/0
 11141 ;; Data sizes:     COMRAM   BANK0   BANK1   BANK2   BANK3  BANK4h  BANK5h   BANK6   BANK7
 11142 ;;      Params:         0       0       0       0       0       0       0       0       0
 11143 ;;      Locals:         1       0       0       0       0       0       0       0       0
 11144 ;;      Temps:          0       0       0       0       0       0       0       0       0
 11145 ;;      Totals:         1       0       0       0       0       0       0       0       0
 11146 ;;Total ram usage:        1 bytes
 11147 ;; Hardware stack levels used: 1
 11148 ;; This function calls:
 11149 ;;		Nothing
 11150 ;; This function is called by:
 11151 ;;		_USBCtrlEPAllowDataStage
 11152 ;;		_USBCtrlTrfInHandler
 11153 ;; This function uses a non-reentrant model
 11154 ;;
 11155                           
 11156                           	psect	text54
 11157   001386                     __ptext54:
 11158                           	callstack 0
 11159   001386                     _USBCtrlTrfTxService:
 11160                           	callstack 21
 11161   001386                     
 11162                           ;usb_device.c: 1777:     uint8_t byteToSend;;usb_device.c: 1781:     byteToSend = 8;
 11163   001386  0E08               	movlw	8
 11164   001388  6E30               	movwf	USBCtrlTrfTxService@byteToSend^0,c
 11165   00138A                     
 11166                           ;usb_device.c: 1782:     if(inPipes[0].wCount.Val < (uint8_t)8)
 11167   00138A  500C               	movf	(_inPipes+4)^0,w,c	;volatile
 11168   00138C  E107               	bnz	i2u207_41
 11169   00138E  0E08               	movlw	8
 11170   001390  5C0B               	subwf	(_inPipes+3)^0,w,c	;volatile
 11171   001392  B0D8               	btfsc	status,0,c
 11172   001394  EFCE  F009         	goto	i2u207_41
 11173   001398  EFD0  F009         	goto	i2u207_40
 11174   00139C                     i2u207_41:
 11175   00139C  EFE8  F009         	goto	i2l3503
 11176   0013A0                     i2u207_40:
 11177   0013A0                     
 11178                           ;usb_device.c: 1783:     {;usb_device.c: 1784:         byteToSend = inPipes[0].wCount.Va
      +                          l;
 11179   0013A0  C00B  F030         	movff	_inPipes+3,USBCtrlTrfTxService@byteToSend	;volatile
 11180   0013A4                     
 11181                           ;usb_device.c: 1791:         if(shortPacketStatus == 0)
 11182   0013A4  502B               	movf	_shortPacketStatus^0,w,c	;volatile
 11183   0013A6  A4D8               	btfss	status,2,c
 11184   0013A8  EFD8  F009         	goto	i2u208_41
 11185   0013AC  EFDA  F009         	goto	i2u208_40
 11186   0013B0                     i2u208_41:
 11187   0013B0  EFDE  F009         	goto	i2l3499
 11188   0013B4                     i2u208_40:
 11189   0013B4                     
 11190                           ;usb_device.c: 1792:         {;usb_device.c: 1793:             shortPacketStatus = 1;
 11191   0013B4  0E01               	movlw	1
 11192   0013B6  6E2B               	movwf	_shortPacketStatus^0,c	;volatile
 11193                           
 11194                           ;usb_device.c: 1794:         }
 11195   0013B8  EFE8  F009         	goto	i2l3503
 11196   0013BC                     i2l3499:
 11197   0013BC  042B               	decf	_shortPacketStatus^0,w,c	;volatile
 11198   0013BE  A4D8               	btfss	status,2,c
 11199   0013C0  EFE4  F009         	goto	i2u209_41
 11200   0013C4  EFE6  F009         	goto	i2u209_40
 11201   0013C8                     i2u209_41:
 11202   0013C8  EFE8  F009         	goto	i2l3503
 11203   0013CC                     i2u209_40:
 11204   0013CC                     
 11205                           ;usb_device.c: 1796:         {;usb_device.c: 1797:             shortPacketStatus = 2;
 11206   0013CC  0E02               	movlw	2
 11207   0013CE  6E2B               	movwf	_shortPacketStatus^0,c	;volatile
 11208   0013D0                     i2l3503:
 11209                           
 11210                           ;usb_device.c: 1803:     inPipes[0].wCount.Val -= byteToSend;
 11211   0013D0  5030               	movf	USBCtrlTrfTxService@byteToSend^0,w,c
 11212   0013D2  5E0B               	subwf	(_inPipes+3)^0,f,c	;volatile
 11213   0013D4  0E00               	movlw	0
 11214   0013D6  5A0C               	subwfb	(_inPipes+4)^0,f,c	;volatile
 11215   0013D8                     
 11216                           ;usb_device.c: 1808:     pBDTEntryIn[0]->CNT = byteToSend;
 11217   0013D8  EE20 F001          	lfsr	2,1
 11218   0013DC  500D               	movf	_pBDTEntryIn^0,w,c
 11219   0013DE  26D9               	addwf	fsr2l,f,c
 11220   0013E0  500E               	movf	(_pBDTEntryIn+1)^0,w,c
 11221   0013E2  22DA               	addwfc	fsr2h,f,c
 11222   0013E4  C030  FFDF         	movff	USBCtrlTrfTxService@byteToSend,indf2
 11223   0013E8                     
 11224                           ;usb_device.c: 1812:     pDst = (volatile uint8_t*)CtrlTrfData;
 11225   0013E8  0E28               	movlw	40
 11226   0013EA  0100               	movlb	0	; () banked
 11227   0013EC  6F79               	movwf	_pDst& (0+255),b
 11228   0013EE  0E04               	movlw	4
 11229   0013F0  6F7A               	movwf	(_pDst+1)& (0+255),b
 11230   0013F2                     
 11231                           ; BSR set to: 0
 11232                           ;usb_device.c: 1813:     if(inPipes[0].info.bits.ctrl_trf_mem == 0x00)
 11233   0013F2  B00A               	btfsc	(_inPipes+2)^0,0,c	;volatile
 11234   0013F4  EFFE  F009         	goto	i2u210_41
 11235   0013F8  EF00  F00A         	goto	i2u210_40
 11236   0013FC                     i2u210_41:
 11237   0013FC  EF42  F00A         	goto	i2l3531
 11238   001400                     i2u210_40:
 11239   001400  EF1D  F00A         	goto	i2l3521
 11240   001404                     i2l3513:
 11241                           
 11242                           ; BSR set to: 0
 11243                           ;usb_device.c: 1816:         {;usb_device.c: 1817:             *pDst++ = *inPipes[0].pSr
      +                          c.bRom++;
 11244   001404  C008  FFF6         	movff	_inPipes,tblptrl	;volatile
 11245   001408  C009  FFF7         	movff	_inPipes+1,tblptrh	;volatile
 11246   00140C  6AF8               	clrf	tblptru,c
 11247   00140E  C079  FFD9         	movff	_pDst,fsr2l
 11248   001412  C07A  FFDA         	movff	_pDst+1,fsr2h
 11249   001416  0E07               	movlw	(high __ramtop+-1)
 11250   001418  64F7               	cpfsgt	tblptrh,c
 11251   00141A  D003               	bra	i2u211_47
 11252   00141C  0008               	tblrd		*
 11253   00141E  50F5               	movf	tablat,w,c
 11254   001420  D005               	bra	i2u211_40
 11255   001422                     i2u211_47:
 11256   001422  CFF6 FFE1          	movff	tblptrl,fsr1l
 11257   001426  CFF7 FFE2          	movff	tblptrh,fsr1h
 11258   00142A  50E7               	movf	indf1,w,c
 11259   00142C                     i2u211_40:
 11260   00142C  6EDF               	movwf	indf2,c
 11261   00142E  4A08               	infsnz	_inPipes^0,f,c	;volatile
 11262   001430  2A09               	incf	(_inPipes+1)^0,f,c	;volatile
 11263   001432  0100               	movlb	0	; () banked
 11264   001434  4B79               	infsnz	_pDst& (0+255),f,b
 11265   001436  2B7A               	incf	(_pDst+1)& (0+255),f,b
 11266   001438                     
 11267                           ; BSR set to: 0
 11268                           ;usb_device.c: 1818:             byteToSend--;
 11269   001438  0630               	decf	USBCtrlTrfTxService@byteToSend^0,f,c
 11270   00143A                     i2l3521:
 11271                           
 11272                           ; BSR set to: 0
 11273                           ;usb_device.c: 1815:         while(byteToSend)
 11274   00143A  5030               	movf	USBCtrlTrfTxService@byteToSend^0,w,c
 11275   00143C  A4D8               	btfss	status,2,c
 11276   00143E  EF23  F00A         	goto	i2u212_41
 11277   001442  EF25  F00A         	goto	i2u212_40
 11278   001446                     i2u212_41:
 11279   001446  EF02  F00A         	goto	i2l3513
 11280   00144A                     i2u212_40:
 11281   00144A  EF4A  F00A         	goto	i2l517
 11282   00144E                     i2l3523:
 11283                           
 11284                           ; BSR set to: 0
 11285                           ;usb_device.c: 1824:         {;usb_device.c: 1825:             *pDst++ = *inPipes[0].pSr
      +                          c.bRam++;
 11286   00144E  C008  FFF6         	movff	_inPipes,tblptrl	;volatile
 11287   001452  C009  FFF7         	movff	_inPipes+1,tblptrh	;volatile
 11288   001456  6AF8               	clrf	tblptru,c
 11289   001458  C079  FFD9         	movff	_pDst,fsr2l
 11290   00145C  C07A  FFDA         	movff	_pDst+1,fsr2h
 11291   001460  0E07               	movlw	(high __ramtop+-1)
 11292   001462  64F7               	cpfsgt	tblptrh,c
 11293   001464  D003               	bra	i2u213_47
 11294   001466  0008               	tblrd		*
 11295   001468  50F5               	movf	tablat,w,c
 11296   00146A  D005               	bra	i2u213_40
 11297   00146C                     i2u213_47:
 11298   00146C  CFF6 FFE1          	movff	tblptrl,fsr1l
 11299   001470  CFF7 FFE2          	movff	tblptrh,fsr1h
 11300   001474  50E7               	movf	indf1,w,c
 11301   001476                     i2u213_40:
 11302   001476  6EDF               	movwf	indf2,c
 11303   001478  4A08               	infsnz	_inPipes^0,f,c	;volatile
 11304   00147A  2A09               	incf	(_inPipes+1)^0,f,c	;volatile
 11305   00147C  0100               	movlb	0	; () banked
 11306   00147E  4B79               	infsnz	_pDst& (0+255),f,b
 11307   001480  2B7A               	incf	(_pDst+1)& (0+255),f,b
 11308   001482                     
 11309                           ; BSR set to: 0
 11310                           ;usb_device.c: 1826:             byteToSend--;
 11311   001482  0630               	decf	USBCtrlTrfTxService@byteToSend^0,f,c
 11312   001484                     i2l3531:
 11313                           
 11314                           ; BSR set to: 0
 11315                           ;usb_device.c: 1823:         while(byteToSend)
 11316   001484  5030               	movf	USBCtrlTrfTxService@byteToSend^0,w,c
 11317   001486  A4D8               	btfss	status,2,c
 11318   001488  EF48  F00A         	goto	i2u214_41
 11319   00148C  EF4A  F00A         	goto	i2u214_40
 11320   001490                     i2u214_41:
 11321   001490  EF27  F00A         	goto	i2l3523
 11322   001494                     i2u214_40:
 11323   001494                     i2l517:
 11324                           
 11325                           ; BSR set to: 0
 11326   001494  0012               	return		;funcret
 11327   001496                     __end_of_USBCtrlTrfTxService:
 11328                           	callstack 0
 11329                           
 11330                           	psect	rparam
 11331   000001                     ___rparam_used  equ	1
 11332   000000                     ___param_bank   equ	0
 11333   000000                     __Lparam        equ	__Lrparam
 11334   000000                     __Hparam        equ	__Hrparam
 11335                           
 11336                           	psect	temp
 11337   00005C                     btemp:
 11338                           	callstack 0
 11339   00005C                     	ds	1
 11340   00005C                     int$flags       set	btemp
 11341   00005D                     wtemp8          set	btemp+1
 11342   00005D                     ttemp5          set	btemp+1
 11343   000060                     ttemp6          set	btemp+4
 11344   000064                     ttemp7          set	btemp+8
 11345                           
 11346                           	psect	config
 11347                           
 11348                           ;Config register CONFIG1L @ 0x300000
 11349                           ;	PLL Prescaler Selection bits
 11350                           ;	PLLDIV = 5, Divide by 5 (20 MHz oscillator input)
 11351                           ;	System Clock Postscaler Selection bits
 11352                           ;	CPUDIV = OSC1_PLL2, [Primary Oscillator Src: /1][96 MHz PLL Src: /2]
 11353                           ;	USB Clock Selection bit (used in Full-Speed USB mode only; UCFG:FSEN = 1)
 11354                           ;	USBDIV = 2, USB clock source comes from the 96 MHz PLL divided by 2
 11355   300000                     	org	3145728
 11356   300000  24                 	db	36
 11357                           
 11358                           ;Config register CONFIG1H @ 0x300001
 11359                           ;	Oscillator Selection bits
 11360                           ;	FOSC = HSPLL_HS, HS oscillator, PLL enabled (HSPLL)
 11361                           ;	Fail-Safe Clock Monitor Enable bit
 11362                           ;	FCMEN = OFF, Fail-Safe Clock Monitor disabled
 11363                           ;	Internal/External Oscillator Switchover bit
 11364                           ;	IESO = OFF, Oscillator Switchover mode disabled
 11365   300001                     	org	3145729
 11366   300001  0E                 	db	14
 11367                           
 11368                           ;Config register CONFIG2L @ 0x300002
 11369                           ;	Power-up Timer Enable bit
 11370                           ;	PWRT = OFF, PWRT disabled
 11371                           ;	Brown-out Reset Enable bits
 11372                           ;	BOR = ON, Brown-out Reset enabled in hardware only (SBOREN is disabled)
 11373                           ;	Brown-out Reset Voltage bits
 11374                           ;	BORV = 3, Minimum setting 2.05V
 11375                           ;	USB Voltage Regulator Enable bit
 11376                           ;	VREGEN = ON, USB voltage regulator enabled
 11377   300002                     	org	3145730
 11378   300002  3F                 	db	63
 11379                           
 11380                           ;Config register CONFIG2H @ 0x300003
 11381                           ;	Watchdog Timer Enable bit
 11382                           ;	WDT = OFF, WDT disabled (control is placed on the SWDTEN bit)
 11383                           ;	Watchdog Timer Postscale Select bits
 11384                           ;	WDTPS = 32768, 1:32768
 11385   300003                     	org	3145731
 11386   300003  1E                 	db	30
 11387                           
 11388                           ; Padding undefined space
 11389   300004                     	org	3145732
 11390   300004  FF                 	db	255
 11391                           
 11392                           ;Config register CONFIG3H @ 0x300005
 11393                           ;	CCP2 MUX bit
 11394                           ;	CCP2MX = 0x1, unprogrammed default
 11395                           ;	PORTB A/D Enable bit
 11396                           ;	PBADEN = OFF, PORTB<4:0> pins are configured as digital I/O on Reset
 11397                           ;	Low-Power Timer 1 Oscillator Enable bit
 11398                           ;	LPT1OSC = OFF, Timer1 configured for higher power operation
 11399                           ;	MCLR Pin Enable bit
 11400                           ;	MCLRE = ON, MCLR pin enabled; RE3 input pin disabled
 11401   300005                     	org	3145733
 11402   300005  81                 	db	129
 11403                           
 11404                           ;Config register CONFIG4L @ 0x300006
 11405                           ;	Stack Full/Underflow Reset Enable bit
 11406                           ;	STVREN = ON, Stack full/underflow will cause Reset
 11407                           ;	Single-Supply ICSP Enable bit
 11408                           ;	LVP = OFF, Single-Supply ICSP disabled
 11409                           ;	Extended Instruction Set Enable bit
 11410                           ;	XINST = OFF, Instruction set extension and Indexed Addressing mode disabled (Legacy mo
      +                          de)
 11411                           ;	Background Debugger Enable bit
 11412                           ;	DEBUG = 0x1, unprogrammed default
 11413   300006                     	org	3145734
 11414   300006  81                 	db	129
 11415                           
 11416                           ; Padding undefined space
 11417   300007                     	org	3145735
 11418   300007  FF                 	db	255
 11419                           
 11420                           ;Config register CONFIG5L @ 0x300008
 11421                           ;	Code Protection bit
 11422                           ;	CP0 = OFF, Block 0 (000800-001FFFh) is not code-protected
 11423                           ;	Code Protection bit
 11424                           ;	CP1 = OFF, Block 1 (002000-003FFFh) is not code-protected
 11425                           ;	Code Protection bit
 11426                           ;	CP2 = 0x1, unprogrammed default
 11427                           ;	Code Protection bit
 11428                           ;	CP3 = 0x1, unprogrammed default
 11429   300008                     	org	3145736
 11430   300008  0F                 	db	15
 11431                           
 11432                           ;Config register CONFIG5H @ 0x300009
 11433                           ;	Boot Block Code Protection bit
 11434                           ;	CPB = OFF, Boot block (000000-0007FFh) is not code-protected
 11435                           ;	Data EEPROM Code Protection bit
 11436                           ;	CPD = 0x1, unprogrammed default
 11437   300009                     	org	3145737
 11438   300009  C0                 	db	192
 11439                           
 11440                           ;Config register CONFIG6L @ 0x30000A
 11441                           ;	Write Protection bit
 11442                           ;	WRT0 = OFF, Block 0 (000800-001FFFh) is not write-protected
 11443                           ;	Write Protection bit
 11444                           ;	WRT1 = OFF, Block 1 (002000-003FFFh) is not write-protected
 11445                           ;	Write Protection bit
 11446                           ;	WRT2 = 0x1, unprogrammed default
 11447                           ;	Write Protection bit
 11448                           ;	WRT3 = 0x1, unprogrammed default
 11449   30000A                     	org	3145738
 11450   30000A  0F                 	db	15
 11451                           
 11452                           ;Config register CONFIG6H @ 0x30000B
 11453                           ;	Configuration Register Write Protection bit
 11454                           ;	WRTC = OFF, Configuration registers (300000-3000FFh) are not write-protected
 11455                           ;	Boot Block Write Protection bit
 11456                           ;	WRTB = OFF, Boot block (000000-0007FFh) is not write-protected
 11457                           ;	Data EEPROM Write Protection bit
 11458                           ;	WRTD = 0x1, unprogrammed default
 11459   30000B                     	org	3145739
 11460   30000B  E0                 	db	224
 11461                           
 11462                           ;Config register CONFIG7L @ 0x30000C
 11463                           ;	Table Read Protection bit
 11464                           ;	EBTR0 = OFF, Block 0 (000800-001FFFh) is not protected from table reads executed in ot
      +                          her blocks
 11465                           ;	Table Read Protection bit
 11466                           ;	EBTR1 = OFF, Block 1 (002000-003FFFh) is not protected from table reads executed in ot
      +                          her blocks
 11467                           ;	Table Read Protection bit
 11468                           ;	EBTR2 = 0x1, unprogrammed default
 11469                           ;	Table Read Protection bit
 11470                           ;	EBTR3 = 0x1, unprogrammed default
 11471   30000C                     	org	3145740
 11472   30000C  0F                 	db	15
 11473                           
 11474                           ;Config register CONFIG7H @ 0x30000D
 11475                           ;	Boot Block Table Read Protection bit
 11476                           ;	EBTRB = OFF, Boot block (000000-0007FFh) is not protected from table reads executed in
      +                           other blocks
 11477   30000D                     	org	3145741
 11478   30000D  40                 	db	64
 11479                           tosu	equ	0xFFF
 11480                           tosh	equ	0xFFE
 11481                           tosl	equ	0xFFD
 11482                           stkptr	equ	0xFFC
 11483                           pclatu	equ	0xFFB
 11484                           pclath	equ	0xFFA
 11485                           pcl	equ	0xFF9
 11486                           tblptru	equ	0xFF8
 11487                           tblptrh	equ	0xFF7
 11488                           tblptrl	equ	0xFF6
 11489                           tablat	equ	0xFF5
 11490                           prodh	equ	0xFF4
 11491                           prodl	equ	0xFF3
 11492                           indf0	equ	0xFEF
 11493                           postinc0	equ	0xFEE
 11494                           postdec0	equ	0xFED
 11495                           preinc0	equ	0xFEC
 11496                           plusw0	equ	0xFEB
 11497                           fsr0h	equ	0xFEA
 11498                           fsr0l	equ	0xFE9
 11499                           wreg	equ	0xFE8
 11500                           indf1	equ	0xFE7
 11501                           postinc1	equ	0xFE6
 11502                           postdec1	equ	0xFE5
 11503                           preinc1	equ	0xFE4
 11504                           plusw1	equ	0xFE3
 11505                           fsr1h	equ	0xFE2
 11506                           fsr1l	equ	0xFE1
 11507                           bsr	equ	0xFE0
 11508                           indf2	equ	0xFDF
 11509                           postinc2	equ	0xFDE
 11510                           postdec2	equ	0xFDD
 11511                           preinc2	equ	0xFDC
 11512                           plusw2	equ	0xFDB
 11513                           fsr2h	equ	0xFDA
 11514                           fsr2l	equ	0xFD9
 11515                           status	equ	0xFD8

Data Sizes:
    Strings     0
    Constant    271
    Data        0
    BSS         94
    Persistent  0
    Stack       0

Auto Spaces:
    Space          Size  Autos    Used
    COMRAM           94     44      91
    BANK0           160     19      66
    BANK1           256      0       0
    BANK2           256      0       0
    BANK3           256      0       0
    BANK4h          208      0       0
    BANK5h          244      0       0
    BANK6           256      0       0
    BANK7           256      0       0

Pointer List with Targets:

    consumer$lastINTransmission	PTR void  size(2) Largest target is 2047
		 -> BDT(ABS[32]), RAM(DATA[2047]), NULL(NULL[0]), 

    consumer$lastOUTTransmission	PTR void  size(2) Largest target is 2047
		 -> BDT(ABS[32]), RAM(DATA[2047]), NULL(NULL[0]), 

    inPipes$pSrc$bRam	PTR unsigned char  size(2) Largest target is 104
		 -> active_protocol(BANK0[1]), configDescriptor1(CODE[41]), CtrlTrfData(ABS[8]), device_dsc(CODE[18]), 
		 -> hid_rpt01(CODE[104]), idle_rate(BANK0[1]), sd000(CODE[4]), sd001(CODE[52]), 
		 -> sd002(CODE[28]), USBActiveConfiguration(COMRAM[1]), USBAlternateInterface(COMRAM[1]), 

    inPipes$pSrc$bRom	PTR const unsigned char  size(2) Largest target is 0

    inPipes$pSrc$wRam	PTR unsigned short  size(2) Largest target is 104
		 -> active_protocol(BANK0[1]), configDescriptor1(CODE[41]), CtrlTrfData(ABS[8]), device_dsc(CODE[18]), 
		 -> hid_rpt01(CODE[104]), idle_rate(BANK0[1]), sd000(CODE[4]), sd001(CODE[52]), 
		 -> sd002(CODE[28]), USBActiveConfiguration(COMRAM[1]), USBAlternateInterface(COMRAM[1]), 

    inPipes$pSrc$wRom	PTR const unsigned short  size(2) Largest target is 0

    keyboard$lastINTransmission	PTR void  size(2) Largest target is 2047
		 -> BDT(ABS[32]), RAM(DATA[2047]), NULL(NULL[0]), 

    keyboard$lastOUTTransmission	PTR void  size(2) Largest target is 2047
		 -> BDT(ABS[32]), RAM(DATA[2047]), NULL(NULL[0]), 

    lastConsumerTransmission	PTR void  size(2) Largest target is 0
		 -> NULL(NULL[0]), 

    memcpy@d	PTR unsigned char  size(2) Largest target is 8
		 -> SetupPkt(DATA[8]), 

    memcpy@d1	PTR void  size(2) Largest target is 8
		 -> SetupPkt(DATA[8]), 

    memcpy@s	PTR const unsigned char  size(2) Largest target is 2047
		 -> CtrlTrfData(ABS[8]), RAM(DATA[2047]), SetupPkt(DATA[8]), 

    memcpy@s1	PTR const void  size(2) Largest target is 2047
		 -> CtrlTrfData(ABS[8]), RAM(DATA[2047]), SetupPkt(DATA[8]), 

    memset@dest	PTR void  size(2) Largest target is 32
		 -> BDT(ABS[32]), consumerReport(ABS[2]), inputReport(ABS[9]), UEP1(BIGSFR[1]), 
		 -> USBAlternateInterface(COMRAM[1]), 

    memset@p	PTR unsigned char  size(2) Largest target is 32
		 -> BDT(ABS[32]), consumerReport(ABS[2]), inputReport(ABS[9]), UEP1(BIGSFR[1]), 
		 -> USBAlternateInterface(COMRAM[1]), 

    outPipes$pDst$bRam	PTR unsigned char  size(2) Largest target is 8
		 -> CtrlTrfData(ABS[8]), 

    outPipes$pDst$wRam	PTR unsigned short  size(2) Largest target is 0

    outPipes$pFunc	PTR FTN()void  size(2) Largest target is 1
		 -> USBHIDCBSetReportComplete(), 

    pBDTEntryEP0OutCurrent	PTR volatile struct __BDT size(2) Largest target is 32
		 -> BDT(ABS[32]), NULL(NULL[0]), 

    pBDTEntryEP0OutNext	PTR volatile struct __BDT size(2) Largest target is 2047
		 -> BDT(ABS[32]), RAM(DATA[2047]), NULL(NULL[0]), 

    pBDTEntryIn	PTR volatile struct __BDT[2] size(2) Largest target is 2047
		 -> BDT(ABS[32]), RAM(DATA[2047]), NULL(NULL[0]), 

    pBDTEntryOut	PTR volatile struct __BDT[2] size(2) Largest target is 2047
		 -> BDT(ABS[32]), RAM(DATA[2047]), NULL(NULL[0]), 

    pDst	PTR volatile unsigned char  size(2) Largest target is 8
		 -> CtrlTrfData(ABS[8]), NULL(NULL[0]), 

    S229$bRam	PTR unsigned char  size(2) Largest target is 8
		 -> CtrlTrfData(ABS[8]), 

    S229$wRam	PTR unsigned short  size(2) Largest target is 0

    S246$pFunc	PTR FTN()void  size(2) Largest target is 1
		 -> USBHIDCBSetReportComplete(), 

    S746$bRam	PTR unsigned char  size(2) Largest target is 104
		 -> active_protocol(BANK0[1]), configDescriptor1(CODE[41]), CtrlTrfData(ABS[8]), device_dsc(CODE[18]), 
		 -> hid_rpt01(CODE[104]), idle_rate(BANK0[1]), sd000(CODE[4]), sd001(CODE[52]), 
		 -> sd002(CODE[28]), USBActiveConfiguration(COMRAM[1]), USBAlternateInterface(COMRAM[1]), 

    S746$bRom	PTR const unsigned char  size(2) Largest target is 0

    S746$wRam	PTR unsigned short  size(2) Largest target is 0

    S746$wRom	PTR const unsigned short  size(2) Largest target is 0

    S85$lastINTransmission	PTR void  size(2) Largest target is 2047
		 -> BDT(ABS[32]), RAM(DATA[2047]), NULL(NULL[0]), 

    S85$lastOUTTransmission	PTR void  size(2) Largest target is 2047
		 -> BDT(ABS[32]), RAM(DATA[2047]), NULL(NULL[0]), 

    sp__memcpy	PTR void  size(2) Largest target is 8
		 -> SetupPkt(DATA[8]), 

    sp__memset	PTR void  size(2) Largest target is 32
		 -> BDT(ABS[32]), consumerReport(ABS[2]), inputReport(ABS[9]), UEP1(BIGSFR[1]), 
		 -> USBAlternateInterface(COMRAM[1]), 

    sp__USBTransferOnePacket	PTR void  size(2) Largest target is 2047
		 -> BDT(ABS[32]), RAM(DATA[2047]), NULL(NULL[0]), 

    USB_CD_Ptr	const PTR const unsigned char [1] size(2) Largest target is 41
		 -> configDescriptor1(CODE[41]), 

    USB_SD_Ptr	const PTR const unsigned char [3] size(2) Largest target is 52
		 -> sd000(CODE[4]), sd001(CODE[52]), sd002(CODE[28]), 

    USBConfigureEndpoint@handle	PTR volatile struct __BDT size(2) Largest target is 32
		 -> BDT(ABS[32]), 

    USBEnableEndpoint@p	PTR unsigned char  size(2) Largest target is 1
		 -> UEP0(BIGSFR[1]), 

    USBStdFeatureReqHandler@p	PTR struct __BDT size(2) Largest target is 2047
		 -> BDT(ABS[32]), RAM(DATA[2047]), NULL(NULL[0]), 

    USBStdFeatureReqHandler@pUEP	PTR unsigned char  size(2) Largest target is 1
		 -> UEP0(BIGSFR[1]), 

    USBStdGetStatusHandler@p	PTR struct __BDT size(2) Largest target is 2047
		 -> BDT(ABS[32]), RAM(DATA[2047]), NULL(NULL[0]), 

    USBTransferOnePacket@data	PTR unsigned char  size(2) Largest target is 9
		 -> consumerReport(ABS[2]), inputReport(ABS[9]), outputReport(ABS[1]), 

    USBTransferOnePacket@handle	PTR volatile struct __BDT size(2) Largest target is 2047
		 -> BDT(ABS[32]), RAM(DATA[2047]), NULL(NULL[0]), 

    USER_USB_CALLBACK_EVENT_HANDLER@pdata	PTR void  size(2) Largest target is 2047
		 -> BDT(ABS[32]), RAM(DATA[2047]), USBActiveConfiguration(COMRAM[1]), USTATcopy(COMRAM[1]), 
		 -> NULL(NULL[0]), 


Critical Paths under _main in COMRAM

    None.

Critical Paths under _SYS_InterruptHigh in COMRAM

    _SYS_InterruptHigh->_USBDeviceTasks
    _USBDeviceTasks->_USBCtrlEPService
    i2_USBDeviceInit->i2_memset
    _USBWakeFromSuspend->_USER_USB_CALLBACK_EVENT_HANDLER
    _USBSuspend->_USER_USB_CALLBACK_EVENT_HANDLER
    _USBCtrlTrfSetupHandler->_USBCheckStdRequest
    _USBCtrlEPAllowDataStage->_USBCtrlTrfTxService
    _USBCheckStdRequest->_USBStdFeatureReqHandler
    _USBStdSetCfgHandler->_USER_USB_CALLBACK_EVENT_HANDLER
    _USBStdFeatureReqHandler->_USER_USB_CALLBACK_EVENT_HANDLER
    i2_SYSTEM_Initialize->i2_BUTTON_Enable
    i2_SYSTEM_Initialize->i2_LED_Enable
    _USBCheckHIDRequest->_USBHIDCBSetIdleRateHandler
    _APP_LEDUpdateUSBStatus->i2_LED_Off
    _APP_LEDUpdateUSBStatus->i2_LED_On
    _APP_KeyboardInit->_USBEnableEndpoint
    _USBEnableEndpoint->_USBConfigureEndpoint
    _USBCtrlTrfOutHandler->_USBCtrlTrfRxService
    i2_APP_KeyboardProcessOutputReport->i2_LED_Off
    i2_APP_KeyboardProcessOutputReport->i2_LED_On

Critical Paths under _main in BANK0

    _main->_APP_KeyboardTasks
    _USBDeviceInit->_memset
    _SYSTEM_Initialize->_BUTTON_Enable
    _SYSTEM_Initialize->_LED_Enable
    _APP_KeyboardTasks->_USBTransferOnePacket
    _APP_KeyboardProcessOutputReport->_LED_Off
    _APP_KeyboardProcessOutputReport->_LED_On

Critical Paths under _SYS_InterruptHigh in BANK0

    None.

Critical Paths under _main in BANK1

    None.

Critical Paths under _SYS_InterruptHigh in BANK1

    None.

Critical Paths under _main in BANK2

    None.

Critical Paths under _SYS_InterruptHigh in BANK2

    None.

Critical Paths under _main in BANK3

    None.

Critical Paths under _SYS_InterruptHigh in BANK3

    None.

Critical Paths under _main in BANK4h

    None.

Critical Paths under _SYS_InterruptHigh in BANK4h

    None.

Critical Paths under _main in BANK5h

    None.

Critical Paths under _SYS_InterruptHigh in BANK5h

    None.

Critical Paths under _main in BANK6

    None.

Critical Paths under _SYS_InterruptHigh in BANK6

    None.

Critical Paths under _main in BANK7

    None.

Critical Paths under _SYS_InterruptHigh in BANK7

    None.

Call Graph Tables:

 ---------------------------------------------------------------------------------
 (Depth) Function   	        Calls       Base Space   Used Autos Params    Refs
 ---------------------------------------------------------------------------------
 (0) _main                                                 0     0      0    1873
                  _APP_KeyboardTasks
                  _SYSTEM_Initialize
                    _USBDeviceAttach
                      _USBDeviceInit
 ---------------------------------------------------------------------------------
 (1) _USBDeviceInit                                        1     1      0     455
                                              8 BANK0      1     1      0
                             _memset
 ---------------------------------------------------------------------------------
 (1) _USBDeviceAttach                                      0     0      0       0
 ---------------------------------------------------------------------------------
 (1) _SYSTEM_Initialize                                    3     3      0      87
                                              3 BANK0      3     3      0
                      _BUTTON_Enable
                         _LED_Enable
 ---------------------------------------------------------------------------------
 (2) _LED_Enable                                           3     3      0      29
                                              0 BANK0      3     3      0
 ---------------------------------------------------------------------------------
 (2) _BUTTON_Enable                                        3     3      0      29
                                              0 BANK0      3     3      0
 ---------------------------------------------------------------------------------
 (1) _APP_KeyboardTasks                                    8     8      0    1331
                                             11 BANK0      8     8      0
    _APP_KeyboardProcessOutputReport
                   _BUTTON_IsPressed
               _ENCODER_GetDirection
                       _ENCODER_Task
               _USBTransferOnePacket
                             _memset
 ---------------------------------------------------------------------------------
 (2) _memset                                               8     2      6     164
                                              0 BANK0      8     2      6
 ---------------------------------------------------------------------------------
 (2) _USBTransferOnePacket                                11     7      4     427
                                              0 BANK0     11     7      4
 ---------------------------------------------------------------------------------
 (2) _ENCODER_Task                                         4     4      0     112
                                              0 BANK0      4     4      0
 ---------------------------------------------------------------------------------
 (2) _ENCODER_GetDirection                                 1     1      0      40
                                              0 BANK0      1     1      0
 ---------------------------------------------------------------------------------
 (2) _BUTTON_IsPressed                                     3     3      0      29
                                              0 BANK0      3     3      0
 ---------------------------------------------------------------------------------
 (2) _APP_KeyboardProcessOutputReport                      0     0      0      58
                            _LED_Off
                             _LED_On
 ---------------------------------------------------------------------------------
 (3) _LED_On                                               3     3      0      29
                                              0 BANK0      3     3      0
 ---------------------------------------------------------------------------------
 (3) _LED_Off                                              3     3      0      29
                                              0 BANK0      3     3      0
 ---------------------------------------------------------------------------------
 Estimated maximum stack depth 3
 ---------------------------------------------------------------------------------
 (Depth) Function   	        Calls       Base Space   Used Autos Params    Refs
 ---------------------------------------------------------------------------------
 (4) _SYS_InterruptHigh                                   12    12      0    9298
                                             32 COMRAM    12    12      0
                     _USBDeviceTasks
 ---------------------------------------------------------------------------------
 (5) _USBDeviceTasks                                       1     1      0    9298
                                             31 COMRAM     1     1      0
          _USBCtrlEPAllowStatusStage
                   _USBCtrlEPService
      _USBIncrement1msInternalTimers
                    _USBStallHandler
                         _USBSuspend
                 _USBWakeFromSuspend
    _USER_USB_CALLBACK_EVENT_HANDLER
                    i2_USBDeviceInit
 ---------------------------------------------------------------------------------
 (6) i2_USBDeviceInit                                      1     1      0     310
                                              8 COMRAM     1     1      0
                           i2_memset
 ---------------------------------------------------------------------------------
 (6) _USBWakeFromSuspend                                   0     0      0    1092
    _USER_USB_CALLBACK_EVENT_HANDLER
 ---------------------------------------------------------------------------------
 (6) _USBSuspend                                           0     0      0    1092
    _USER_USB_CALLBACK_EVENT_HANDLER
 ---------------------------------------------------------------------------------
 (6) _USBStallHandler                                      1     1      0       0
                                              0 COMRAM     1     1      0
 ---------------------------------------------------------------------------------
 (6) _USBIncrement1msInternalTimers                        0     0      0       0
 ---------------------------------------------------------------------------------
 (6) _USBCtrlEPService                                     1     1      0    5666
                                             30 COMRAM     1     1      0
                _USBCtrlTrfInHandler
               _USBCtrlTrfOutHandler
             _USBCtrlTrfSetupHandler
                             _memcpy
 ---------------------------------------------------------------------------------
 (7) _memcpy                                              11     5      6     146
                                              0 COMRAM    11     5      6
 ---------------------------------------------------------------------------------
 (7) _USBCtrlTrfSetupHandler                               0     0      0    5175
                 _USBCheckStdRequest
           _USBCtrlEPServiceComplete
    _USER_USB_CALLBACK_EVENT_HANDLER
 ---------------------------------------------------------------------------------
 (8) _USBCtrlEPServiceComplete                             0     0      0      92
            _USBCtrlEPAllowDataStage
          _USBCtrlEPAllowStatusStage
 ---------------------------------------------------------------------------------
 (9) _USBCtrlEPAllowDataStage                              0     0      0      92
                _USBCtrlTrfTxService
 ---------------------------------------------------------------------------------
 (8) _USBCheckStdRequest                                   1     1      0    3991
                                             29 COMRAM     1     1      0
            _USBStdFeatureReqHandler
                _USBStdGetDscHandler
             _USBStdGetStatusHandler
                _USBStdSetCfgHandler
    _USER_USB_CALLBACK_EVENT_HANDLER
 ---------------------------------------------------------------------------------
 (9) _USBStdSetCfgHandler                                  1     1      0    1290
                                             22 COMRAM     1     1      0
    _USER_USB_CALLBACK_EVENT_HANDLER
                           i2_memset
 ---------------------------------------------------------------------------------
 (7) i2_memset                                             8     2      6     108
                                              0 COMRAM     8     2      6
 ---------------------------------------------------------------------------------
 (9) _USBStdGetStatusHandler                               2     2      0      46
                                              0 COMRAM     2     2      0
 ---------------------------------------------------------------------------------
 (9) _USBStdGetDscHandler                                  2     2      0       0
                                              0 COMRAM     2     2      0
 ---------------------------------------------------------------------------------
 (9) _USBStdFeatureReqHandler                              7     7      0    1563
                                             22 COMRAM     7     7      0
    _USER_USB_CALLBACK_EVENT_HANDLER
 ---------------------------------------------------------------------------------
 (6) _USER_USB_CALLBACK_EVENT_HANDLER                      8     2      6    1092
                                             14 COMRAM     8     2      6
                   _APP_KeyboardInit
             _APP_LEDUpdateUSBStatus
                 _USBCheckHIDRequest
                i2_SYSTEM_Initialize
 ---------------------------------------------------------------------------------
 (7) i2_SYSTEM_Initialize                                  3     3      0      87
                                              3 COMRAM     3     3      0
                    i2_BUTTON_Enable
                       i2_LED_Enable
 ---------------------------------------------------------------------------------
 (8) i2_LED_Enable                                         3     3      0      29
                                              0 COMRAM     3     3      0
 ---------------------------------------------------------------------------------
 (8) i2_BUTTON_Enable                                      3     3      0      29
                                              0 COMRAM     3     3      0
 ---------------------------------------------------------------------------------
 (7) _USBCheckHIDRequest                                   0     0      0      52
         _USBHIDCBSetIdleRateHandler
           _USBHIDCBSetReportHandler
 ---------------------------------------------------------------------------------
 (8) _USBHIDCBSetReportHandler                             0     0      0       0
 ---------------------------------------------------------------------------------
 (8) _USBHIDCBSetIdleRateHandler                           2     1      1      52
                                              0 COMRAM     2     1      1
 ---------------------------------------------------------------------------------
 (7) _APP_LEDUpdateUSBStatus                               2     2      0      58
                                              3 COMRAM     2     2      0
                          i2_LED_Off
                           i2_LED_On
 ---------------------------------------------------------------------------------
 (7) _APP_KeyboardInit                                     0     0      0     843
                 _ENCODER_Initialize
                  _USBEnableEndpoint
             i2_USBTransferOnePacket
 ---------------------------------------------------------------------------------
 (8) i2_USBTransferOnePacket                              11     7      4     421
                                              0 COMRAM    11     7      4
 ---------------------------------------------------------------------------------
 (8) _USBEnableEndpoint                                    4     3      1     422
                                             10 COMRAM     4     3      1
               _USBConfigureEndpoint
 ---------------------------------------------------------------------------------
 (9) _USBConfigureEndpoint                                10     9      1     245
                                              0 COMRAM    10     9      1
 ---------------------------------------------------------------------------------
 (8) _ENCODER_Initialize                                   2     2      0       0
                                              0 COMRAM     2     2      0
 ---------------------------------------------------------------------------------
 (7) _USBCtrlTrfOutHandler                                 0     0      0     172
                _USBCtrlTrfRxService
 ---------------------------------------------------------------------------------
 (8) _USBCtrlTrfRxService                                  2     2      0     172
                                              3 COMRAM     2     2      0
          _USBCtrlEPAllowStatusStage
          _USBHIDCBSetReportComplete *
 ---------------------------------------------------------------------------------
 (9) _USBCtrlEPAllowStatusStage                            0     0      0       0
 ---------------------------------------------------------------------------------
 (7) _USBCtrlTrfInHandler                                  1     1      0     173
                                              3 COMRAM     1     1      0
                _USBCtrlTrfTxService
          _USBHIDCBSetReportComplete *
 ---------------------------------------------------------------------------------
 (9) _USBHIDCBSetReportComplete                            0     0      0      58
  i2_APP_KeyboardProcessOutputReport
 ---------------------------------------------------------------------------------
 (10) i2_APP_KeyboardProcessOutputReport                   0     0      0      58
                          i2_LED_Off
                           i2_LED_On
 ---------------------------------------------------------------------------------
 (8) i2_LED_On                                             3     3      0      29
                                              0 COMRAM     3     3      0
 ---------------------------------------------------------------------------------
 (8) i2_LED_Off                                            3     3      0      29
                                              0 COMRAM     3     3      0
 ---------------------------------------------------------------------------------
 (10) _USBCtrlTrfTxService                                 1     1      0      92
                                              0 COMRAM     1     1      0
 ---------------------------------------------------------------------------------
 Estimated maximum stack depth 10
 ---------------------------------------------------------------------------------

 Call Graph Graphs:

 _main (ROOT)
   _APP_KeyboardTasks
     _APP_KeyboardProcessOutputReport
       _LED_Off
       _LED_On
     _BUTTON_IsPressed
     _ENCODER_GetDirection
     _ENCODER_Task
     _USBTransferOnePacket
     _memset
   _SYSTEM_Initialize
     _BUTTON_Enable
     _LED_Enable
   _USBDeviceAttach
   _USBDeviceInit
     _memset

 _SYS_InterruptHigh (ROOT)
   _USBDeviceTasks
     _USBCtrlEPAllowStatusStage
     _USBCtrlEPService
       _USBCtrlTrfInHandler
         _USBCtrlTrfTxService
         _USBHIDCBSetReportComplete *
           i2_APP_KeyboardProcessOutputReport
             i2_LED_Off
             i2_LED_On
       _USBCtrlTrfOutHandler
         _USBCtrlTrfRxService
           _USBCtrlEPAllowStatusStage
           _USBHIDCBSetReportComplete *
       _USBCtrlTrfSetupHandler
         _USBCheckStdRequest
           _USBStdFeatureReqHandler
             _USER_USB_CALLBACK_EVENT_HANDLER
               _APP_KeyboardInit
                 _ENCODER_Initialize
                 _USBEnableEndpoint
                   _USBConfigureEndpoint
                 i2_USBTransferOnePacket
               _APP_LEDUpdateUSBStatus
                 i2_LED_Off
                 i2_LED_On
               _USBCheckHIDRequest
                 _USBHIDCBSetIdleRateHandler
                 _USBHIDCBSetReportHandler
               i2_SYSTEM_Initialize
                 i2_BUTTON_Enable
                 i2_LED_Enable
           _USBStdGetDscHandler
           _USBStdGetStatusHandler
           _USBStdSetCfgHandler
             _USER_USB_CALLBACK_EVENT_HANDLER
             i2_memset
           _USER_USB_CALLBACK_EVENT_HANDLER
         _USBCtrlEPServiceComplete
           _USBCtrlEPAllowDataStage
             _USBCtrlTrfTxService
           _USBCtrlEPAllowStatusStage
         _USER_USB_CALLBACK_EVENT_HANDLER
       _memcpy
     _USBIncrement1msInternalTimers
     _USBStallHandler
     _USBSuspend
       _USER_USB_CALLBACK_EVENT_HANDLER
     _USBWakeFromSuspend
       _USER_USB_CALLBACK_EVENT_HANDLER
     _USER_USB_CALLBACK_EVENT_HANDLER
     i2_USBDeviceInit
       i2_memset

Address spaces:
Name               Size   Autos  Total    Usage
BIGRAMl           1023      0       0      0.0%
BIGRAMhhh          756      0       0      0.0%
BITBANK7           256      0       0      0.0%
BANK7              256      0       0      0.0%
BITBANK6           256      0       0      0.0%
BANK6              256      0       0      0.0%
BITBANK3           256      0       0      0.0%
BANK3              256      0       0      0.0%
BITBANK2           256      0       0      0.0%
BANK2              256      0       0      0.0%
BITBANK1           256      0       0      0.0%
BANK1              256      0       0      0.0%
BANK5h             244      0       0      0.0%
BITBANK5h          244      0       0      0.0%
BIGRAMhl           208      0       0      0.0%
BANK4h             208      0       0      0.0%
BITBANK4h          208      0       0      0.0%
BITBANK0           160      0       0      0.0%
BANK0              160     19      66     41.2%
BITBIGSFRhl        129      0       0      0.0%
BITCOMRAM           94      0       0      0.0%
COMRAM              94     44      91     96.8%
BITBIGSFRhh         14      0       0      0.0%
BITBIGSFRlll         8      0       0      0.0%
BITBIGSFRllh         3      0       0      0.0%
BITBIGSFRlh          1      0       0      0.0%
STACK                0      0       0      0.0%
DATA                 0      0     160      0.0%


Microchip Technology PIC18 Macro Assembler V3.00 build 20241204225717 
Symbol Table                                                                                   Fri Aug 22 10:50:17 2025

                                         _USB_SD_Ptr 7EFF                                                   l82 038E  
                                                 l93 0172                                                   l86 0042  
                                                 l96 0176                                                   l88 0096  
                                                 l89 00BE                                          ?_LED_Enable 0030  
                                      _USBDeviceInit 1160                                   _USBCheckHIDRequest 0A1A  
                   __end_of_USBHIDCBSetReportHandler 2604                 USER_USB_CALLBACK_EVENT_HANDLER@event 003E  
               USER_USB_CALLBACK_EVENT_HANDLER@pdata 0040                                                  l200 200A  
                                                l120 25C4                                                  l202 2054  
                                                l230 1F3E                                                  l232 1F88  
                                                l226 1F2C                                                  l228 1F32  
                                                l412 1274                                                  l229 1F38  
                        __end_of_USBStdGetDscHandler 0CAA                                                  l190 1FA4  
                                                l166 1DE2                                                  l174 2324  
                                                l262 222E                                                  l167 1E48  
                                                l407 11C0                                                  l192 1FEE  
                                                l168 1DF8                                                  l176 232A  
                                                l186 1F92                                                  l178 2364  
                                                l196 1FF8                                                  l188 1F98  
                                                l189 1F9E                                                  l198 1FFE  
                                                l470 2430                                                  l199 2004  
                                                l448 1038                                                  l467 241E  
                                                l468 241C                                                  l761 1ADA  
                                                l762 1A72                                                  _BDT 0400  
                                                l757 23EE                                                  _UIE 0F69  
                                                _UIR 0F68                               _APP_LEDUpdateUSBStatus 1598  
                                         _USBSuspend 2554                                 USBStdSetCfgHandler@i 0046  
                                                prod 0FF3                                                  tosl 0FFD  
                                                wreg 0FE8                                       _USBDeviceTasks 0696  
                                ?_USBCheckHIDRequest 0030                                       _USBDeviceState 002C  
                                      _BUTTON_Enable 231C                                ??_USBCtrlTrfRxService 0033  
                           USBEnableEndpoint@options 003A                                      __end_of_LED_Off 2056  
                                               l1451 24AC                                                 l4101 1E14  
                                               l5001 23D0                                                 l4041 0F3E  
                                               l5011 25A4                                                 l5003 23E4  
                                               l4051 0F94                                                 l4043 0F52  
                         USBConfigureEndpoint@handle 0038                                                 l5013 25B4  
                                               l5005 23E8                                                 l4061 0FFE  
                                               l4053 0FA0                                                 l4045 0F64  
                                               l4037 0F14                                                 l5101 02A8  
                                               l5021 0026                                                 l5015 25BE  
                                               l5007 23EC                                                 l4071 1A5C  
                                               l4063 1030                                                 l4055 0FAC  
                                               l4039 0F26                                                 l5111 02C8  
                                               l5103 02BA                                                 l5031 007E  
                                               l5023 002A                                                 l4081 1A9E  
                                               l4073 1A5E                                                 l4057 0FB8  
                                               l4049 0F70                                                 l5121 02F8  
                                               l5105 02C0                                                 l5041 0108  
                                               l5033 00B2                                                 l5025 0038  
                                               l5017 0012                                                 l4145 2320  
                                               l4161 1F44                                                 l5201 1248  
                                               l4091 1AD6                                                 l4083 1AB2  
                                               l4067 1A0E                                                 l4059 0FC8  
                                               l5123 02FA                                                 l5107 02C2  
                                               l5051 0154                                                 l5043 011E  
                                               l5131 0340                                                 l5035 00D0  
                                               l5027 004A                                                 l5211 125E  
                                               l5203 1252                                                 l4093 1DDE  
                                               l4085 1ABA                                                 l4077 1A74  
                                               l4069 1A56                                                 l5133 0354  
                                               l5125 030A                                                 l5117 02CA  
                                               l5109 02C4                                                 l5061 017A  
                                               l5053 0158                                                 l5045 0134  
                                               l5037 00E6                                                 l5029 0064  
                                               l4149 2330                                                 l4157 1F28  
                                               l5221 2404                                                 l5213 1270  
                                               l5205 1256                                                 l5141 1160  
                                               l4095 1E0E                                                 l4087 1ACE  
                                               l4079 1A9A                                                 l5135 036A  
                                               l5127 031A                                                 l5119 02F0  
                                               l5071 01CC                                                 l5063 01A0  
                                               l5055 016A                                                 l5047 0146  
                                               l5039 0102                                                 l5231 242C  
                                               l5223 2410                                                 l5215 1272  
                                               l5207 125A                                                 l5151 1192  
                                               l5143 1168                                                 l4089 1AD2  
                                               l5137 036E                                                 l5129 0322  
                                               l5081 022E                                                 l5073 01EA  
                                               l5065 01A8                                                 l5049 0150  
                                               l5225 2412                                                 l5217 23F0  
                                               l5209 125C                                                 l5161 11B0  
                                               l5145 1186                                                 l5233 2620  
                                               l5091 0282                                                 l5083 0236  
                                               l5075 01EE                                                 l5067 01AA  
                                               l4443 21FA                                                 l5227 2414  
                                               l5219 2400                                                 l5171 11D6  
                                               l5163 11C8                                                 l5147 118A  
                                               l5235 2626                                                 l5093 028A  
                                               l5085 024A                                                 l5077 01FE  
                                               l5069 01BA                                                 l4437 21E0  
                                               l5229 2416                                                 l5181 11F2  
                                               l5173 11E4                                                 l5165 11CA  
                                               l5157 1196                                                 l5149 118E  
                                               l5237 262A                                                 l5095 029A  
                                               l5087 0260                                                 l5079 0210  
                                               l4439 21E4                                                 l5191 1220  
                                               l5175 11EC                                                 l5167 11CC  
                                               l5159 11AE                                                 l5239 262E  
                                               l3921 1F8E                                                 l5097 02A0  
                                               l5089 027C                                                 l5193 122A  
                                               l5177 11EE                                                 l5169 11CE  
                                               l5099 02A2                                                 l5195 122C  
                                               l5187 11F6                                                 l5179 11F0  
                                               l3933 1FF4                                                 l3925 1FAA  
                                               l5197 123C                                                 l5189 1216  
                                               l5199 1244                                                 l3937 2010  
                                               l5571 2210                                                 l5581 2026  
                                               l5573 1F5A                                                 l5575 2346  
                                               l5577 1E2A                                                 l5579 1FC0  
                                               l4991 2490                                                 l4993 23AC  
                                               l4985 2474                                                 l4995 23B0  
                                               l4987 2480                                                 l4997 23C4  
                                               l4989 248C                                                 l4999 23C8  
                              ??i2_SYSTEM_Initialize 0033                                                 u2810 0F26  
                                               u2811 0F22                                                 u2900 1DF2  
                                               u2820 0F64                                                 u3700 0038  
                                               u2901 1DEC                                                 u2821 0F60  
                                               u3701 0034                                                 u2910 1DF4  
                                               u2830 0FC8                                                 u3710 0064  
                                               u2831 0FC4                                                 u3711 0060  
                                               u2920 1E08                                                 u2840 1A22  
                                               u3800 01A0                                                 u3720 007E  
                                               u2921 1E02                                                 u2841 1A18  
                                               u3801 019C                                                 u3721 007A  
                                               u2930 1E0A                                                 u2850 1A38  
                                               u3650 24AC                                                 u3810 01BA  
                                               u3730 00B2                                                 u2851 1A30  
                                               u3651 24A8                                                 u3811 01B6  
                                               u3731 00AE                                                 u3660 23C4  
                                               u2860 1A56                                                 u3900 02F0  
                                               u3820 01CC                                                 u3740 00D0  
                                               u3661 23C0                                                 u2861 1A52  
                                               u3901 02EC                                                 u3821 01C8  
                                               u3741 00CC                                                 u3670 23E4  
                                               u2870 1A6E                                                 u3910 030A  
                                               u3830 01EA                                                 u3750 00E6  
                                               u3671 23E0                                                 u2871 1A6A  
                                               u3911 0306                                                 u3831 01E6  
                                               u3751 00E2                                                 u3680 25B4  
                                               u2880 1AB2                                                 u2848 1A26  
                                               u3920 031A                                                 u3840 01FE  
                                               u3760 011E                                                 u3681 25B0  
                                               u2881 1AAE                                                 u3921 0316  
                                               u3841 01FA                                                 u3761 011A  
                                               u2890 1ACE                                                 u2858 1A3C  
                                               u3930 0354                                                 u3770 0134  
                                               u3690 0022                                                 u2891 1ACA  
                                               u3931 0350                                                 u3851 0208  
                                               u3771 0130                                                 u3691 001E  
                                               u3940 036A                                                 u3860 024A  
                                               u3780 0146                                                 u3941 0366  
                                               u3861 0246                                                 u3781 0142  
                                               u3870 0260                                                 u3790 016A  
                                               u3950 11C0                                                 u3871 025C  
                                               u3791 0166                                                 u3951 11BC  
                                               u3880 029A                                                 u3960 11E4  
                                               u3881 0296                                                 u3961 11E0  
                                               u3890 02BA                                                 u3970 123C  
                                               u3891 02B6                                                 u3971 1238  
                                               u3980 2400                                                 u3981 23FC  
                                               u3990 242C                                                 u3991 2428  
                              ??_USBCtrlTrfTxService 0030                                                 i2l76 1D8C  
                                               i2l78 1DD8                                                 _UCFG 0F6F  
                                               _UEP0 0F70                                                 _UEP1 0F71  
                                               _UEIE 0F6B                                                 _UEIR 0F6A  
                                               _UCON 0F6D               USBStdFeatureReqHandler@current_ep_data 004A  
                                               _pDst 0079                                                 _main 2620  
                           ??i2_USBTransferOnePacket 0034                                                 fsr1h 0FE2  
                                               fsr2h 0FDA                                                 indf1 0FE7  
                                               indf2 0FDF                                                 fsr1l 0FE1  
                                               fsr2l 0FD9                                      _USBDeviceAttach 23F0  
                                               btemp 005C                                                 prodh 0FF4  
                                               prodl 0FF3                                                 start 000E  
                          ENCODER_Task@current_state 0092                                 ??_USBCheckHIDRequest 0032  
                         __end_of_USBCheckStdRequest 1598                               ??_USBCtrlTrfOutHandler 0035  
                               __end_of_ENCODER_Task 1ADC                                        _LocalSOFCount 007F  
                                       ___param_bank 0000                            ??_USBStdFeatureReqHandler 0046  
                           ??_USBStdGetStatusHandler 0030                                       ?_USBDeviceInit 0030  
                                              ?_main 0030                               __end_of_USBDeviceTasks 08AA  
                          ?_USBCtrlEPServiceComplete 0030                                                i2l200 2132  
                                              i2l120 25E6                                                i2l202 217A  
                                              i2l130 261E                                                i2l123 2642  
                                              i2l126 2602                                                i2l230 206E  
                                              i2l144 168A                                                i2l232 20B6  
                                              i2l226 205C                                                i2l148 160C  
                                              i2l228 2062                                                i2l412 1384  
                                              i2l229 2068                                                i2l190 20D0  
                                              i2l174 236C                                                i2l262 22CE  
                                              i2l502 0DDC                                                i2l430 081E  
                                              i2l407 12D2                                                i2l192 2118  
                                              i2l176 2372                                                i2l186 20BE  
                                              i2l530 0A18                                                i2l442 231A  
                                              i2l178 23AA                                                i2l418 06F4  
                                              i2l419 08A8                                                i2l267 1EF0  
                                              i2l196 2120                                                i2l188 20C4  
                                              i2l612 0F0E                                                i2l604 0ECC  
                                              i2l428 080E                                                i2l517 1494  
                                              i2l189 20CA                                                i2l429 08A6  
                                              i2l198 2126                                     __end_ofi2_LED_On 211A  
                                              i2l550 0C84                                                i2l199 212C  
                                              i2l551 0CA8                                                i2l448 115E  
                                              i2l560 16B4                                                i2l616 1596  
                                              i2l545 0C20                                                i2l537 1938  
                                              i2l474 1864                                                i2l634 03D2  
                                              i2l618 14B2                                                i2l555 1696  
                                              i2l627 1506                                                i2l571 21DA  
                                              i2l732 1A0C                                                i2l652 0606  
                                              i2l644 0558                                                i2l548 0C7E  
                                              i2l484 1C3A                                                i2l492 0D40  
                                              i2l580 24E6                                                i2l661 2552  
                                              i2l478 1864                                                i2l566 1778  
                                              i2l558 175C                                                i2l574 257C  
                                              i2l751 2472                                                i2l559 16AE  
                                              i2l591 1D60                                                i2l656 0694  
                                              i2l489 1CE2                                                i2l569 21D8  
                                              i2l594 1E64                                                i2l579 24E4  
                                              i2l596 1EB6                                                i2l588 1B92  
                                              i2l598 1EB8                                                i2l688 0B62  
                                              _UADDR 0F6E                                                _USTAT 0F6C  
                                       _outputReport 0509                   __end_of_USBHIDCBSetIdleRateHandler 2620  
                         _USBHIDCBSetIdleRateHandler 2604                                       ?_BUTTON_Enable 0030  
                    __end_of_USBCtrlEPAllowDataStage 1C3C                                                _sd000 7FFA  
                                              _sd001 7F6F                                                _sd002 7FCC  
                     ?_USBIncrement1msInternalTimers 0030                                   _encoder_prev_state 008A  
                                              pclath 0FFA                                                pclatu 0FFB  
                                              tablat 0FF5                                                plusw1 0FE3  
                                              plusw2 0FDB                                                ttemp5 005D  
                                              ttemp6 0060                                                ttemp7 0064  
                                              status 0FD8                                                wtemp8 005D  
                                   __end_ofi2_memset 2520                                      __initialization 257E  
                                       __end_of_main 263A                                               ??_main 00A2  
                                      __activetblptr 0002                                      ?_USBDeviceTasks 0030  
                                  _oldconsumerReport 0083                                          ?_USBSuspend 0030  
                                          ??_LED_Off 008F                             _USBHIDCBSetReportHandler 25E8  
                            __end_of_USBDeviceAttach 2432                               SYSTEM_Initialize@state 0094  
                                 _ENCODER_Initialize 2432                                               i2l4001 0E12  
                                             i2l4011 0E52                                               i2l4003 0E22  
                                             i2l3211 1C8E                                               i2l1451 251E  
                                             i2l4021 0E94                                               i2l4013 0E56  
                                             i2l4005 0E2A                                               i2l3213 1C9E  
                                             i2l3205 1C3E                                               i2l3221 22D2  
                                             i2l3301 1078                                               i2l1445 227E  
                                             i2l4031 0EEC                                               i2l4023 0EA0  
                                             i2l4015 0E68                                               i2l4007 0E2E  
                                             i2l3215 1CB6                                               i2l3207 1C46  
                                             i2l3231 230E                                               i2l3223 22E0  
                                             i2l3311 10C6                                               i2l3303 108A  
                                             _LED_On 1F8A                                               i2l4033 0F0A  
                                             i2l4025 0EB0                                               i2l4017 0E74  
                                             i2l4009 0E3E                                               i2l3241 2470  
                                             i2l3233 2432                                               i2l3217 1CCA  
                                             i2l3209 1C84                                               i2l3225 22EA  
                                             i2l3321 1156                                               i2l3313 10D2  
                                             i2l3401 0A76                                               i2l4201 2550  
                                             i2l4035 0F0C                                               i2l4027 0EBC  
                                             i2l4019 0E84                                               i2l3235 2438  
                                             i2l3219 1CD4                                               i2l3227 22F8  
                                             i2l3315 10DE                                               i2l3307 1096  
                                             i2l3331 1D7A                                               i2l3251 2606  
                                             i2l3243 25E8                                               i2l3403 0A7E  
                                             i2l4211 21CA                                               i2l4203 217C  
                                             i2l3501 13CC                                               i2l4029 0EDA  
                                             i2l3237 246A                                               i2l3229 2302  
                                             i2l3317 10EE                                               i2l3309 10BA  
                                             i2l3341 1DAC                                               i2l3333 1D7C  
                                             i2l3325 1D62                                               i2l3253 2616  
                                             i2l3245 25F0                                               i2l3421 0ADE  
                                             i2l3405 0A86                                               i2l3413 0A9E  
                                             i2l4221 1B12                                               i2l4213 21D6  
                                             i2l4205 218A                                               i2l4301 1366  
                                             i2l3503 13D0                                               i2l3239 246E  
                                             i2l3319 1124                                               i2l3343 1DD4  
                                             i2l3335 1D7E                                               i2l3327 1D74  
                                             i2l3351 15B0                                               i2l3247 25F8  
                                             i2l3431 0AFC                                               i2l3423 0AE4  
                                             i2l3407 0A8E                                               i2l3415 0ABC  
                                             i2l3255 2368                                               i2l4231 1B72  
                                             i2l4223 1B1A                                               i2l4215 1ADC  
                                             i2l4207 21A4                                               i2l4311 1382  
                                             i2l4303 136A                                               i2l3513 1404  
                                             i2l3521 143A                                               i2l3505 13D8  
                                             i2l3265 20BA                                               i2l3337 1D80  
                                             i2l3329 1D78                                               i2l3361 1600  
                                             i2l3353 15C2                                               i2l3345 1598  
                                             i2l3249 2600                                               i2l3441 0B24  
                                             i2l3433 0B0A                                               i2l3425 0AEC  
                                             i2l3409 0A96                                               i2l3601 1C22  
                                             i2l4225 1B24                                               i2l4233 1B7A  
                                             i2l4217 1AE0                                               i2l4209 21BE  
                                             i2l4305 136C                                               i2l4241 129A  
                                             i2l3523 144E                                               i2l3515 142E  
                                             i2l3531 1484                                               i2l3507 13E8  
                                             i2l3275 211C                                               i2l3339 1D94  
                                             i2l3371 164A                                               i2l3363 1610  
                                             i2l3355 15CC                                               i2l3347 15A6  
                                             i2l3435 0B10                                               i2l3427 0AF4  
                                             i2l3419 0AD6                                               i2l3259 2378  
                                             i2l3611 18A2                                               i2l3603 1C2E  
                                             i2l4235 1B8E                                               i2l4227 1B42  
                                             i2l4219 1AF6                                               i2l4171 24B0  
                                             i2l4307 136E                                               i2l4243 129E  
                                             i2l3525 1478                                               i2l3517 1432  
                                             i2l3509 13F2                                               i2l3269 20D6  
                                             i2l3533 25C6                                               i2l3365 1622  
                                             i2l3357 15E0                                               i2l3437 0B18  
                                             i2l3429 0AF8                                               i2l3445 0B2C  
                                             i2l3285 2058                                               i2l3453 229C  
                                             i2l3461 193E                                               i2l3701 0390  
                                             i2l3541 24F4                                               i2l3621 18BA  
                                             i2l3605 1866                                               i2l4229 1B6A  
                                             i2l4181 2554                                               i2l4173 24CC  
                                             i2l4309 1380                                               i2l4261 12DC  
                                             i2l4253 12A8                                               i2l4245 12A2  
                                             i2l4237 1276                                               i2l3527 147C  
                                             i2l3519 1438                                               i2l3279 2138  
                                             i2l3535 25D6                                               i2l3551 177A  
                                             i2l3295 103C                                               i2l3367 162C  
                                             i2l3359 15EA                                               i2l3439 0B20  
                                             i2l3447 2282                                               i2l3471 197C  
                                             i2l3463 1942                                               i2l3703 03A2  
                                             i2l3711 03D4                                               i2l3543 2500  
                                             i2l3631 18F6                                               i2l3623 18CA  
                                             i2l3607 1868                                               i2l4191 2560  
                                             i2l4183 2556                                               i2l4175 24CE  
                                             i2l4271 12FE                                               i2l4263 12DE  
                                             i2l4255 12C0                                               i2l4247 12A6  
                                             i2l4239 127E                                               i2l3529 1482  
                                             i2l3537 25E0                                               i2l3561 17C2  
                                             i2l3553 178A                                               i2l3297 104C  
                                             i2l3369 1640                                               i2l3377 1664  
                                             i2l3393 0A48                                               i2l3385 0A1A  
                                             i2l3289 2074                                               i2l3449 2286  
                                             i2l3473 198A                                               i2l3465 195A  
                                             i2l3721 0434                                               i2l3713 03E4  
                                             i2l3705 03B6                                               i2l3545 2504  
                                             i2l3641 1934                                               i2l3633 18FE  
                                             i2l3625 18E4                                               i2l3617 18A4  
                                             i2l3609 18A0                                               i2l3801 0D18  
                                             i2l4193 2520                                               i2l4185 2558  
                                             i2l4177 24D4                                               i2l4169 24AE  
                                             i2l4273 1300                                               i2l4265 12E0  
                                             i2l4257 12C2                                               i2l4601 07C0  
                                             i2l3491 138A                                               i2l3547 263A  
                                             i2l3571 1814                                               i2l3563 17CE  
                                             i2l3555 179E                                               i2l3299 1064  
                                             i2l3379 1686                                               i2l3475 1992  
                                             i2l3467 1962                                               i2l3459 193A  
                                             i2l3731 0498                                               i2l3723 0444  
                                             i2l3715 03F8                                               i2l3707 03B8  
                                             i2l3651 0B94                                               i2l3643 0B64  
                                             i2l3539 24E8                                               i2l3635 1902  
                                             i2l3627 18E6                                               i2l3619 18B8  
                                             i2l3811 0D6A                                               i2l3803 0D30  
                                             i2l4195 252E                                               i2l4187 255A  
                                             i2l4179 24D6                                               i2l4291 133C  
                                             i2l4283 1306                                               i2l4275 1302  
                                             i2l4267 12E8                                               i2l4259 12DA  
                                             i2l4611 0808                                               i2l4603 07CE  
                                             i2l3493 13A0                                               i2l3549 263E  
                                             i2l3581 1854                                               i2l3573 1820  
                                             i2l3565 17DE                                               i2l3557 17A2  
                                             i2l3397 0A5E                                               i2l3389 0A34  
                                             i2l3469 196E                                               i2l3741 04E8  
                                             i2l3733 04A6                                               i2l3725 045A  
                                             i2l3717 040C                                               i2l3709 03CA  
                                             i2l3661 0C36                                               i2l3653 0BA4  
                                             i2l3645 0B78                                               i2l3637 1912  
                                             i2l3629 18EE                                               i2l3901 14DE  
                                             i2l3821 0D98                                               i2l3813 0D6C  
                                             i2l3805 0D50                                               i2l4197 253E  
                                             i2l4189 255E                                               i2l4293 134C  
                                             i2l4285 1326                                               i2l4277 1304  
                                             i2l4269 12F6                                               i2l4621 0830  
                                             i2l4613 081C                                               i2l4605 07DC  
                                             i2l4541 0696                                               i2l3495 13A4  
                                             i2l3575 182C                                               i2l3567 17EE  
                                             i2l3559 17B4                                               i2l3399 0A6E  
                                             i2l3479 199A                                               i2l3751 0548  
                                             i2l3743 04FE                                               i2l3735 04B6  
                                             i2l3727 0470                                               i2l3719 0422  
                                             i2l3663 0C52                                               i2l3655 0BC0  
                                             i2l3647 0B80                                               i2l3639 191A  
                                             i2l3911 1500                                               i2l3903 14E6  
                                             i2l3591 1BDA                                               i2l3583 1B94  
                                             i2l3831 0DC8                                               i2l3823 0DAC  
                                             i2l3815 0D7C                                               i2l3807 0D64  
                                             i2l4199 2540                                               i2l4295 1354  
                                             i2l4287 1330                                               i2l4631 0862  
                                             i2l4623 083A                                               i2l4607 07F6  
                                             i2l4551 06CC                                               i2l4543 06A6  
                                             i2l3497 13B4                                               i2l3489 1386  
                                             i2l3577 1830                                               i2l3569 17F0  
                                             i2l3841 08D4                                               i2l3761 05AC  
                                             i2l3745 0510                                               i2l3753 0574  
                                             i2l3737 04C0                                               i2l3729 0486  
                                             i2l3657 0BEE                                               i2l3649 0B88  
                                             i2l3681 16D8                                               i2l3673 1698  
                                             i2l3913 1508                                               i2l3905 14EE  
                                             i2l3593 1BEA                                               i2l3585 1B98  
                                             i2l3825 0DB8                                               i2l3809 0D68  
                                             i2l3817 0D84                                               i2l4297 1358  
                                             i2l4289 133A                                               i2l4633 0872  
                                             i2l4625 083C                                               i2l4609 07F8  
                                             i2l4561 0702                                               i2l4553 06DA  
                                             i2l4545 06B4                                               i2l3499 13BC  
                                             i2l3579 1840                                               i2l3851 0900  
                                             i2l3843 08DC                                               i2l3835 08AA  
                                             i2l3771 0616                                               i2l3763 05CC  
                                             i2l3755 057E                                               i2l3747 0526  
                                             i2l3739 04CE                                               i2l3659 0C26  
                                             i2l3667 0C8A                                               i2l3683 16F2  
                                             i2l3675 16A8                                               i2l3915 1518  
                                             i2l3907 14FA                                               i2l3595 1C02  
                                             i2l3587 1BAA                                               i2l3827 0DC4  
                                             i2l3819 0D88                                               i2l4299 1362  
                                             i2l4635 087A                                               i2l4627 084A  
                                             i2l4619 082C                                               i2l4563 0710  
                                             i2l4571 071C                                               i2l4555 06DC  
                                             i2l4547 06BA                                               i2l3861 096A  
                                             i2l3853 0912                                               i2l3845 08E2  
                                             i2l3837 08BA                                               i2l3781 0672  
                                             i2l3773 062A                                               i2l3765 05D8  
                                             i2l3757 0594                                               i2l3749 0534  
                                             i2l3685 1708                                               i2l3677 16B6  
                                             i2l3693 173C                                               i2l3669 168C  
                                             i2l3909 14FC                                               i2l3597 1C0A  
                                             i2l3589 1BCE                                               i2l3829 0DC6  
                                             i2l4637 0894                                               i2l4629 0858  
                                             i2l4581 0758                                               i2l4573 072A  
                                             i2l4565 0714                                               i2l4557 06E0  
                                             i2l4549 06BE                                               i2l3871 09C6  
                                             i2l3863 097A                                               i2l3855 0924  
                                             i2l3847 08FA                                               i2l3839 08D0  
                                             i2l3783 0688                                               i2l3775 063A  
                                             i2l3767 05E2                                               i2l3759 05A0  
                                             i2l3695 176A                                               i2l3687 171E  
                                             i2l3679 16CA                                               i2l3919 1538  
                                             i2l3599 1C0E                                               i2l3791 0CDC  
                                             i2l3951 2254                                               i2l4639 0896  
                                             i2l4591 078C                                               i2l4583 0774  
                                             i2l4575 0738                                               i2l4567 0716  
                                             i2l4559 06EE                                               i2l3881 0A14  
                                             i2l3873 09D2                                               i2l3865 0986  
                                             i2l3857 0948                                               i2l3849 08FE  
                                             i2l3777 0646                                               i2l3769 05F0  
                                             i2l3697 1772                                               i2l3689 1734  
                                             i2l3793 0CE0                                               i2l3785 0CAA  
                                             i2l3961 1CFC                                               i2l3953 2260  
                                             i2l3945 2230                                               i2l4593 079C  
                                             i2l4585 0776                                               i2l4577 073C  
                                             i2l4569 071A                                               i2l4649 1EEC  
                                             i2l3875 09E4                                               i2l3859 095E  
                                             i2l3867 0996                                               i2l3779 0666  
                                             i2l3699 1774                                               i2l3891 14C4  
                                             i2l3883 1496                                               i2l3795 0CE2  
                                             i2l3787 0CBA                                               i2l3971 1D32  
                                             i2l3963 1D06                                               i2l3947 2244  
                                             i2l3955 2264                                               i2l4587 077A  
                                             i2l4579 074A                                               i2l4595 07A0  
                                             i2l3877 0A02                                               i2l3869 09BA  
                                             i2l3981 1E4A                                               i2l3893 14CC  
                                             i2l3789 0CC8                                               i2l3797 0CE8  
                                             i2l3973 1D34                                               i2l3965 1D1C  
                                             i2l3957 1CE4                                               i2l3949 2250  
                                             i2l4597 07AE                                               i2l4589 078A  
                                             i2l3879 0A04                                               i2l3991 1EA6  
                                             i2l3983 1E5C                                               i2l5591 238C  
                                             i2l5583 19B8                                               i2l3895 14D2  
                                             i2l3887 14B4                                               i2l3799 0D0C  
                                             i2l3975 1D3C                                               i2l3967 1D28  
                                             i2l3959 1CF0                                               i2l4599 07BC  
                                             i2l3993 0DDE                                               i2l3985 1E66  
                                             i2l5593 1678                                               i2l5585 19FE  
                                             i2l3897 14D4                                               i2l3889 14BC  
                                             i2l3977 1D40                                               i2l3969 1D2A  
                                             i2l5595 20EA                                               i2l3995 0DEE  
                                             i2l3987 1E76                                               i2l5587 22B0  
                                             i2l3899 14D8                                               i2l3979 1D5C  
                                             i2l5597 214C                                               i2l3997 0DF8  
                                             i2l3989 1E9A                                               i2l5589 2088  
                                             i2l3999 0E0A                                    __end_ofi2_LED_Off 217C  
                                     _debounce_count 0088                             i2USBTransferOnePacket@ep 0038  
                                  ??i2_USBDeviceInit 0038                                  ?_ENCODER_Initialize 0030  
                                  _shortPacketStatus 002B                                     _APP_KeyboardInit 1D62  
                                    USBDeviceTasks@i 004F                          USBStdFeatureReqHandler@pUEP 0048  
                           USBTransferOnePacket@data 0090                           USBCtrlTrfInHandler@lastDTS 0033  
                                    ??_USBDeviceInit 0097                                       _consumerReport 050A  
                                  ??i2_BUTTON_Enable 0030                                    _USBEnableEndpoint 22D0  
                                  _last_stable_state 0087                                               _memcpy 2230  
                                      ?i2_LED_Enable 0030                                               _memset 2474  
                                             clear_0 2584                                               clear_1 2590  
                                             isa$std 0001                                   ?_USBEnableEndpoint 003A  
                       __end_of_ENCODER_GetDirection 23F0                                      ??_BUTTON_Enable 008F  
                               ??_ENCODER_Initialize 0030                                         __mediumconst 7EEE  
                                             tblptrh 0FF7                                               tblptrl 0FF6  
                                             tblptru 0FF8                                          _OldSOFCount 007D  
                                ??_USBEnableEndpoint 003B                                   APP_KeyboardTasks@i 00A1  
                                        _CtrlTrfData 0428                   USBHIDCBSetIdleRateHandler@reportID 0031  
                               _controlTransferState 002A                                    _SYSTEM_Initialize 21DC  
                                         __accesstop 0060                              __end_of__initialization 2596  
                                 ?_SYSTEM_Initialize 0030                                        ___rparam_used 0001  
                                          ?i2_LED_On 0030                                       __pcstackCOMRAM 0030  
                          __end_of_USBEnableEndpoint 231C                                        __end_of_sd000 7FFE  
                                      __end_of_sd001 7FA3                                        __end_of_sd002 7FE8  
                                ??_SYSTEM_Initialize 0092                                            LED_On@led 0091  
                                     ??i2_LED_Enable 0030                                      _active_protocol 008D  
                                       ??_LED_Enable 008F                          __end_of_USBCtrlTrfInHandler 0F10  
                            ?_APP_LEDUpdateUSBStatus 0030                               i2_USBTransferOnePacket 103A  
                                          ?i2_memset 0030                                         _ENCODER_Task 1A0E  
                           ??_USBCtrlTrfSetupHandler 004E                              _USBTicksSinceSuspendEnd 001F  
                                   ?_USBDeviceAttach 0030                            __end_of_SYSTEM_Initialize 2230  
                                   _BUTTON_IsPressed 1DDA                               _USBStdGetStatusHandler 168C  
                                         __pbssBANK0 0060                                              ?_LED_On 0030  
                                 __end_of_LED_Enable 1F8A                                          _pBDTEntryIn 000D  
                   __end_of_USBCtrlEPServiceComplete 0DDE                                           ??i2_LED_On 0030  
                               USBCtrlTrfRxService@i 0033                                        LED_Enable@led 0091  
                     __end_of_APP_LEDUpdateUSBStatus 168C                                              ?_memcpy 0030  
                                            ?_memset 008F                                           _device_dsc 7FE8  
                                       i2LED_Off@led 0032                                     _USBCtrlEPService 1ADC  
                                         _ep_data_in 0017                          __end_of_USBCtrlTrfRxService 0A1A  
                                 _USBCheckStdRequest 1496                                    _configDescriptor1 7FA3  
                                            _LED_Off 1FF0                          __end_ofi2_SYSTEM_Initialize 22D0  
                                         ??i2_memset 0036               APP_KeyboardTasks@TimeDeltaMilliseconds 009F  
                        __end_of_USBCtrlTrfTxService 1496                                  _USBStdSetCfgHandler 1866  
                        ?_USBHIDCBSetIdleRateHandler 0030                             _lastConsumerTransmission 007B  
                                ?_USBCheckStdRequest 0030                                              _UIEbits 0F69  
                                            _UIRbits 0F68                        ENCODER_GetDirection@direction 008F  
                     APP_LEDUpdateUSBStatus@ledCount 001D                                 _ENCODER_GetDirection 23AC  
                                            __Hparam 0000                      ??_USBIncrement1msInternalTimers 0030  
                               ?_USBStdSetCfgHandler 0030                                              __Lparam 0000  
                                  _APP_KeyboardTasks 0012                                    __end_of_hid_rpt01 7F6F  
                               ??_USBCheckStdRequest 004D                                   ?_APP_KeyboardTasks 0030  
                                   ??_USBDeviceTasks 004F                           ??_USBHIDCBSetReportHandler 0030  
                                  ??_USBStallHandler 0030                                     _keyboardIdleRate 0081  
                                            __pcinit 257E                            __end_of_configDescriptor1 7FCC  
                                            __ramtop 0800                                              __ptext0 2620  
                                            __ptext1 1160                                              __ptext2 23F0  
                                            __ptext3 21DC                                              __ptext4 1F24  
                                            __ptext5 231C                                              __ptext6 0012  
                                            __ptext7 2474                                              __ptext8 0F10  
                                            __ptext9 1A0E                                         i2memset@dest 0030  
                                            _inPipes 0008                          _USBDeferOUTDataStagePackets 0020  
                                ??_APP_KeyboardTasks 009A                                         ??_USBSuspend 0046  
                           __end_of_APP_KeyboardInit 1DDA                                      i2_USBDeviceInit 1276  
                                   i2USBDeviceInit@i 0038                                __end_of_encoder_table 7EFF  
                              ENCODER_Task@direction 0091                                   __end_of_USB_CD_Ptr 7F07  
                                     __pintcode_body 1EBA                                 end_of_initialization 2596  
                               __end_ofi2_LED_Enable 20B8                                   __end_of_USB_SD_Ptr 7F05  
                                            memcpy@d 0036                                              memcpy@n 0034  
                                            memcpy@s 0038                                  _pBDTEntryEP0OutNext 0019  
                                            memset@c 0091                                              memset@n 0093  
                                            memset@p 0095                                        __Lmediumconst 7EEE  
                                            int_func 1EBA                                      _USB1msTickCount 0075  
                                    i2_BUTTON_Enable 2366                             ?_USBStdFeatureReqHandler 0030  
                          __end_of_APP_KeyboardTasks 0390                                ?_ENCODER_GetDirection 0030  
                                          i2_LED_Off 211A                                ??_USBStdSetCfgHandler 0046  
                                 __end_of_USBSuspend 257E                              _USBCtrlEPAllowDataStage 1B94  
                                            postdec2 0FDD                                              postinc0 0FEE  
                                            postinc1 0FE6                                              postinc2 0FDE  
                           _USBCtrlEPServiceComplete 0CAA                           _USBStatusStageEnabledFlag1 0023  
                         _USBStatusStageEnabledFlag2 0022                                   USBEnableEndpoint@p 003B  
                                          _PORTBbits 0F81                                            _TRISAbits 0F92  
                                          _TRISBbits 0F93                                   _BothEP0OutUOWNsSet 0026  
                          USBConfigureEndpoint@EPNum 0037                           ?_USBCtrlEPAllowStatusStage 0030  
                USER_USB_CALLBACK_EVENT_HANDLER@size 0042                                            _USTATcopy 002D  
                       __end_of_USBTransferOnePacket 103A                         APP_KeyboardTasks@encoder_dir 009E  
                                     __end_of_LED_On 1FF0                                           ?i2_LED_Off 0030  
                             _USBCtrlTrfSetupHandler 1CE4                             __end_of_BUTTON_IsPressed 1E4A  
                            ?i2_USBTransferOnePacket 0030                                __end_of_USBDeviceInit 1276  
              __end_of_USBIncrement1msInternalTimers 2554                        _USBIncrement1msInternalTimers 2520  
                                         LED_Off@led 0091                              __end_ofi2_USBDeviceInit 1386  
                                          i2memset@c 0032                                            i2memset@n 0034  
                                          i2memset@p 0036                                       __end_of_memcpy 2280  
                                     __end_of_memset 24AE                           ?_USBHIDCBSetReportComplete 0030  
                                  _USBBusIsSuspended 0028                                  start_initialization 257E  
                            ?_USBStdGetStatusHandler 0030                             i2SYSTEM_Initialize@state 0035  
                              __end_of_BUTTON_Enable 2366                        USBCtrlTrfRxService@byteToRead 0034  
                                     _oldInputReport 0060                              __end_ofi2_BUTTON_Enable 23AC  
                       __end_of_USBConfigureEndpoint 1CE4                      __end_of_USBStdFeatureReqHandler 0696  
                                           ??_LED_On 008F                    __end_of_USBCtrlEPAllowStatusStage 1866  
                           __end_of_USBCtrlEPService 1B94                               ??_ENCODER_GetDirection 008F  
                          ??_USBCtrlEPAllowDataStage 0031                                       USBDeviceInit@i 0097  
                             _pBDTEntryEP0OutCurrent 001B                              USBTransferOnePacket@dir 008F  
                            USBTransferOnePacket@len 0092                       __end_ofi2_USBTransferOnePacket 1160  
                                _USBStdGetDscHandler 0B64                                             ??_memcpy 0036  
                                           ??_memset 0095                                           memset@dest 008F  
                             BUTTON_IsPressed@button 0091                               _USBActiveConfiguration 002F  
                     __end_of_USBStdGetStatusHandler 177A                                             ?_LED_Off 0030  
                  __end_of_USBHIDCBSetReportComplete 2644                                          __pbssCOMRAM 0001  
                                      __pcstackBANK0 008F                                 ?_USBStdGetDscHandler 0030  
          __end_ofi2_APP_KeyboardProcessOutputReport 25E8              __end_of_APP_KeyboardProcessOutputReport 25C6  
                ??i2_APP_KeyboardProcessOutputReport 0033                   ?i2_APP_KeyboardProcessOutputReport 0030  
                   ?_APP_KeyboardProcessOutputReport 0030                    ??_APP_KeyboardProcessOutputReport 0092  
                  i2_APP_KeyboardProcessOutputReport 25C6                      _APP_KeyboardProcessOutputReport 25A4  
APP_KeyboardTasks@needToSendNewReportPacket_consumer 009C                           __end_of_USBWakeFromSuspend 24E8  
                                    _USBStallHandler 217C                                         _pBDTEntryOut 0011  
                                        ??i2_LED_Off 0030                                i2BUTTON_Enable@button 0032  
                                          __pintcode 0008                                        __pmediumconst 7EEE  
                                        i2LED_On@led 0032                                            _hid_rpt01 7F07  
                                          _idle_rate 008E                                _consumerReportPending 008C  
                                       i2_LED_Enable 2056                                     ?i2_USBDeviceInit 0030  
                               _USBTransferOnePacket 0F10                                          __smallconst 7EEE  
                       __end_of_USBCtrlTrfOutHandler 1EBA                                    ?_APP_KeyboardInit 0030  
                              ??_USBStdGetDscHandler 0030                                          _ep_data_out 0015  
                                   ?i2_BUTTON_Enable 0030                        USBConfigureEndpoint@direction 0030  
                                 ??_APP_KeyboardInit 003E                                             _LATAbits 0F89  
                         __end_of_USBCheckHIDRequest 0B64                           ??_USBCtrlEPServiceComplete 0031  
                                           _IPR2bits 0FA2                                             _PIE2bits 0FA0  
                                           i2u200_40 1660                                             i2u200_41 165C  
                                           i2u201_40 0A30                                             i2u201_41 0A2C  
                                           i2u210_40 1400                                             i2u202_40 0A44  
                                           i2u210_41 13FC                                             i2u202_41 0A40  
                                           i2u211_40 142C                                             i2u203_40 0A5A  
                                           i2u203_41 0A56                                             i2u211_47 1422  
                                           i2u212_40 144A                                             i2u220_40 17EE  
                                           i2u204_40 0A6E                                             i2u300_40 2550  
                                           i2u212_41 1446                                             i2u220_41 17EA  
                                           i2u204_41 0A6A                                             i2u300_41 254C  
                                           i2_LED_On 20B8                                             i2u213_40 1476  
                                           i2u205_40 0AD2                                             i2u221_40 1BAA  
                                           i2u301_40 218A                                             i2u205_41 0ACE  
                                           i2u221_41 1BA6                                             i2u301_41 2186  
                                           i2u213_47 146C                                             i2u214_40 1494  
                                           i2u206_40 195A                                             i2u230_40 0C72  
                                           i2u222_40 1C02                                             i2u302_40 21A4  
                                           i2u214_41 1490                                             i2u206_41 1956  
                                           i2u222_41 1BFE                                             i2u302_41 21A0  
                                           i2u230_47 0C68                                             i2u207_40 13A0  
                                           i2u215_40 25D6                                             i2u231_40 16A8  
                                           i2u223_40 18CA                                             i2u303_40 21BE  
                                           i2u207_41 139C                                             i2u215_41 25D2  
                                           i2u231_41 16A4                                             i2u223_41 18C6  
                                           i2u303_41 21BA                                             i2u208_40 13B4  
                                           i2u240_40 03E4                                             i2u232_40 16CA  
                                           i2u216_40 251E                                             i2u224_40 1912  
                                           i2u304_40 1AF6                                             i2u208_41 13B0  
                                           i2u240_41 03E0                                             i2u232_41 16C6  
                                           i2u216_41 251A                                             i2u224_41 190E  
                                           i2u304_41 1AF2                                             i2u209_40 13CC  
                                           i2u217_40 178A                                             i2u241_40 03F8  
                                           i2u225_40 0B78                                             i2u233_40 16D8  
                                           i2u305_40 1B42                                             i2u209_41 13C8  
                                           i2u217_41 1786                                             i2u241_41 03F4  
                                           i2u225_41 0B74                                             i2u233_41 16D4  
                                           i2u305_41 1B3E                                             i2u218_40 179E  
                                           i2u250_40 0534                                             i2u242_40 040C  
                                           i2u226_40 0BA4                                             i2u234_40 171E  
                                           i2u306_40 1B8E                                             i2u218_41 179A  
                                           i2u250_41 0530                                             i2u242_41 0408  
                                           i2u226_41 0BA0                                             i2u234_41 171A  
                                           i2u306_41 1B8A                                             i2u219_40 17B4  
                                           i2u251_40 0594                                             i2u243_40 0422  
                                           i2u227_40 0BEC                                             i2u235_40 1734  
                                           i2u307_40 12D2                                             i2u219_41 17B0  
                                           i2u251_41 0590                                             i2u243_41 041E  
                                           i2u235_41 1730                                             i2u307_41 12CE  
                                           i2u227_47 0BE2                                             i2u252_40 05F0  
                                           i2u244_40 0434                                             i2u228_40 0C1A  
                                           i2u236_40 176A                                             i2u260_40 0D7C  
                                           i2u308_40 12F6                                             i2u252_41 05EC  
                                           i2u244_41 0430                                             i2u236_41 1766  
                                           i2u260_41 0D78                                             i2u308_41 12F2  
                                           i2u228_47 0C10                                             i2u253_40 0606  
                                           i2u245_40 0444                                             i2u237_40 03A2  
                                           i2u229_40 0C36                                             i2u261_40 0DD8  
                                           i2u309_40 134C                                             i2u341_40 06A6  
                                           i2u253_41 0602                                             i2u245_41 0440  
                                           i2u237_41 039E                                             i2u229_41 0C32  
                                           i2u261_41 0DD4                                             i2u309_41 1348  
                                           i2u341_41 06A2                                             i2u262_40 08D0  
                                           i2u190_40 104C                                             i2u254_40 0616  
                                           i2u246_40 04A6                                             i2u238_40 03B6  
                                           i2u270_40 227E                                             i2u350_40 074A  
                                           i2u342_40 06B4                                             i2u262_41 08CC  
                                           i2u190_41 1048                                             i2u254_41 0612  
                                           i2u246_41 04A2                                             i2u238_41 03B2  
                                           i2u270_41 227A                                             i2u350_41 0746  
                                           i2u342_41 06B0                                             i2u263_40 0912  
                                           i2u271_40 1E5C                                             i2u191_40 108A  
                                           i2u247_40 04CE                                             i2u239_40 03CA  
                                           i2u255_40 0CBA                                             i2u351_40 0758  
                                           i2u343_40 06CC                                             i2u263_41 090E  
                                           i2u271_41 1E58                                             i2u191_41 1086  
                                           i2u247_41 04CA                                             i2u239_41 03C6  
                                           i2u255_41 0CB6                                             i2u351_41 0754  
                                           i2u343_41 06C8                                             i2u264_40 0924  
                                           i2u272_40 1E76                                             i2u184_40 1C9E  
                                           i2u192_40 10EE                                             i2u248_40 0510  
                                           i2u256_40 0CC8                                             i2u360_40 082C  
                                           i2u352_40 078A                                             i2u344_40 06DA  
                                           i2u264_41 0920                                             i2u272_41 1E72  
                                           i2u184_41 1C9A                                             i2u192_41 10EA  
                                           i2u248_41 050C                                             i2u256_41 0CC4  
                                           i2u360_41 0828                                             i2u352_41 0786  
                                           i2u344_41 06D6                                             i2u280_48 0EF6  
                                           i2u273_40 0E0A                                             i2u265_40 095E  
                                           i2u185_40 22E0                                             i2u193_40 1DAC  
                                           i2u249_40 0526                                             i2u257_40 0CDC  
                                           i2u361_40 084A                                             i2u353_40 079C  
                                           i2u345_40 06EE                                             i2u280_49 0F0A  
                                           i2u273_41 0E06                                             i2u265_41 095A  
                                           i2u185_41 22DC                                             i2u193_41 1DA8  
                                           i2u249_41 0522                                             i2u257_41 0CD8  
                                           i2u361_41 0846                                             i2u353_41 0798  
                                           i2u345_41 06EA                                             i2u274_40 0E22  
                                           i2u266_40 09E4                                             i2u186_40 22F8  
                                           i2u194_40 15A6                                             i2u258_40 0D50  
                                           i2u362_40 0872                                             i2u354_40 07AE  
                                           i2u346_40 0702                                             i2u274_41 0E1E  
                                           i2u266_41 09E0                                             i2u186_41 22F4  
                                           i2u194_41 15A2                                             i2u258_41 0D4C  
                                           i2u362_41 086E                                             i2u354_41 07AA  
                                           i2u346_41 06FE                                             i2u275_40 0E3E  
                                           i2u187_40 244A                                             i2u195_40 15C2  
                                           i2u259_40 0D64                                             i2u363_40 08A6  
                                           i2u355_40 07BC                                             i2u347_40 0710  
                                           i2u275_41 0E3A                                             i2u187_41 2442  
                                           i2u195_41 15BE                                             i2u259_41 0D60  
                                           i2u363_41 08A2                                             i2u355_41 07B8  
                                           i2u347_41 070C                                             _PIR2bits 0FA1  
                                           i2u276_40 0E68                                             i2u268_40 0A14  
                                           i2u267_48 09EE                                             i2u188_40 245E  
                                           i2u187_48 244C                                             i2u196_40 15E0  
                                           i2u356_40 07CE                                             i2u348_40 072A  
                                           i2u276_41 0E64                                             i2u268_41 0A10  
                                           i2u267_49 0A02                                             i2u188_41 2456  
                                           i2u196_41 15DC                                             i2u356_41 07CA  
                                           i2u348_41 0726                                             i2u277_40 0E94  
                                           i2u188_48 2460                                             i2u197_40 1600  
                                           i2u189_40 2616                                             i2u269_40 14AE  
                                           i2u357_40 07DC                                             i2u349_40 0738  
                                           i2u277_41 0E90                                             i2u197_41 15FC  
                                           i2u189_41 2612                                             i2u269_41 14AA  
                                           i2u357_41 07D8                                             i2u349_41 0734  
                                           i2u278_40 0EDA                                             i2u198_40 1622  
                                           i2u358_40 0808                                             i2u278_41 0ED6  
                                           i2u198_41 161E                                             i2u358_41 0804  
                                           i2u279_40 0EEC                                             i2u199_40 1640  
                                           i2u359_40 081C                                             i2u279_41 0EE8  
                                           i2u199_41 163C                                             i2u359_41 0818  
                                           i2u298_40 24E4                                             i2u298_41 24E0  
                                           i2u299_40 253E                                             i2u299_41 253A  
                                           _RCONbits 0FD0                                             _UEP0bits 0F70  
                         _USBDeferINDataStagePackets 0021                                             _UCONbits 0F6D  
                               _USBConfigureEndpoint 1C3C                                ?_USBTransferOnePacket 008F  
                                    i2LED_Enable@led 0032                                    _SYS_InterruptHigh 0008  
                                       _RemoteWakeup 0029                                             i2_memset 24E8  
                                 ?_SYS_InterruptHigh 0030                              __end_of_USBStallHandler 21DC  
                                        _INTCON2bits 0FF1                            ?_USBHIDCBSetReportHandler 0030  
                        ??_USBCtrlEPAllowStatusStage 0030                          __end_of_USBStdSetCfgHandler 193A  
                                ??_SYS_InterruptHigh 0050                                   __end_of_device_dsc 7FFA  
                           ??_APP_LEDUpdateUSBStatus 0033                              ?_USBCtrlTrfSetupHandler 0030  
                            USBStdGetStatusHandler@p 0030                                             __Hrparam 0000  
                                          memcpy@tmp 003A                                             __Lrparam 0000  
                             USBTransferOnePacket@ep 0097                                             _SetupPkt 0420  
                              ?_USBConfigureEndpoint 0030                                    ??_USBDeviceAttach 008F  
                                  ?_BUTTON_IsPressed 0030                            __end_of_SYS_InterruptHigh 1F24  
                                 ??_BUTTON_IsPressed 008F                          ??_USBHIDCBSetReportComplete 0033  
                                      ?_ENCODER_Task 0030                                             __ptext10 23AC  
                                           __ptext11 1DDA                                             __ptext20 217C  
                                           __ptext12 25A4                                             __ptext21 2520  
                                           __ptext13 1F8A                                             __ptext30 168C  
                                           __ptext22 1ADC                                             __ptext14 1FF0  
                                           __ptext31 0B64                                             __ptext23 2230  
                                           __ptext40 1598                                             __ptext32 0390  
                                           __ptext24 1CE4                                             __ptext16 0696  
                                           __ptext41 1D62                                             __ptext33 193A  
                                           __ptext25 0CAA                                             __ptext17 1276  
                                           __ptext50 263A                                             __ptext42 103A  
                                           __ptext34 2280                                             __ptext26 1B94  
                                           __ptext18 24AE                                             __ptext51 25C6  
                                           __ptext43 22D0                                             __ptext35 2056  
                                           __ptext27 1496                                             __ptext19 2554  
                                           __ptext52 20B8                                             __ptext44 1C3C  
                                           __ptext36 2366                                             __ptext28 1866  
                                           __ptext53 211A                                             __ptext45 2432  
                                           __ptext37 0A1A                                             __ptext29 24E8  
                                           __ptext54 1386                                             __ptext46 1E4A  
                                           __ptext38 25E8                                             __ptext47 08AA  
                                           __ptext39 2604                                             __ptext48 177A  
                                           __ptext49 0DDE                                             _consumer 0069  
                          _consumerWaitingForRelease 008B                                             _keyboard 006F  
                     __end_of_USBCtrlTrfSetupHandler 1D62                                    ?_USBCtrlEPService 0030  
                                 ??_USBCtrlEPService 004E                                  _USBCtrlTrfInHandler 0DDE  
                                        _inputReport 0500                                             isa$xinst 0000  
                                BUTTON_Enable@button 0091                                             _outPipes 0001  
                               _USBCtrlTrfOutHandler 1E4A                                             int$flags 005C  
                          _USBCtrlEPAllowStatusStage 177A                                           _LED_Enable 1F24  
                             ??_USBTransferOnePacket 0093                           __end_of_ENCODER_Initialize 2474  
                          _USBDeferStatusStagePacket 0024                                           _INTCONbits 0FF2  
                                     ??_ENCODER_Task 008F                                 ?_USBCtrlTrfInHandler 0030  
                                           memcpy@d1 0030                                             memcpy@s1 0032  
                      USBCtrlTrfTxService@byteToSend 0030                         ??_USBHIDCBSetIdleRateHandler 0031  
                                   ?_USBStallHandler 0030                                        _encoder_count 0089  
                           USBStdFeatureReqHandler@p 004B                                        _encoder_table 7EEF  
                                           intlevel2 0000              __end_of_USER_USB_CALLBACK_EVENT_HANDLER 1A0E  
                  ??_USER_USB_CALLBACK_EVENT_HANDLER 0044                     ?_USER_USB_CALLBACK_EVENT_HANDLER 003E  
                    _USER_USB_CALLBACK_EVENT_HANDLER 193A                         i2USBTransferOnePacket@handle 0039  
                          _USBHIDCBSetReportComplete 263A                           i2USBTransferOnePacket@data 0031  
                             ??_USBConfigureEndpoint 0031                                ?_USBCtrlTrfOutHandler 0030  
                                _USBCtrlTrfRxService 08AA                                   _USBWakeFromSuspend 24AE  
                            _USBStdFeatureReqHandler 0390                                  i2_SYSTEM_Initialize 2280  
                                _USBCtrlTrfTxService 1386                                  ?_USBWakeFromSuspend 0030  
                              ??_USBCtrlTrfInHandler 0033                                _USBAlternateInterface 002E  
                          i2USBTransferOnePacket@dir 0030                            i2USBTransferOnePacket@len 0033  
              USBHIDCBSetIdleRateHandler@newIdleRate 0030                                  USBEnableEndpoint@ep 003D  
                                    _endpoint_number 0027                                 ?_USBCtrlTrfRxService 0030  
                               ?i2_SYSTEM_Initialize 0030                             ?_USBCtrlEPAllowDataStage 0030  
                               ?_USBCtrlTrfTxService 0030                                           _SOFCounter 0085  
                       _USBStatusStageTimeoutCounter 0025                                 ??_USBWakeFromSuspend 0046  
                         USBTransferOnePacket@handle 0098           APP_KeyboardTasks@needToSendNewReportPacket 009D  
                                         _USB_CD_Ptr 7F05  
